filename,prediction,probability
0000 (10).jpg,0,0.007922833794852278
0000 (2).jpg,0,0.00859098130739197
0000 (3).jpg,0,0.007492771468543883
0000 (4).jpg,0,0.006561969915935397
0000 (5).jpg,0,0.007919307151085065
0000 (6).jpg,0,0.006225744539789155
0000 (7).jpg,0,0.006251264499415673
0000 (8).jpg,1,0.5046640163610103
0000 (9).jpg,0,0.008851396939476223
0000.jpg,0,0.008124437846381564
0001 (10).jpg,0,0.009466230009584761
0001 (2).jpg,0,0.006174776083525049
0001 (3).jpg,1,0.943752788838974
0001 (4).jpg,0,0.006148804723421524
0001 (5).jpg,0,0.006403369661344272
0001 (6).jpg,0,0.010229337162167028
0001 (7).jpg,0,0.006969694717252946
0001 (8).jpg,0,0.006622904833937007
0001 (9).jpg,0,0.006710203328950674
0001.jpg,0,0.00669041201050565
0002 (10).jpg,0,0.21973184583457392
0002 (2).jpg,0,0.00981689906607032
0002 (3).jpg,0,0.007008989289168951
0002 (4).jpg,0,0.006762573833187642
0002 (5).jpg,0,0.007551204025158024
0002 (6).jpg,0,0.006317068383987196
0002 (7).jpg,0,0.0069629147768632904
0002 (8).jpg,0,0.00661515342508912
0002 (9).jpg,0,0.006855054424041426
0002.jpg,0,0.007465873956833991
0003 (10).jpg,0,0.007304933739900141
0003 (2).jpg,0,0.006357860428924884
0003 (3).jpg,0,0.03538356746110767
0003 (4).jpg,0,0.007073670221369755
0003 (5).jpg,0,0.007013266844051902
0003 (6).jpg,0,0.006385862424499766
0003 (7).jpg,0,0.007131413355314252
0003 (8).jpg,0,0.006463603957719153
0003 (9).jpg,0,0.008168600692430826
0003.jpg,0,0.006215758496499025
0004 (10).jpg,0,0.007203014978022845
0004 (2).jpg,0,0.0081174468320754
0004 (3).jpg,0,0.00687275988090689
0004 (4).jpg,0,0.006250174113112948
0004 (5).jpg,0,0.007357767461538331
0004 (6).jpg,0,0.006272730294245883
0004 (7).jpg,0,0.008940203340993352
0004 (8).jpg,0,0.1087640012661975
0004 (9).jpg,0,0.006719824296864158
0004.jpg,0,0.09917139894063308
0005 (10).jpg,0,0.009165763206492754
0005 (2).jpg,0,0.006933179851230705
0005 (3).jpg,1,0.5123157508463354
0005 (4).jpg,0,0.008192762842406609
0005 (5).jpg,0,0.006346047421126265
0005 (6).jpg,0,0.006192975126553289
0005 (7).jpg,0,0.006356899376568315
0005 (8).jpg,0,0.007039743394030051
0005 (9).jpg,0,0.013962385324905005
0005.jpg,0,0.007064028769826908
0006 (10).jpg,0,0.006639449554838073
0006 (2).jpg,0,0.016334116524586054
0006 (3).jpg,0,0.006260939127731984
0006 (4).jpg,0,0.006529026198740351
0006 (5).jpg,0,0.007570804108749867
0006 (6).jpg,0,0.0065869435720893954
0006 (7).jpg,0,0.011520759437975859
0006 (8).jpg,0,0.007021757921480821
0006 (9).jpg,0,0.012106048862983929
0006.jpg,0,0.0162571281073475
0007 (10).jpg,0,0.007097114777375352
0007 (2).jpg,0,0.0068722131592444105
0007 (3).jpg,0,0.007373002930151853
0007 (4).jpg,0,0.006215920624131854
0007 (5).jpg,0,0.00632428491901433
0007 (6).jpg,0,0.006333972679139615
0007 (7).jpg,0,0.006472749405154651
0007 (8).jpg,0,0.007693271772319731
0007 (9).jpg,0,0.01361911222464203
0007.jpg,1,0.9681880233084337
0008 (10).jpg,0,0.006897259283800868
0008 (2).jpg,0,0.0078074918174612686
0008 (3).jpg,0,0.05457103755670935
0008 (4).jpg,0,0.006181431604086116
0008 (5).jpg,0,0.012870159422565329
0008 (6).jpg,0,0.006185473594627882
0008 (7).jpg,0,0.007356802799319674
0008 (8).jpg,0,0.007298839197507616
0008 (9).jpg,0,0.00854466369737595
0008.jpg,0,0.010534785349875227
0009 (10).jpg,0,0.010247183366844112
0009 (2).jpg,0,0.0064026541386866965
0009 (3).jpg,0,0.009108170732107174
0009 (4).jpg,0,0.00816384935465663
0009 (5).jpg,0,0.00732233167614454
0009 (6).jpg,0,0.009430382187890708
0009 (7).jpg,0,0.006510327975984113
0009 (8).jpg,0,0.006887272482718371
0009 (9).jpg,0,0.006490996032818712
0009.jpg,0,0.007034998074966506
0010 (10).jpg,0,0.011562298115728701
0010 (2).jpg,0,0.006414085596699336
0010 (3).jpg,0,0.008036877292350862
0010 (4).jpg,0,0.010766970677755049
0010 (5).jpg,0,0.006743515000543294
0010 (6).jpg,0,0.006757532063398677
0010 (7).jpg,0,0.006576249538569261
0010 (8).jpg,0,0.006379799980470668
0010 (9).jpg,0,0.00699912621537494
0010.jpg,0,0.2704030685628754
0011 (10).jpg,0,0.012077479885793586
0011 (2).jpg,0,0.00691497974607055
0011 (3).jpg,0,0.010932964881260502
0011 (4).jpg,0,0.007654167806253522
0011 (5).jpg,0,0.008143429218372009
0011 (6).jpg,0,0.00711001314314713
0011 (7).jpg,0,0.006220526208259813
0011 (8).jpg,0,0.04989918394550792
0011 (9).jpg,0,0.006552136271339821
0011.jpg,0,0.007221464196748507
0012 (10).jpg,0,0.006597486950185145
0012 (2).jpg,0,0.007905534743727693
0012 (3).jpg,0,0.006692545200936339
0012 (4).jpg,0,0.006455814477864347
0012 (5).jpg,0,0.007805330684778971
0012 (6).jpg,0,0.006245225785148079
0012 (7).jpg,0,0.007455514741031416
0012 (8).jpg,0,0.06693366215996212
0012 (9).jpg,0,0.006481320764635722
0012.jpg,0,0.0549043551456956
0013 (10).jpg,0,0.08510275871216182
0013 (2).jpg,0,0.011860449637801878
0013 (3).jpg,0,0.008325036379037634
0013 (4).jpg,0,0.008276704342546645
0013 (5).jpg,0,0.008320883634078222
0013 (6).jpg,0,0.006358221134333567
0013 (7).jpg,0,0.006358906161657803
0013 (8).jpg,0,0.008404230501955276
0013 (9).jpg,0,0.01993590453758827
0013.jpg,1,0.4963676796022841
0014 (10).jpg,0,0.006998342344436531
0014 (2).jpg,0,0.009034298613947604
0014 (3).jpg,0,0.006776615625046307
0014 (4).jpg,0,0.006368997739592374
0014 (5).jpg,0,0.006357341345361534
0014 (6).jpg,0,0.006358092999858249
0014 (7).jpg,0,0.008814716467504462
0014 (8).jpg,0,0.0062991745062469405
0014 (9).jpg,0,0.010856786902455564
0014.jpg,0,0.008646050198623573
0015 (10).jpg,0,0.013804113962094782
0015 (2).jpg,0,0.00638105356914975
0015 (3).jpg,0,0.011243990433313021
0015 (4).jpg,0,0.006313336602520844
0015 (5).jpg,0,0.0942596896528747
0015 (6).jpg,0,0.006461964856574307
0015 (7).jpg,0,0.00981105292398113
0015 (8).jpg,0,0.006628493795148986
0015 (9).jpg,0,0.006487425428953243
0015.jpg,0,0.007028644994583971
0016 (10).jpg,0,0.008330968686304657
0016 (2).jpg,0,0.007170123415072499
0016 (3).jpg,0,0.006499307578233027
0016 (4).jpg,0,0.006425474457202422
0016 (5).jpg,0,0.0062416501720907866
0016 (6).jpg,0,0.006361879744519619
0016 (7).jpg,0,0.007373754590978622
0016 (8).jpg,0,0.007373627206954526
0016 (9).jpg,0,0.020288141969999694
0016.jpg,0,0.006824284209257154
0017 (10).jpg,0,0.029596864579067766
0017 (2).jpg,0,0.0099060618514224
0017 (3).jpg,0,0.016778160803931675
0017 (4).jpg,0,0.006388893994894291
0017 (5).jpg,0,0.0071535582806902046
0017 (6).jpg,0,0.007886657507606554
0017 (7).jpg,0,0.006341838157150682
0017 (8).jpg,0,0.014549996656821855
0017 (9).jpg,0,0.0065561384603493155
0017.jpg,0,0.006827157864573373
0018 (10).jpg,0,0.0064032704219812555
0018 (2).jpg,0,0.006198424825882745
0018 (3).jpg,0,0.017714386146444733
0018 (4).jpg,0,0.006200107157837848
0018 (5).jpg,0,0.0071501137438667855
0018 (6).jpg,0,0.0061410043040209415
0018 (7).jpg,0,0.009376176851059013
0018 (8).jpg,0,0.008775139068474888
0018 (9).jpg,0,0.010356969058153608
0018.jpg,0,0.012741687628282244
0019 (10).jpg,1,0.6026723838205573
0019 (2).jpg,0,0.007654310186830496
0019 (3).jpg,0,0.007171089584466183
0019 (4).jpg,0,0.00637598870541993
0019 (5).jpg,0,0.006324046744720228
0019 (6).jpg,0,0.0064103121506431625
0019 (7).jpg,0,0.00623635256683248
0019 (8).jpg,0,0.00718083688549024
0019 (9).jpg,0,0.156563901402812
0019.jpg,0,0.01664877290417108
0020 (10).jpg,0,0.0067639506013138055
0020 (2).jpg,0,0.007012233512019111
0020 (3).jpg,0,0.024112476525697795
0020 (4).jpg,0,0.006559552975814382
0020 (5).jpg,0,0.007544821822875281
0020 (6).jpg,0,0.006498013932127055
0020 (7).jpg,0,0.0067614218338846975
0020 (8).jpg,0,0.0062130080560412046
0020 (9).jpg,0,0.007798006190907915
0020.jpg,0,0.007106386019334739
0021 (10).jpg,0,0.00645844748033535
0021 (2).jpg,0,0.006196651291885255
0021 (3).jpg,0,0.008029032410632967
0021 (4).jpg,0,0.007140146302013304
0021 (5).jpg,0,0.006439511727517527
0021 (6).jpg,0,0.006680714980663884
0021 (7).jpg,0,0.006284689803115298
0021 (8).jpg,0,0.009536011258435511
0021 (9).jpg,0,0.007865884987862996
0021.jpg,0,0.006157598119433594
0022 (10).jpg,0,0.006493334848573483
0022 (2).jpg,0,0.01375032284530895
0022 (3).jpg,0,0.006916719033456179
0022 (4).jpg,0,0.0066728028438754515
0022 (5).jpg,0,0.015086234371847996
0022 (6).jpg,0,0.014105475822427353
0022 (7).jpg,0,0.0062445724397297625
0022 (8).jpg,0,0.006342517275430703
0022 (9).jpg,0,0.06486266926841558
0022.jpg,0,0.029579242328222986
0023 (10).jpg,0,0.006663380205870238
0023 (2).jpg,0,0.008123184474836866
0023 (3).jpg,0,0.014936942147145343
0023 (4).jpg,0,0.006558681153907058
0023 (5).jpg,0,0.006201819468383718
0023 (6).jpg,0,0.006208864745567516
0023 (7).jpg,0,0.00836054225901422
0023 (8).jpg,0,0.006285039324587292
0023 (9).jpg,0,0.009520439082903464
0023.jpg,0,0.006924434296280474
0024 (10).jpg,0,0.009765239541881065
0024 (2).jpg,0,0.00787821948958753
0024 (3).jpg,0,0.006584325204716306
0024 (4).jpg,0,0.006293304035562312
0024 (5).jpg,0,0.006591467626664401
0024 (6).jpg,0,0.006302842691540976
0024 (7).jpg,0,0.00666697669751657
0024 (8).jpg,0,0.006592542673242541
0024 (9).jpg,0,0.006210648706288002
0024.jpg,0,0.008784168925573465
0025 (10).jpg,0,0.018791192973704036
0025 (2).jpg,0,0.00744902419232457
0025 (3).jpg,0,0.00630296593896136
0025 (4).jpg,0,0.007804983369734914
0025 (5).jpg,0,0.006751657009510703
0025 (6).jpg,0,0.006151795013865419
0025 (7).jpg,0,0.00643001135229012
0025 (8).jpg,0,0.006435826753525191
0025 (9).jpg,0,0.007686917341810341
0025.jpg,0,0.006264033165032459
0026 (10).jpg,0,0.006385159106175624
0026 (2).jpg,0,0.006185715962996733
0026 (3).jpg,0,0.028849493493345788
0026 (4).jpg,0,0.00793058510157084
0026 (5).jpg,0,0.006256549558818434
0026 (6).jpg,0,0.006734169870637232
0026 (7).jpg,0,0.006389193666027232
0026 (8).jpg,1,0.7575468859196984
0026 (9).jpg,0,0.009252829875556815
0026.jpg,0,0.008413564235259057
0027 (10).jpg,0,0.006762939855031411
0027 (2).jpg,0,0.0070926916991874605
0027 (3).jpg,0,0.007181070378387784
0027 (4).jpg,0,0.008915932054334845
0027 (5).jpg,0,0.006323625162014252
0027 (6).jpg,0,0.006471704787816738
0027 (7).jpg,0,0.08086680901479165
0027 (8).jpg,0,0.0063216661476330266
0027 (9).jpg,0,0.006584055293751121
0027.jpg,0,0.006642955174514809
0028 (10).jpg,0,0.007434482189546391
0028 (2).jpg,0,0.006571125960340872
0028 (3).jpg,0,0.00653511877859227
0028 (4).jpg,0,0.00772548914289152
0028 (5).jpg,0,0.008250128434092034
0028 (6).jpg,0,0.006204247631196308
0028 (7).jpg,0,0.00638280407297491
0028 (8).jpg,0,0.006487276215421271
0028 (9).jpg,0,0.09233424218628258
0028.jpg,0,0.009019962856387577
0029 (10).jpg,1,0.9782072755834168
0029 (2).jpg,0,0.009599552640912567
0029 (3).jpg,0,0.3757804559818412
0029 (4).jpg,0,0.006178414340053808
0029 (5).jpg,0,0.006455053126545119
0029 (6).jpg,0,0.0061557299829322005
0029 (7).jpg,0,0.007467720605459923
0029 (8).jpg,0,0.006740817108138186
0029 (9).jpg,0,0.00646595268931527
0029.jpg,0,0.006314216444399198
0030 (10).jpg,0,0.00861507532180725
0030 (2).jpg,0,0.019888309711174713
0030 (3).jpg,0,0.008686866138486724
0030 (4).jpg,0,0.006174520847526201
0030 (5).jpg,0,0.006634648948502114
0030 (6).jpg,0,0.006617426159895762
0030 (7).jpg,0,0.006276264732125362
0030 (8).jpg,0,0.00783258382660672
0030 (9).jpg,0,0.006757290159947849
0030.jpg,0,0.19506671919968344
0031 (10).jpg,1,0.5338652990327264
0031 (2).jpg,0,0.007096905342803884
0031 (3).jpg,0,0.014357382090203426
0031 (4).jpg,0,0.02030856300710977
0031 (5).jpg,0,0.006877112709189805
0031 (6).jpg,0,0.006375443257626473
0031 (7).jpg,0,0.007057398506457553
0031 (8).jpg,0,0.012640706352802903
0031 (9).jpg,0,0.030222660718837148
0031.jpg,0,0.007211912905514652
0032 (10).jpg,0,0.009569296850414848
0032 (2).jpg,0,0.008131819226281154
0032 (3).jpg,0,0.007641847286414437
0032 (4).jpg,0,0.006621845583243327
0032 (5).jpg,0,0.007213885493395281
0032 (6).jpg,0,0.006555586641663998
0032 (7).jpg,0,0.009020054350839003
0032 (8).jpg,0,0.008539675282592335
0032 (9).jpg,0,0.008426026227192473
0032.jpg,0,0.00800537777077879
0033 (10).jpg,0,0.007389526287739097
0033 (2).jpg,0,0.006592754465112282
0033 (3).jpg,0,0.006503778912070666
0033 (4).jpg,0,0.006839318400146826
0033 (5).jpg,0,0.0063964959002266895
0033 (6).jpg,0,0.008716225874067311
0033 (7).jpg,0,0.007983978909065683
0033 (8).jpg,0,0.007097237399556616
0033 (9).jpg,0,0.006699546158111409
0033.jpg,0,0.007266412337052931
0034 (10).jpg,0,0.007044377735818387
0034 (2).jpg,0,0.007510580654290489
0034 (3).jpg,0,0.006365168610353008
0034 (4).jpg,0,0.006559632547370029
0034 (5).jpg,0,0.008239301793731734
0034 (6).jpg,0,0.006500259562326669
0034 (7).jpg,0,0.006813187334800085
0034 (8).jpg,0,0.006552009771989735
0034 (9).jpg,0,0.007510295155032341
0034.jpg,0,0.010026772219011822
0035 (10).jpg,0,0.006507135720203881
0035 (2).jpg,0,0.007889027638157442
0035 (3).jpg,0,0.04439814586474181
0035 (4).jpg,0,0.0061825554488838886
0035 (5).jpg,0,0.0064754574832750445
0035 (6).jpg,0,0.006532911471377167
0035 (7).jpg,0,0.006240456388043564
0035 (8).jpg,0,0.006200818820200057
0035 (9).jpg,0,0.0077177666001490754
0035.jpg,0,0.007924201639808528
0036 (10).jpg,0,0.006584271687460669
0036 (2).jpg,0,0.00752848970712128
0036 (3).jpg,0,0.009156766972869042
0036 (4).jpg,0,0.006528645386059009
0036 (5).jpg,0,0.007115955022362834
0036 (6).jpg,0,0.006276370770608892
0036 (7).jpg,0,0.006922731772123443
0036 (8).jpg,0,0.006195863949428799
0036 (9).jpg,0,0.1660160002856206
0036.jpg,0,0.007769736962367197
0037 (10).jpg,1,0.9141668809526892
0037 (2).jpg,0,0.00902524699543521
0037 (3).jpg,0,0.012611033410329061
0037 (4).jpg,0,0.0073219162581404686
0037 (5).jpg,0,0.006392695490318026
0037 (6).jpg,0,0.006201677260466406
0037 (7).jpg,0,0.011670709261141443
0037 (8).jpg,0,0.006931554191439656
0037 (9).jpg,0,0.006956391994855385
0037.jpg,0,0.006570840903968866
0038 (10).jpg,0,0.008375684707678226
0038 (2).jpg,0,0.013225139555463665
0038 (3).jpg,0,0.0061658352127533745
0038 (4).jpg,0,0.01627520381793035
0038 (5).jpg,0,0.006896067431932115
0038 (6).jpg,0,0.006277891589769707
0038 (7).jpg,0,0.009216413926925206
0038 (8).jpg,0,0.11695911766078818
0038 (9).jpg,0,0.008508713000304927
0038.jpg,0,0.007002290317412439
0039 (10).jpg,1,0.6593597430441145
0039 (2).jpg,0,0.00788980136994542
0039 (3).jpg,0,0.03803887227857599
0039 (4).jpg,0,0.006311095636596235
0039 (5).jpg,0,0.01364714800274566
0039 (6).jpg,0,0.006198023731312099
0039 (7).jpg,0,0.006344475376476601
0039 (8).jpg,0,0.006396539324040004
0039 (9).jpg,0,0.05910481902197511
0039.jpg,0,0.007005377341455419
0040 (10).jpg,0,0.09714005861705892
0040 (2).jpg,0,0.008632832013295672
0040 (3).jpg,0,0.009073005510177428
0040 (4).jpg,0,0.006364404238517385
0040 (5).jpg,0,0.006273595925222419
0040 (6).jpg,0,0.006211382095866047
0040 (7).jpg,0,0.0062298245515460685
0040 (8).jpg,0,0.007834453410031876
0040 (9).jpg,0,0.007275078541931044
0040.jpg,0,0.28676135743527054
0041 (10).jpg,0,0.006767130930185071
0041 (2).jpg,0,0.0066219009470079365
0041 (3).jpg,0,0.006619890707815238
0041 (4).jpg,0,0.006405855321451072
0041 (5).jpg,0,0.007335250474649961
0041 (6).jpg,0,0.006658293553283738
0041 (7).jpg,0,0.006510880669591538
0041 (8).jpg,0,0.007653427508604633
0041 (9).jpg,0,0.010568795353035077
0041.jpg,0,0.006654952223066749
0042 (10).jpg,0,0.006166129384351083
0042 (2).jpg,1,0.9632328240597059
0042 (3).jpg,0,0.010690397179417912
0042 (4).jpg,0,0.007356788410490898
0042 (5).jpg,0,0.006622009637494105
0042 (6).jpg,0,0.011496523450336242
0042 (7).jpg,0,0.007462711747817176
0042 (8).jpg,0,0.007323685927259162
0042 (9).jpg,0,0.0764255266770024
0042.jpg,0,0.006866788211554109
0043 (10).jpg,0,0.01091523437063686
0043 (2).jpg,0,0.00753771608624207
0043 (3).jpg,0,0.00854015675491385
0043 (4).jpg,0,0.006355063132411396
0043 (5).jpg,0,0.006581989087885418
0043 (6).jpg,0,0.008640682609925253
0043 (7).jpg,0,0.0080419249098113
0043 (8).jpg,0,0.006289738255816805
0043 (9).jpg,0,0.006477313590597117
0043.jpg,0,0.0065041875833952096
0044 (10).jpg,0,0.006442717688857766
0044 (2).jpg,0,0.006383007413772817
0044 (3).jpg,0,0.006181223390921839
0044 (4).jpg,0,0.006214124172139342
0044 (5).jpg,0,0.013453451552377517
0044 (6).jpg,0,0.01138636459870936
0044 (7).jpg,0,0.00683107612095749
0044 (8).jpg,0,0.0351011463500854
0044 (9).jpg,0,0.007686144616479958
0044.jpg,0,0.012116908421244407
0045 (10).jpg,0,0.0063382050117494395
0045 (2).jpg,0,0.0065476005195745125
0045 (3).jpg,0,0.006501614123957171
0045 (4).jpg,0,0.006438230813602212
0045 (5).jpg,0,0.007199264711975948
0045 (6).jpg,0,0.006220888281394244
0045 (7).jpg,0,0.009638830589096497
0045 (8).jpg,0,0.007256849162088548
0045 (9).jpg,0,0.027171046601921343
0045.jpg,1,0.46526202400998107
0046 (10).jpg,0,0.011252591668711832
0046 (2).jpg,0,0.007549580544750454
0046 (3).jpg,0,0.006313851606239312
0046 (4).jpg,0,0.006668091877449669
0046 (5).jpg,0,0.008454923359346502
0046 (6).jpg,0,0.006833121970773051
0046 (7).jpg,0,0.013042585976657858
0046 (8).jpg,0,0.006418908099042944
0046 (9).jpg,0,0.00777017473590115
0046.jpg,0,0.006263386666091249
0047 (10).jpg,0,0.006394670037015865
0047 (2).jpg,0,0.0061799087335094585
0047 (3).jpg,0,0.11510204151797254
0047 (4).jpg,0,0.0067027533996263005
0047 (5).jpg,0,0.0068963281283392725
0047 (6).jpg,0,0.006248849133602822
0047 (7).jpg,0,0.006296764597289837
0047 (8).jpg,0,0.008180307561080895
0047 (9).jpg,0,0.024124903266607184
0047.jpg,1,0.9473911440444324
0048 (10).jpg,0,0.00636810379779027
0048 (2).jpg,0,0.006356660163665471
0048 (3).jpg,0,0.022217430944255916
0048 (4).jpg,0,0.0077974667398492915
0048 (5).jpg,0,0.0067413559227269566
0048 (6).jpg,0,0.0062088036659641395
0048 (7).jpg,0,0.009883812254388452
0048 (8).jpg,0,0.007839401441620816
0048 (9).jpg,0,0.007589508536482478
0048.jpg,0,0.008211056995013311
0049 (10).jpg,0,0.0064388925364570575
0049 (2).jpg,0,0.01940157713670273
0049 (3).jpg,1,0.44976963992098806
0049 (4).jpg,0,0.006284794326214058
0049 (5).jpg,0,0.006352127288535534
0049 (6).jpg,0,0.0062131305576328625
0049 (7).jpg,0,0.007203936524052518
0049 (8).jpg,0,0.007375408651460207
0049 (9).jpg,0,0.006719143587607273
0049.jpg,0,0.006595896121728879
0050 (10).jpg,0,0.008194040259611146
0050 (2).jpg,0,0.006485470112188144
0050 (3).jpg,0,0.017968688687904064
0050 (4).jpg,0,0.017625871136786975
0050 (5).jpg,0,0.01317663197114297
0050 (6).jpg,0,0.0063866551331316825
0050 (7).jpg,0,0.0076773235207643975
0050 (8).jpg,0,0.011629827112265293
0050 (9).jpg,0,0.007986955573086273
0050.jpg,0,0.00884271927165179
0051 (10).jpg,0,0.01186173876038461
0051 (2).jpg,0,0.00645130624039924
0051 (3).jpg,0,0.02457806866147106
0051 (4).jpg,0,0.007605639405360348
0051 (5).jpg,0,0.006628570969700339
0051 (6).jpg,0,0.006405136639945379
0051 (7).jpg,0,0.006216513505974287
0051 (8).jpg,0,0.006996929138585871
0051 (9).jpg,0,0.006482058279112288
0051.jpg,0,0.019698395371162355
0052 (10).jpg,0,0.009512047397249163
0052 (2).jpg,0,0.006818945620734178
0052 (3).jpg,0,0.008171628225065702
0052 (4).jpg,0,0.006501726136739383
0052 (5).jpg,0,0.006533848891260119
0052 (6).jpg,0,0.006474662347723581
0052 (7).jpg,0,0.007015426227700427
0052 (8).jpg,0,0.02245659011176763
0052 (9).jpg,1,0.812208815736524
0052.jpg,0,0.0065349264535058925
0053 (10).jpg,0,0.00841017512254521
0053 (2).jpg,0,0.00817273525654742
0053 (3).jpg,0,0.3053107288521845
0053 (4).jpg,0,0.007609312128261969
0053 (5).jpg,0,0.007108417914564022
0053 (6).jpg,0,0.0061819772795136535
0053 (7).jpg,0,0.006507137024403411
0053 (8).jpg,0,0.006352198987871887
0053 (9).jpg,0,0.006339022589096676
0053.jpg,0,0.01289490254608931
0054 (10).jpg,0,0.00625464070146522
0054 (2).jpg,0,0.006917628496186136
0054 (3).jpg,0,0.006647638149318088
0054 (4).jpg,0,0.009141291410275967
0054 (5).jpg,0,0.006568670595190212
0054 (6).jpg,0,0.00617784464339029
0054 (7).jpg,0,0.006420146916677325
0054 (8).jpg,0,0.0062261443858537165
0054 (9).jpg,0,0.03382113663929568
0054.jpg,0,0.05335064396448022
0055 (10).jpg,0,0.12932654061954635
0055 (2).jpg,0,0.0062877754024601145
0055 (3).jpg,0,0.006723265969333809
0055 (4).jpg,0,0.006197241149472737
0055 (5).jpg,0,0.007375878836767856
0055 (6).jpg,1,0.8223820557234748
0055 (7).jpg,0,0.006381523060544382
0055 (8).jpg,0,0.009516935984287338
0055 (9).jpg,0,0.007347259677881163
0055.jpg,0,0.006660734551961728
0056 (10).jpg,0,0.007271463373882239
0056 (2).jpg,0,0.008070691178844345
0056 (3).jpg,0,0.012926526596931219
0056 (4).jpg,0,0.020184109607902886
0056 (5).jpg,0,0.006354386288468102
0056 (6).jpg,0,0.006522534134112678
0056 (7).jpg,0,0.00951563339385022
0056 (8).jpg,0,0.0070159228115630684
0056 (9).jpg,0,0.006892218407007512
0056.jpg,0,0.007077481443786961
0057 (10).jpg,0,0.023520526439089407
0057 (2).jpg,0,0.012572656284115044
0057 (3).jpg,0,0.006613857445577387
0057 (4).jpg,0,0.007385389555955806
0057 (5).jpg,0,0.006176587034934534
0057 (6).jpg,0,0.006238449919758311
0057 (7).jpg,0,0.006453211297527151
0057 (8).jpg,0,0.03885529497531357
0057 (9).jpg,0,0.03468990613225552
0057.jpg,0,0.006296259153141409
0058 (10).jpg,0,0.006329929918297227
0058 (2).jpg,0,0.006864801776105168
0058 (3).jpg,0,0.011136150987272334
0058 (4).jpg,0,0.00621677460424766
0058 (5).jpg,0,0.0073345461777831545
0058 (6).jpg,0,0.010047013514825549
0058 (7).jpg,0,0.007498339086650544
0058 (8).jpg,0,0.08019494224781168
0058 (9).jpg,0,0.008535890274284134
0058.jpg,0,0.006895928355272621
0059 (10).jpg,0,0.006166627999919311
0059 (2).jpg,0,0.008136868231132613
0059 (3).jpg,0,0.006940182982808745
0059 (4).jpg,0,0.018935799759608827
0059 (5).jpg,0,0.009185004530277456
0059 (6).jpg,0,0.00636120004434259
0059 (7).jpg,0,0.006834630246455017
0059 (8).jpg,0,0.0634620880527666
0059 (9).jpg,0,0.006424375211442495
0059.jpg,0,0.00851104763216064
0060 (10).jpg,0,0.007914912796228543
0060 (2).jpg,0,0.006421486650337083
0060 (3).jpg,0,0.007025249073011861
0060 (4).jpg,0,0.008714714453159918
0060 (5).jpg,0,0.006628750890613198
0060 (6).jpg,0,0.0063561354865922515
0060 (7).jpg,0,0.006860429026023787
0060 (8).jpg,0,0.006708695221218033
0060 (9).jpg,0,0.0068087916188972145
0060.jpg,1,0.9252347616539538
0061 (10).jpg,0,0.006779005463338807
0061 (2).jpg,0,0.011159667937282602
0061 (3).jpg,1,0.936179351582833
0061 (4).jpg,0,0.009894122061192029
0061 (5).jpg,0,0.009126827409919666
0061 (6).jpg,0,0.006327840194495496
0061 (7).jpg,0,0.0062505434337570215
0061 (8).jpg,0,0.017740639883330443
0061 (9).jpg,0,0.007957960100356534
0061.jpg,0,0.007081524761418987
0062 (10).jpg,0,0.006391113535502424
0062 (2).jpg,0,0.010546950795941815
0062 (3).jpg,0,0.010874672913830243
0062 (4).jpg,0,0.007947949798431596
0062 (5).jpg,0,0.00649042225757939
0062 (6).jpg,0,0.0063209008674917746
0062 (7).jpg,0,0.013190237212802118
0062 (8).jpg,0,0.006571362372587058
0062 (9).jpg,0,0.009299384131536675
0062.jpg,0,0.1395704785825244
0063 (10).jpg,0,0.006552154131447024
0063 (2).jpg,0,0.013852192538836275
0063 (3).jpg,0,0.06971155320346235
0063 (4).jpg,0,0.006454176604709969
0063 (5).jpg,0,0.006591736967431691
0063 (6).jpg,0,0.0067474626553853355
0063 (7).jpg,0,0.00782672243243737
0063 (8).jpg,0,0.006248966729487797
0063 (9).jpg,0,0.008479035626118327
0063.jpg,0,0.3775816448737988
0064 (10).jpg,0,0.06690157856867822
0064 (2).jpg,0,0.0066179319487399005
0064 (3).jpg,0,0.0073513969804754635
0064 (4).jpg,0,0.010564114812363076
0064 (5).jpg,0,0.007778127214365334
0064 (6).jpg,0,0.00666535701582527
0064 (7).jpg,0,0.00648477889145522
0064 (8).jpg,0,0.00752294336437461
0064 (9).jpg,0,0.009679970986269045
0064.jpg,0,0.006557207329642995
0065 (10).jpg,0,0.006320433692105984
0065 (2).jpg,1,0.9811784703990496
0065 (3).jpg,0,0.009214160887329707
0065 (4).jpg,0,0.017216801020417713
0065 (5).jpg,0,0.007754774625247
0065 (6).jpg,0,0.006870854538546794
0065 (7).jpg,0,0.00677418964942617
0065 (8).jpg,0,0.007893219874134931
0065 (9).jpg,0,0.006705953098924538
0065.jpg,0,0.009490940024229564
0066 (10).jpg,0,0.007574715321368427
0066 (2).jpg,0,0.09498967962560899
0066 (3).jpg,0,0.009607686086810263
0066 (4).jpg,0,0.0064229163889019366
0066 (5).jpg,0,0.006380442476292482
0066 (6).jpg,0,0.006202334392498655
0066 (7).jpg,0,0.006614945298198302
0066 (8).jpg,0,0.00653840014259056
0066 (9).jpg,0,0.007849639308347818
0066.jpg,0,0.009603762335842553
0067 (10).jpg,0,0.010004582081311254
0067 (2).jpg,1,0.9911729974811447
0067 (3).jpg,0,0.016614181504042355
0067 (4).jpg,0,0.009448478013244908
0067 (5).jpg,0,0.007281658063770059
0067 (6).jpg,0,0.008778703891613249
0067 (7).jpg,0,0.006258520686623527
0067 (8).jpg,0,0.0070444763217272785
0067 (9).jpg,0,0.007344554764265943
0067.jpg,0,0.006956349170635687
0068 (10).jpg,0,0.3886774376405992
0068 (2).jpg,0,0.006570636045961868
0068 (3).jpg,1,0.6731480106050158
0068 (4).jpg,0,0.006911861693105606
0068 (5).jpg,0,0.00666398482456547
0068 (6).jpg,0,0.006817372407456432
0068 (7).jpg,0,0.006585997180014174
0068 (8).jpg,0,0.006353619866075797
0068 (9).jpg,0,0.007537370439330741
0068.jpg,1,0.552497857392529
0069 (10).jpg,0,0.24200855815768857
0069 (2).jpg,0,0.00944862014503695
0069 (3).jpg,0,0.041062374650276734
0069 (4).jpg,0,0.048300301872350605
0069 (5).jpg,0,0.006382143616517157
0069 (6).jpg,0,0.007164872336812173
0069 (7).jpg,0,0.006342886928302729
0069 (8).jpg,0,0.0157097014522173
0069 (9).jpg,0,0.00779667365352703
0069.jpg,0,0.025188925245330736
0070 (10).jpg,0,0.006504417390689572
0070 (2).jpg,0,0.00632101663818991
0070 (3).jpg,0,0.03619617244335282
0070 (4).jpg,0,0.0065119733969277675
0070 (5).jpg,0,0.006182567657751982
0070 (6).jpg,0,0.006220583734517463
0070 (7).jpg,0,0.009199839899799883
0070 (8).jpg,0,0.12413290859443384
0070 (9).jpg,0,0.14471960337825804
0070.jpg,0,0.008955700979045184
0071 (10).jpg,0,0.00625616328475872
0071 (2).jpg,0,0.008124707685548613
0071 (3).jpg,0,0.009147165337161397
0071 (4).jpg,0,0.006423983017618158
0071 (5).jpg,0,0.03068392800445812
0071 (6).jpg,0,0.020747650082348686
0071 (7).jpg,0,0.006503374238668867
0071 (8).jpg,0,0.006790547860336792
0071 (9).jpg,0,0.00733903879578143
0071.jpg,0,0.006477687378749457
0072 (10).jpg,0,0.006343492715235696
0072 (2).jpg,0,0.20848918010279066
0072 (3).jpg,0,0.007461041823143236
0072 (4).jpg,0,0.006323612061245374
0072 (5).jpg,0,0.006413468053629718
0072 (6).jpg,0,0.006151117845565206
0072 (7).jpg,0,0.007385733331994643
0072 (8).jpg,0,0.13548720926790056
0072 (9).jpg,0,0.008354603595754798
0072.jpg,0,0.00644517248804711
0073 (10).jpg,0,0.0062945325110466506
0073 (2).jpg,0,0.006351076739728043
0073 (3).jpg,0,0.014340034301912013
0073 (4).jpg,0,0.008917329023423782
0073 (5).jpg,0,0.0077846840324284385
0073 (6).jpg,0,0.006307953978908196
0073 (7).jpg,0,0.006390205770473035
0073 (8).jpg,0,0.007222962401881379
0073 (9).jpg,0,0.007379602676964477
0073.jpg,0,0.012828942659031494
0074 (10).jpg,0,0.006590363438813607
0074 (2).jpg,0,0.07236691416460217
0074 (3).jpg,0,0.007251542795785669
0074 (4).jpg,0,0.00919581953385851
0074 (5).jpg,0,0.007971454415477218
0074 (6).jpg,0,0.011421207693734696
0074 (7).jpg,0,0.04969705173948408
0074 (8).jpg,0,0.00787283739922656
0074 (9).jpg,0,0.006607275235689325
0074.jpg,0,0.016441624930786096
0075 (10).jpg,0,0.037644015238878684
0075 (2).jpg,0,0.0076845347775991845
0075 (3).jpg,0,0.3030169028189891
0075 (4).jpg,0,0.006303441868236258
0075 (5).jpg,0,0.006259999915086375
0075 (6).jpg,1,0.9406504441538767
0075 (7).jpg,0,0.006233377135351334
0075 (8).jpg,0,0.00651494079223522
0075 (9).jpg,0,0.007235656898843297
0075.jpg,0,0.006297783871085182
0076 (10).jpg,0,0.0071505601255374
0076 (2).jpg,0,0.011588754392996031
0076 (3).jpg,0,0.017959540605987017
0076 (4).jpg,0,0.006416232301148351
0076 (5).jpg,0,0.011270816731734152
0076 (6).jpg,0,0.006421267820183727
0076 (7).jpg,0,0.006659473683547275
0076 (8).jpg,0,0.007011359775469983
0076 (9).jpg,0,0.00812193984951985
0076.jpg,0,0.006812085927948974
0077 (10).jpg,0,0.007678986122136482
0077 (2).jpg,0,0.010626183677249313
0077 (3).jpg,0,0.008571734560489172
0077 (4).jpg,0,0.006187380457511079
0077 (5).jpg,0,0.00678903044612543
0077 (6).jpg,0,0.007949119788524733
0077 (7).jpg,0,0.00923766480438453
0077 (8).jpg,0,0.014315566105504527
0077 (9).jpg,0,0.006689716174170769
0077.jpg,1,0.9804079167720083
0078 (10).jpg,0,0.006537078832301244
0078 (2).jpg,0,0.009053029541046035
0078 (3).jpg,0,0.007017188444573866
0078 (4).jpg,0,0.006176570051334241
0078 (5).jpg,0,0.007851940993514536
0078 (6).jpg,0,0.006535244253324581
0078 (7).jpg,0,0.006547534628366939
0078 (8).jpg,0,0.006241766265688218
0078 (9).jpg,0,0.007484269368761567
0078.jpg,0,0.00949370728665272
0079 (10).jpg,0,0.008931710865937617
0079 (2).jpg,0,0.009764318815690799
0079 (3).jpg,0,0.0064466394576917375
0079 (4).jpg,0,0.0692100655212334
0079 (5).jpg,0,0.00704285481778371
0079 (6).jpg,0,0.011481957675206555
0079 (7).jpg,0,0.0074628109754070705
0079 (8).jpg,0,0.006171006698854625
0079 (9).jpg,1,0.957687395033288
0079.jpg,0,0.006570985467009
0080 (10).jpg,0,0.008435032424751913
0080 (2).jpg,0,0.006471828953838148
0080 (3).jpg,0,0.007883496950902003
0080 (4).jpg,0,0.007017838944542834
0080 (5).jpg,0,0.051095158300900965
0080 (6).jpg,0,0.006212689195279656
0080 (7).jpg,0,0.0064207718763475965
0080 (8).jpg,0,0.006848800701565828
0080 (9).jpg,0,0.00872084261333835
0080.jpg,0,0.00801836256932669
0081 (10).jpg,0,0.006261730054257354
0081 (2).jpg,0,0.007095274265226177
0081 (3).jpg,0,0.008651526632857912
0081 (4).jpg,0,0.006461280054841087
0081 (5).jpg,0,0.0069574960047364045
0081 (6).jpg,0,0.03467061737591868
0081 (7).jpg,0,0.006411711963387067
0081 (8).jpg,0,0.008747817959861126
0081 (9).jpg,0,0.01553386304134006
0081.jpg,1,0.9757255920227866
0082 (10).jpg,0,0.013781926489669832
0082 (2).jpg,0,0.012594257824496182
0082 (3).jpg,0,0.00729273317813096
0082 (4).jpg,0,0.006743705773816734
0082 (5).jpg,0,0.006247335501584154
0082 (6).jpg,0,0.00807330078984618
0082 (7).jpg,0,0.006255917510495805
0082 (8).jpg,0,0.006168148819865801
0082 (9).jpg,0,0.00891853957500501
0082.jpg,0,0.019252410067520695
0083 (10).jpg,0,0.006798959727547691
0083 (2).jpg,0,0.008402053988320219
0083 (3).jpg,0,0.006813121596789528
0083 (4).jpg,0,0.006731672259131227
0083 (5).jpg,0,0.006221240429419757
0083 (6).jpg,0,0.008917446059113505
0083 (7).jpg,0,0.01158466439515304
0083 (8).jpg,0,0.009373786737179228
0083 (9).jpg,0,0.009245895808874699
0083.jpg,0,0.007979013614227988
0084 (10).jpg,0,0.007712827335559448
0084 (2).jpg,0,0.01303187668568366
0084 (3).jpg,0,0.006321103018088127
0084 (4).jpg,0,0.006779851098543932
0084 (5).jpg,0,0.006280864054206224
0084 (6).jpg,0,0.012577509291596336
0084 (7).jpg,0,0.006566189552221635
0084 (8).jpg,0,0.3842610703897514
0084 (9).jpg,0,0.008599512767370383
0084.jpg,0,0.006781445789863012
0085 (10).jpg,0,0.00664066395813005
0085 (2).jpg,0,0.0068787861480955
0085 (3).jpg,0,0.007431932603020423
0085 (4).jpg,0,0.006481358224420965
0085 (5).jpg,0,0.008907887934586028
0085 (6).jpg,0,0.006691766181968125
0085 (7).jpg,0,0.006606701337851399
0085 (8).jpg,0,0.006649464018801958
0085 (9).jpg,0,0.007263886784334814
0085.jpg,0,0.010564897381079795
0086 (10).jpg,0,0.010706629507572153
0086 (2).jpg,0,0.006526856167355991
0086 (3).jpg,0,0.009445333922499098
0086 (4).jpg,0,0.007185122483740317
0086 (5).jpg,0,0.014360847660549129
0086 (6).jpg,0,0.006433613539280082
0086 (7).jpg,0,0.006205806682429312
0086 (8).jpg,0,0.006747880344321525
0086 (9).jpg,0,0.010526494593769262
0086.jpg,0,0.007825979605022423
0087 (10).jpg,0,0.01278979575306486
0087 (2).jpg,0,0.009317263776786967
0087 (3).jpg,1,0.9256879500571952
0087 (4).jpg,0,0.006228972038055663
0087 (5).jpg,0,0.01533403865222684
0087 (6).jpg,0,0.0069196056652507925
0087 (7).jpg,0,0.007297166125045571
0087 (8).jpg,0,0.0062163715146399115
0087 (9).jpg,0,0.015244327667818301
0087.jpg,1,0.9830406813816696
0088 (10).jpg,0,0.00923565750194723
0088 (2).jpg,0,0.017443298272965948
0088 (3).jpg,0,0.0661794548401333
0088 (4).jpg,0,0.2767633843400147
0088 (5).jpg,0,0.006992729200579704
0088 (6).jpg,0,0.006345407915495589
0088 (7).jpg,0,0.0062719317306006725
0088 (8).jpg,0,0.012958696897105897
0088 (9).jpg,0,0.0064451323167049835
0088.jpg,0,0.007425728316829974
0089 (10).jpg,0,0.006537983371936986
0089 (2).jpg,0,0.00649435540160934
0089 (3).jpg,0,0.006719827637511345
0089 (4).jpg,0,0.006818244062498528
0089 (5).jpg,0,0.009239196542010567
0089 (6).jpg,0,0.007911655250829609
0089 (7).jpg,0,0.006703920822873465
0089 (8).jpg,0,0.006484669395702776
0089 (9).jpg,0,0.007504111906509454
0089.jpg,0,0.006850716975204237
0090 (10).jpg,0,0.014792621679248394
0090 (2).jpg,0,0.007671856330278655
0090 (3).jpg,0,0.009424569016936533
0090 (4).jpg,0,0.027187592695628544
0090 (5).jpg,0,0.009764017173446025
0090 (6).jpg,0,0.006778470829393068
0090 (7).jpg,0,0.030020253800136527
0090 (8).jpg,0,0.0063559825611462385
0090 (9).jpg,0,0.007743684524137454
0090.jpg,0,0.0071511933122396275
0091 (10).jpg,0,0.0064304122957815815
0091 (2).jpg,0,0.006801792736498297
0091 (3).jpg,0,0.009925877402155498
0091 (4).jpg,0,0.0139254610589032
0091 (5).jpg,0,0.006842344894011896
0091 (6).jpg,0,0.006359857822365042
0091 (7).jpg,0,0.007744990859028973
0091 (8).jpg,0,0.006168016985119031
0091 (9).jpg,0,0.008156660639795746
0091.jpg,0,0.006812412241857137
0092 (10).jpg,0,0.007112877066621122
0092 (2).jpg,0,0.007372367110747826
0092 (3).jpg,0,0.006877583793588333
0092 (4).jpg,0,0.011245262785164661
0092 (5).jpg,0,0.007251368149623762
0092 (6).jpg,0,0.006228831595213715
0092 (7).jpg,0,0.006355862460369835
0092 (8).jpg,0,0.006461998577823763
0092 (9).jpg,0,0.007058563737411156
0092.jpg,0,0.006192313799699028
0093 (10).jpg,0,0.0113723486715732
0093 (2).jpg,0,0.008037476973499231
0093 (3).jpg,0,0.007065668897324954
0093 (4).jpg,0,0.007141628592459218
0093 (5).jpg,1,0.5466998005979816
0093 (6).jpg,0,0.006352070344152273
0093 (7).jpg,0,0.006847422992662236
0093 (8).jpg,0,0.007593208784251752
0093 (9).jpg,0,0.009931462844413442
0093.jpg,1,0.9747482922300907
0094 (10).jpg,0,0.006930538629790809
0094 (2).jpg,0,0.007955806581651282
0094 (3).jpg,0,0.011436723419350033
0094 (4).jpg,0,0.0066744341885158626
0094 (5).jpg,0,0.013084920842481737
0094 (6).jpg,0,0.006892661878272177
0094 (7).jpg,0,0.006470422214204798
0094 (8).jpg,0,0.006338660083825629
0094 (9).jpg,0,0.011565191699175813
0094.jpg,0,0.0074530703238643295
0095 (10).jpg,0,0.008401828923821688
0095 (2).jpg,0,0.006345149224996597
0095 (3).jpg,0,0.006591956601495575
0095 (4).jpg,0,0.00673884505560201
0095 (5).jpg,0,0.007244624648081718
0095 (6).jpg,0,0.006180408458620582
0095 (7).jpg,0,0.006202429008528712
0095 (8).jpg,0,0.008309401920216715
0095 (9).jpg,0,0.012936054953062501
0095.jpg,0,0.007023290377957575
0096 (10).jpg,0,0.006170637047916985
0096 (2).jpg,0,0.020440622343274185
0096 (3).jpg,0,0.006455360415853614
0096 (4).jpg,0,0.006758757012482332
0096 (5).jpg,0,0.006991295728812487
0096 (6).jpg,0,0.006227215528768615
0096 (7).jpg,0,0.006919117585854579
0096 (8).jpg,0,0.017570626911418162
0096 (9).jpg,0,0.01119999746675571
0096.jpg,0,0.011901192029360503
0097 (10).jpg,0,0.006691762847529936
0097 (2).jpg,0,0.006319479088156752
0097 (3).jpg,0,0.007338496483400112
0097 (4).jpg,0,0.008980742599389826
0097 (5).jpg,0,0.006373231808621846
0097 (6).jpg,0,0.006944460964603992
0097 (7).jpg,0,0.006622721526655215
0097 (8).jpg,0,0.02303385719830456
0097 (9).jpg,0,0.008127529285229048
0097.jpg,0,0.010958073254940961
0098 (10).jpg,0,0.00816342959941654
0098 (2).jpg,0,0.006634159589373875
0098 (3).jpg,0,0.11432760950641986
0098 (4).jpg,0,0.0065688515387734864
0098 (5).jpg,0,0.007749033566323783
0098 (6).jpg,0,0.008284361917125243
0098 (7).jpg,0,0.00881541942939903
0098 (8).jpg,0,0.006830189475323103
0098 (9).jpg,0,0.04771235019855546
0098.jpg,0,0.007246681880825727
0099 (10).jpg,0,0.006456876635954292
0099 (2).jpg,0,0.012534214764937702
0099 (3).jpg,0,0.006294014512175245
0099 (4).jpg,0,0.00642988163269544
0099 (5).jpg,0,0.006483308392538832
0099 (6).jpg,0,0.006453715580192268
0099 (7).jpg,0,0.006198341643833054
0099 (8).jpg,0,0.007932276655910411
0099 (9).jpg,0,0.009111023326205845
0099.jpg,1,0.9019797795260608
0100 (10).jpg,0,0.0067837205664668864
0100 (2).jpg,0,0.007529865622473808
0100 (3).jpg,0,0.006429250757755128
0100 (4).jpg,0,0.006261825893585958
0100 (5).jpg,0,0.006517161273526439
0100 (6).jpg,0,0.007242464506756231
0100 (7).jpg,0,0.006407081564071003
0100 (8).jpg,0,0.05132475957728733
0100 (9).jpg,0,0.07708160645243693
0100.jpg,0,0.009967255208038572
0101 (10).jpg,0,0.1278412192011768
0101 (2).jpg,0,0.0065998626727929565
0101 (3).jpg,1,0.7258124710522502
0101 (4).jpg,0,0.006372496377405136
0101 (5).jpg,0,0.006836927612804186
0101 (6).jpg,0,0.006218861983344934
0101 (7).jpg,0,0.006755120106180141
0101 (8).jpg,0,0.010908557626635056
0101 (9).jpg,0,0.0531326893029728
0101.jpg,0,0.006423836046849776
0102 (10).jpg,0,0.009819781493977237
0102 (2).jpg,0,0.0068358018756967155
0102 (3).jpg,0,0.009157029126464522
0102 (4).jpg,0,0.04662415702943036
0102 (5).jpg,0,0.008188461744788086
0102 (6).jpg,1,0.974403133017655
0102 (7).jpg,0,0.007833892099942954
0102 (8).jpg,0,0.007857126574799997
0102 (9).jpg,0,0.007938224800490529
0102.jpg,0,0.00886534873754421
0103 (10).jpg,0,0.009346139227590177
0103 (2).jpg,0,0.00993191456482574
0103 (3).jpg,0,0.008470691939657181
0103 (4).jpg,0,0.006218305727830514
0103 (5).jpg,0,0.007365769908571462
0103 (6).jpg,0,0.006255304912517256
0103 (7).jpg,0,0.006473173444261094
0103 (8).jpg,0,0.006725005765716661
0103 (9).jpg,0,0.25610098804486503
0103.jpg,0,0.024164632423819284
0104 (10).jpg,0,0.006536751914825025
0104 (2).jpg,0,0.010318481025617056
0104 (3).jpg,0,0.034601013412762824
0104 (4).jpg,0,0.007464341272171535
0104 (5).jpg,1,0.47639821526252896
0104 (6).jpg,0,0.006443530479608452
0104 (7).jpg,0,0.006487108443720607
0104 (8).jpg,0,0.007296754934839095
0104 (9).jpg,0,0.010167091116144224
0104.jpg,0,0.18922584284345123
0105 (10).jpg,0,0.008212240633772986
0105 (2).jpg,0,0.02640800035972044
0105 (3).jpg,1,0.6187563506389133
0105 (4).jpg,0,0.00618498676931139
0105 (5).jpg,0,0.007559043509590644
0105 (6).jpg,0,0.006473714224280892
0105 (7).jpg,0,0.006342331391844654
0105 (8).jpg,0,0.0061971186925035004
0105 (9).jpg,0,0.006629411855022331
0105.jpg,0,0.03648165494529182
0106 (10).jpg,0,0.008121555829161006
0106 (2).jpg,0,0.007235995193639999
0106 (3).jpg,0,0.006667151280381607
0106 (4).jpg,0,0.0775079174969559
0106 (5).jpg,0,0.007681108725931745
0106 (6).jpg,0,0.006596459110977949
0106 (7).jpg,0,0.006334520234433251
0106 (8).jpg,0,0.006359131287639103
0106 (9).jpg,0,0.006225375206059555
0106.jpg,0,0.006732583406711802
0107 (10).jpg,0,0.006590389392410625
0107 (2).jpg,0,0.006421970545185712
0107 (3).jpg,0,0.008474406125541694
0107 (4).jpg,0,0.0070080918082581585
0107 (5).jpg,0,0.07020482166205316
0107 (6).jpg,0,0.006241393615648845
0107 (7).jpg,0,0.0066181144274258434
0107 (8).jpg,0,0.006686294617516025
0107 (9).jpg,0,0.00663086817161983
0107.jpg,0,0.006715888963583228
0108 (10).jpg,0,0.006280700778493759
0108 (2).jpg,0,0.009274920902593317
0108 (3).jpg,0,0.007275102200168806
0108 (4).jpg,1,0.7364596327725881
0108 (5).jpg,0,0.006499227275694098
0108 (6).jpg,0,0.007336381435529735
0108 (7).jpg,0,0.0540996863181599
0108 (8).jpg,0,0.01684936663899945
0108 (9).jpg,0,0.020401197082717214
0108.jpg,0,0.021219091378831684
0109 (10).jpg,0,0.006806266149882897
0109 (2).jpg,0,0.01696585701861412
0109 (3).jpg,0,0.006530761319747318
0109 (4).jpg,0,0.006404288662851688
0109 (5).jpg,0,0.0064258514023633265
0109 (6).jpg,0,0.006243960783013256
0109 (7).jpg,0,0.00618220411787159
0109 (8).jpg,0,0.008274665992929713
0109 (9).jpg,0,0.00801498491556303
0109.jpg,0,0.0068482809328412626
0110 (10).jpg,0,0.00827964760830051
0110 (2).jpg,0,0.01145620883882537
0110 (3).jpg,1,0.6786417341220538
0110 (4).jpg,0,0.006209302609119703
0110 (5).jpg,0,0.01464966522116622
0110 (6).jpg,0,0.00661778693921538
0110 (7).jpg,0,0.006659463582240181
0110 (8).jpg,0,0.006749028591446228
0110 (9).jpg,0,0.008809876603774958
0110.jpg,0,0.03185537120064245
0111 (10).jpg,0,0.0066808829323084075
0111 (2).jpg,0,0.006256606799477205
0111 (3).jpg,0,0.007916488308247076
0111 (4).jpg,0,0.007160254823429162
0111 (5).jpg,0,0.00688782110161161
0111 (6).jpg,0,0.006184074451491911
0111 (7).jpg,0,0.01032368712234861
0111 (8).jpg,0,0.006157210731248918
0111 (9).jpg,0,0.007620702925323482
0111.jpg,0,0.024301723832222382
0112 (10).jpg,0,0.008350456106915191
0112 (2).jpg,0,0.012327340653128042
0112 (3).jpg,0,0.01669845790482876
0112 (4).jpg,0,0.006291714397007192
0112 (5).jpg,0,0.0065191919169253236
0112 (6).jpg,0,0.00613572790579802
0112 (7).jpg,0,0.009598482212251822
0112 (8).jpg,0,0.02402175658800707
0112 (9).jpg,0,0.0070849172050964125
0112.jpg,0,0.007467123343226082
0113 (10).jpg,0,0.006427564049611884
0113 (2).jpg,0,0.01018903450740359
0113 (3).jpg,0,0.022715093868182566
0113 (4).jpg,0,0.006178375779609856
0113 (5).jpg,0,0.0072459010582994485
0113 (6).jpg,0,0.006220476364824215
0113 (7).jpg,1,0.8134465917515891
0113 (8).jpg,0,0.006522895365853882
0113 (9).jpg,0,0.013581344288111911
0113.jpg,0,0.02527288993734527
0114 (10).jpg,0,0.007555032634049474
0114 (2).jpg,0,0.006513095958500885
0114 (3).jpg,0,0.009813488482995262
0114 (4).jpg,0,0.008217518456129905
0114 (5).jpg,0,0.03660662057158958
0114 (6).jpg,0,0.006250631546980566
0114 (7).jpg,0,0.008707185739137717
0114 (8).jpg,0,0.006744393412645475
0114 (9).jpg,0,0.006384296376020007
0114.jpg,0,0.007465337020206951
0115 (10).jpg,0,0.006462876849361084
0115 (2).jpg,0,0.006698296198125907
0115 (3).jpg,1,0.8518721973685299
0115 (4).jpg,0,0.006268873848959233
0115 (5).jpg,0,0.007126703546308442
0115 (6).jpg,0,0.006464180473334994
0115 (7).jpg,0,0.00668550506416524
0115 (8).jpg,0,0.006864442423042183
0115 (9).jpg,0,0.018885395246028926
0115.jpg,0,0.006741576021006986
0116 (10).jpg,0,0.020222830424988826
0116 (2).jpg,0,0.01084689763351963
0116 (3).jpg,0,0.006424276443536052
0116 (4).jpg,0,0.006349506316949095
0116 (5).jpg,0,0.007429427316058521
0116 (6).jpg,0,0.006776449596725863
0116 (7).jpg,0,0.006743182853946836
0116 (8).jpg,0,0.008609353389093698
0116 (9).jpg,0,0.006505276922840225
0116.jpg,0,0.0067796699658526655
0117 (10).jpg,0,0.00621550630706985
0117 (2).jpg,0,0.006783298964914243
0117 (3).jpg,0,0.009233973917372166
0117 (4).jpg,0,0.007408703026880931
0117 (5).jpg,0,0.01016235742390423
0117 (6).jpg,0,0.006239776205508886
0117 (7).jpg,0,0.0070288052978080785
0117 (8).jpg,0,0.007805064199256721
0117 (9).jpg,0,0.006538934611233206
0117.jpg,0,0.010019661411360192
0118 (10).jpg,0,0.0062761232823911155
0118 (2).jpg,0,0.007387793677044574
0118 (3).jpg,0,0.017769835784472044
0118 (4).jpg,0,0.007525748317887189
0118 (5).jpg,0,0.006942638345207452
0118 (6).jpg,0,0.006284909804687709
0118 (7).jpg,0,0.007118974022834631
0118 (8).jpg,0,0.0075149077236251706
0118 (9).jpg,0,0.022034532986505123
0118.jpg,0,0.007134975004313847
0119 (10).jpg,0,0.006206613372060325
0119 (2).jpg,0,0.009557443236818697
0119 (3).jpg,0,0.009300998334113896
0119 (4).jpg,0,0.006343644774027214
0119 (5).jpg,0,0.11193029052270505
0119 (6).jpg,0,0.032202320002242
0119 (7).jpg,0,0.018435923474872194
0119 (8).jpg,0,0.006904862640738894
0119 (9).jpg,0,0.012274238222570387
0119.jpg,0,0.006549646842047706
0120 (10).jpg,0,0.008208711043850538
0120 (2).jpg,0,0.007462030922008242
0120 (3).jpg,0,0.007267611010773255
0120 (4).jpg,0,0.0069125519518279145
0120 (5).jpg,0,0.0066014963504976
0120 (6).jpg,0,0.009235233549755691
0120 (7).jpg,0,0.007352930201205692
0120 (8).jpg,0,0.0062164296123175455
0120 (9).jpg,0,0.006418728374352182
0120.jpg,0,0.044926690010579966
0121 (10).jpg,0,0.013780617924428673
0121 (2).jpg,0,0.006551594412332136
0121 (3).jpg,0,0.13582600425206334
0121 (4).jpg,0,0.006546620660067406
0121 (5).jpg,0,0.011560453493498424
0121 (6).jpg,0,0.006675655642730368
0121 (7).jpg,0,0.008771218881859692
0121 (8).jpg,0,0.05771803106257479
0121 (9).jpg,0,0.0068221599779877415
0121.jpg,0,0.006852144777111227
0122 (10).jpg,0,0.006712271220641891
0122 (2).jpg,0,0.009080778369418811
0122 (3).jpg,0,0.010549584929547091
0122 (4).jpg,0,0.006303676009595888
0122 (5).jpg,0,0.008209343849579413
0122 (6).jpg,0,0.016529289199478006
0122 (7).jpg,0,0.007522628127176579
0122 (8).jpg,0,0.012044612612299093
0122 (9).jpg,0,0.006329451098865253
0122.jpg,0,0.010487699603289744
0123 (10).jpg,0,0.37635584621812335
0123 (2).jpg,0,0.007349355598469639
0123 (3).jpg,0,0.01927647130866331
0123 (4).jpg,0,0.00631484686043366
0123 (5).jpg,0,0.006877984150018531
0123 (6).jpg,1,0.5961422005117625
0123 (7).jpg,0,0.00685510722835408
0123 (8).jpg,0,0.007355220517869305
0123 (9).jpg,0,0.008444925237244397
0123.jpg,0,0.01140307843377201
0124 (10).jpg,0,0.006346317344594939
0124 (2).jpg,0,0.0076848337121436456
0124 (3).jpg,0,0.007845837998122576
0124 (4).jpg,0,0.006244939142041447
0124 (5).jpg,0,0.006212518072976618
0124 (6).jpg,0,0.00849461424698105
0124 (7).jpg,0,0.006277070118683987
0124 (8).jpg,0,0.006976381757965642
0124 (9).jpg,0,0.007457396793169896
0124.jpg,0,0.008325239496601782
0125 (10).jpg,0,0.010252430108316144
0125 (2).jpg,0,0.011738955305374096
0125 (3).jpg,0,0.006520475508541177
0125 (4).jpg,0,0.006879063448357449
0125 (5).jpg,0,0.007975426801177356
0125 (6).jpg,0,0.007964888246114958
0125 (7).jpg,0,0.009586134018926192
0125 (8).jpg,0,0.007349239680202333
0125 (9).jpg,0,0.0066902575129917175
0125.jpg,0,0.006481558936317545
0126 (10).jpg,0,0.007647399008629152
0126 (2).jpg,0,0.007044110671766576
0126 (3).jpg,0,0.41316751916279854
0126 (4).jpg,0,0.018020654197585174
0126 (5).jpg,0,0.00711942043083921
0126 (6).jpg,0,0.006563773722149291
0126 (7).jpg,0,0.006500917201878823
0126 (8).jpg,0,0.007110429699779512
0126 (9).jpg,0,0.038275961844367455
0126.jpg,0,0.010534972545593244
0127 (10).jpg,0,0.0136509979199619
0127 (2).jpg,0,0.0065053773033605985
0127 (3).jpg,0,0.009426262477599858
0127 (4).jpg,0,0.006758470583919515
0127 (5).jpg,0,0.007852048496207487
0127 (6).jpg,1,0.5342899674583287
0127 (7).jpg,0,0.0062605149506608886
0127 (8).jpg,0,0.006522855307538291
0127 (9).jpg,0,0.006959864411785125
0127.jpg,0,0.007710968570272849
0128 (10).jpg,0,0.006517618626672033
0128 (2).jpg,0,0.006651423782834824
0128 (3).jpg,0,0.006576144200453493
0128 (4).jpg,0,0.006666345139290584
0128 (5).jpg,0,0.01045261725002449
0128 (6).jpg,0,0.008623172354592245
0128 (7).jpg,0,0.00923407444555539
0128 (8).jpg,0,0.008276420167693662
0128 (9).jpg,0,0.007349011573925602
0128.jpg,0,0.006416550937404756
0129 (10).jpg,1,0.978797754640324
0129 (2).jpg,0,0.006318071568928043
0129 (3).jpg,0,0.012280942831429054
0129 (4).jpg,0,0.006822406039832036
0129 (5).jpg,0,0.007627202239569961
0129 (6).jpg,0,0.0066837221362908384
0129 (7).jpg,0,0.008140600540055701
0129 (8).jpg,0,0.006626999091042791
0129 (9).jpg,0,0.006791904687480747
0129.jpg,0,0.012471914703581392
0130 (10).jpg,0,0.00870180818689236
0130 (2).jpg,0,0.006922884565559408
0130 (3).jpg,0,0.0074333296439569934
0130 (4).jpg,0,0.006462579488047306
0130 (5).jpg,0,0.008176309043446852
0130 (6).jpg,0,0.006250855879200909
0130 (7).jpg,0,0.006644942102665242
0130 (8).jpg,0,0.006713563916859085
0130 (9).jpg,0,0.006599730024934533
0130.jpg,0,0.006575644688264857
0131 (10).jpg,0,0.00707000753455825
0131 (2).jpg,1,0.9467934304924458
0131 (3).jpg,0,0.00640407177202792
0131 (4).jpg,0,0.00813973008891776
0131 (5).jpg,0,0.006290719367487975
0131 (6).jpg,0,0.006613634093165548
0131 (7).jpg,0,0.008427074645958854
0131 (8).jpg,0,0.008282766830586421
0131 (9).jpg,0,0.03703728967111363
0131.jpg,0,0.00749628809944532
0132 (10).jpg,0,0.020775174758617503
0132 (2).jpg,0,0.008116079805403967
0132 (3).jpg,0,0.006221292555755211
0132 (4).jpg,0,0.0065939336652388976
0132 (5).jpg,0,0.006544097549924162
0132 (6).jpg,0,0.006195780638739761
0132 (7).jpg,0,0.006194406247299819
0132 (8).jpg,0,0.006571690371084868
0132 (9).jpg,0,0.0064635985941127305
0132.jpg,0,0.0077582523860273206
0133 (10).jpg,0,0.006434840816959731
0133 (2).jpg,0,0.006256067647672268
0133 (3).jpg,0,0.006157113280990388
0133 (4).jpg,0,0.00924276349851915
0133 (5).jpg,0,0.006805713108423299
0133 (6).jpg,0,0.0077257228630285635
0133 (7).jpg,0,0.008704272350164924
0133 (8).jpg,0,0.006364733803426793
0133 (9).jpg,0,0.007881054854062382
0133.jpg,0,0.007593705329704125
0134 (10).jpg,0,0.0076938643963951605
0134 (2).jpg,0,0.012476405069615688
0134 (3).jpg,0,0.019452263515899404
0134 (4).jpg,0,0.006362282427036087
0134 (5).jpg,0,0.007996665616961073
0134 (6).jpg,0,0.008919271526693058
0134 (7).jpg,0,0.006275301037215792
0134 (8).jpg,0,0.01209164286294934
0134 (9).jpg,0,0.007695163757415855
0134.jpg,0,0.006434075985473833
0135 (10).jpg,0,0.025214755402454502
0135 (2).jpg,0,0.0063663550909571895
0135 (3).jpg,1,0.5712290396711954
0135 (4).jpg,0,0.007025750837212741
0135 (5).jpg,0,0.006757628056082527
0135 (6).jpg,0,0.007306467472135558
0135 (7).jpg,0,0.006214087044257471
0135 (8).jpg,0,0.007071834889810398
0135 (9).jpg,0,0.007024584017521874
0135.jpg,0,0.01780974001608127
0136 (10).jpg,0,0.017776403276421687
0136 (2).jpg,0,0.0072715193531634175
0136 (3).jpg,0,0.006758625433721301
0136 (4).jpg,0,0.00690130574876788
0136 (5).jpg,0,0.006367954881784549
0136 (6).jpg,0,0.00790854699555942
0136 (7).jpg,0,0.007426374371227882
0136 (8).jpg,0,0.006421813001593675
0136 (9).jpg,0,0.041654191612359816
0136.jpg,0,0.006491293761915499
0137 (10).jpg,0,0.006990254600032608
0137 (2).jpg,0,0.0072474087968760655
0137 (3).jpg,0,0.006232768738865473
0137 (4).jpg,1,0.9014977509745067
0137 (5).jpg,0,0.0074290072202153655
0137 (6).jpg,0,0.006190921468441328
0137 (7).jpg,0,0.007129937297862661
0137 (8).jpg,0,0.006373986468062899
0137 (9).jpg,0,0.010374174856953251
0137.jpg,0,0.00814116422582995
0138 (10).jpg,0,0.0064075957820490465
0138 (2).jpg,0,0.0066228346252877384
0138 (3).jpg,0,0.02208276338795449
0138 (4).jpg,0,0.0065196839291912865
0138 (5).jpg,0,0.006310459400605121
0138 (6).jpg,0,0.006204859599527671
0138 (7).jpg,0,0.00666499711736615
0138 (8).jpg,0,0.007181810420631257
0138 (9).jpg,0,0.012945013398755777
0138.jpg,0,0.05656678832639119
0139 (10).jpg,0,0.06785196996346879
0139 (2).jpg,0,0.008106248416679266
0139 (3).jpg,1,0.6332104920600374
0139 (4).jpg,0,0.006176976605132557
0139 (5).jpg,0,0.006339617248569167
0139 (6).jpg,0,0.17671360275743092
0139 (7).jpg,0,0.00643060643453914
0139 (8).jpg,0,0.009561505425332966
0139 (9).jpg,0,0.006374404927232606
0139.jpg,0,0.007604621156784793
0140 (10).jpg,0,0.006562616074191219
0140 (2).jpg,0,0.007270022596688532
0140 (3).jpg,0,0.02044506726504403
0140 (4).jpg,0,0.006206857117906161
0140 (5).jpg,0,0.011632885791639748
0140 (6).jpg,0,0.006368194412543556
0140 (7).jpg,0,0.006274924690813577
0140 (8).jpg,0,0.007131064053610327
0140 (9).jpg,0,0.008937361942099561
0140.jpg,0,0.008543762562822578
0141 (10).jpg,0,0.007659284699452583
0141 (2).jpg,0,0.006772986086644035
0141 (3).jpg,0,0.01006353030851356
0141 (4).jpg,0,0.006946489558605996
0141 (5).jpg,0,0.006832751811029676
0141 (6).jpg,0,0.006303537710382946
0141 (7).jpg,0,0.007057517537842341
0141 (8).jpg,0,0.0069919360247029955
0141 (9).jpg,0,0.006790695499779362
0141.jpg,0,0.022389086370647494
0142 (10).jpg,0,0.006830519238944922
0142 (2).jpg,0,0.00640356522439641
0142 (3).jpg,0,0.008888952529673028
0142 (4).jpg,0,0.006386679889726651
0142 (5).jpg,0,0.052037271755951076
0142 (6).jpg,0,0.006210033680765851
0142 (7).jpg,0,0.007045954505247839
0142 (8).jpg,0,0.0065854240608757535
0142 (9).jpg,0,0.011744442468370277
0142.jpg,0,0.006403740763751335
0143 (10).jpg,0,0.006574900952569453
0143 (2).jpg,0,0.0062410408540212875
0143 (3).jpg,0,0.006484832305230148
0143 (4).jpg,0,0.007321469271128361
0143 (5).jpg,0,0.007342358638677247
0143 (6).jpg,0,0.00858833027605788
0143 (7).jpg,0,0.008160316934222289
0143 (8).jpg,0,0.009690893314630782
0143 (9).jpg,0,0.009253855545078023
0143.jpg,0,0.007907160745175867
0144 (10).jpg,0,0.007261013192111211
0144 (2).jpg,0,0.007056967251407017
0144 (3).jpg,0,0.015847011933960993
0144 (4).jpg,0,0.19834885541203517
0144 (5).jpg,0,0.009018959563559303
0144 (6).jpg,0,0.007155073824370293
0144 (7).jpg,0,0.006282169839418478
0144 (8).jpg,0,0.008031874225071652
0144 (9).jpg,0,0.008046348092629937
0144.jpg,0,0.011511621422852319
0145 (10).jpg,0,0.008489853772086569
0145 (2).jpg,0,0.006361340827445431
0145 (3).jpg,0,0.029382434769370344
0145 (4).jpg,0,0.006490845380354577
0145 (5).jpg,0,0.007237598608698391
0145 (6).jpg,0,0.00619775985307644
0145 (7).jpg,0,0.01631991807501547
0145 (8).jpg,0,0.008031323467883527
0145 (9).jpg,0,0.4339155485567371
0145.jpg,0,0.006246964805235977
0146 (10).jpg,0,0.008424744249165525
0146 (2).jpg,0,0.007080876386760055
0146 (3).jpg,0,0.006269338605379685
0146 (4).jpg,0,0.006920982155517026
0146 (5).jpg,0,0.009298526369157732
0146 (6).jpg,0,0.006200214838276847
0146 (7).jpg,0,0.006337543543359866
0146 (8).jpg,0,0.006463219703614855
0146 (9).jpg,0,0.013578383401300988
0146.jpg,0,0.009914112356902316
0147 (10).jpg,0,0.01810604083124586
0147 (2).jpg,0,0.058605997950552734
0147 (3).jpg,0,0.009251114333511539
0147 (4).jpg,0,0.01578237433897781
0147 (5).jpg,0,0.01350128087753577
0147 (6).jpg,0,0.008108451371811364
0147 (7).jpg,0,0.006887625544118316
0147 (8).jpg,0,0.006387579408170464
0147 (9).jpg,0,0.017361679936047782
0147.jpg,0,0.00769682522237987
0148 (10).jpg,0,0.006280990969888289
0148 (2).jpg,0,0.009594934714534176
0148 (3).jpg,0,0.006707678428326302
0148 (4).jpg,0,0.006305442270688335
0148 (5).jpg,0,0.007719937091596834
0148 (6).jpg,0,0.006439384971434474
0148 (7).jpg,0,0.00616923145713685
0148 (8).jpg,0,0.007203414727595637
0148 (9).jpg,0,0.006452880399057819
0148.jpg,0,0.022828452308887883
0149 (10).jpg,0,0.006951357183074682
0149 (2).jpg,0,0.006494429637035131
0149 (3).jpg,0,0.009266147293120652
0149 (4).jpg,0,0.00624837061892429
0149 (5).jpg,0,0.0070678807929784445
0149 (6).jpg,0,0.006581926185897401
0149 (7).jpg,0,0.006879871855448614
0149 (8).jpg,0,0.016294372086763563
0149 (9).jpg,0,0.006473676075043246
0149.jpg,0,0.022574485355632775
0150 (10).jpg,0,0.0072766886169809515
0150 (2).jpg,0,0.007942502439916399
0150 (3).jpg,0,0.00644635742526893
0150 (4).jpg,0,0.00660167889253735
0150 (5).jpg,0,0.0076384352381361695
0150 (6).jpg,0,0.006300909611887935
0150 (7).jpg,0,0.006782710247720609
0150 (8).jpg,0,0.007368854677627849
0150 (9).jpg,0,0.05015940325932158
0150.jpg,0,0.015935683340045963
0151 (10).jpg,0,0.008110034191857608
0151 (2).jpg,0,0.008249392261081416
0151 (3).jpg,0,0.00789746773820147
0151 (4).jpg,0,0.007443296053169984
0151 (5).jpg,0,0.006919716069021981
0151 (6).jpg,0,0.006438750893135654
0151 (7).jpg,0,0.00634999990280173
0151 (8).jpg,0,0.006674436949416863
0151 (9).jpg,1,0.6117278591424206
0151.jpg,0,0.013518987154130762
0152 (10).jpg,0,0.006540140682139626
0152 (2).jpg,0,0.006814474128283232
0152 (3).jpg,0,0.21256559188174431
0152 (4).jpg,0,0.006189503341384631
0152 (5).jpg,0,0.021715143368719995
0152 (6).jpg,0,0.0062338836405080745
0152 (7).jpg,0,0.016516622110083076
0152 (8).jpg,0,0.007465754670477188
0152 (9).jpg,0,0.006557588187673801
0152.jpg,0,0.019205842616012426
0153 (10).jpg,0,0.007100248602718363
0153 (2).jpg,0,0.006607396938762916
0153 (3).jpg,0,0.010797443714653175
0153 (4).jpg,0,0.0068035485093323545
0153 (5).jpg,0,0.3517473854127259
0153 (6).jpg,0,0.006171099517589687
0153 (7).jpg,0,0.006944396327519629
0153 (8).jpg,0,0.008333557325598727
0153 (9).jpg,0,0.008502429825502991
0153.jpg,0,0.007746425060845952
0154 (10).jpg,0,0.006511045765077682
0154 (2).jpg,1,0.7381575133951465
0154 (3).jpg,0,0.01581588309927955
0154 (4).jpg,0,0.006430066413412452
0154 (5).jpg,0,0.007604538419065755
0154 (6).jpg,0,0.006288584507102585
0154 (7).jpg,0,0.011212057763929362
0154 (8).jpg,0,0.009503065736975284
0154 (9).jpg,0,0.00680035753080559
0154.jpg,0,0.1795382553801514
0155 (10).jpg,0,0.008320078980802309
0155 (2).jpg,0,0.006355405699601919
0155 (3).jpg,0,0.007480420254789043
0155 (4).jpg,0,0.0071393214271819995
0155 (5).jpg,0,0.006919030683058632
0155 (6).jpg,0,0.006149575605311234
0155 (7).jpg,0,0.008234967271035537
0155 (8).jpg,0,0.012321005053475385
0155 (9).jpg,0,0.014104705952825328
0155.jpg,0,0.014516356924120713
0156 (10).jpg,0,0.0063117205015150125
0156 (2).jpg,0,0.0070442663773770614
0156 (3).jpg,0,0.00702504282670299
0156 (4).jpg,0,0.026722774661666105
0156 (5).jpg,0,0.006385550075783619
0156 (6).jpg,0,0.007227560971719323
0156 (7).jpg,0,0.0062314497239868444
0156 (8).jpg,0,0.006294011365267461
0156 (9).jpg,0,0.0063624376720939416
0156.jpg,0,0.009842292118086597
0157 (10).jpg,0,0.006338696762819414
0157 (2).jpg,0,0.006896058013050611
0157 (3).jpg,0,0.01543269164112334
0157 (4).jpg,0,0.006239729393895582
0157 (5).jpg,0,0.007925001438872155
0157 (6).jpg,0,0.006156137137970948
0157 (7).jpg,0,0.006184768774195326
0157 (8).jpg,0,0.00861128448743804
0157 (9).jpg,0,0.007699866321055717
0157.jpg,0,0.006374979821724416
0158 (10).jpg,0,0.00747349780436943
0158 (2).jpg,0,0.006756953064798204
0158 (3).jpg,0,0.00680606249256005
0158 (4).jpg,0,0.006187903944484164
0158 (5).jpg,0,0.010133794155142168
0158 (6).jpg,0,0.0067084627399192276
0158 (7).jpg,0,0.0063894080861553616
0158 (8).jpg,0,0.006602989996869869
0158 (9).jpg,0,0.008199048486413982
0158.jpg,0,0.03841754605101124
0159 (10).jpg,0,0.006481896261813262
0159 (2).jpg,0,0.006488176304039572
0159 (3).jpg,0,0.006454563387343768
0159 (4).jpg,0,0.006216345195514552
0159 (5).jpg,0,0.007653571251838546
0159 (6).jpg,0,0.007232923648748522
0159 (7).jpg,0,0.006585601010404371
0159 (8).jpg,0,0.006170242092605769
0159 (9).jpg,0,0.007257313522825288
0159.jpg,0,0.007908530763746324
0160 (10).jpg,0,0.00676966965552663
0160 (2).jpg,0,0.01369398904670865
0160 (3).jpg,0,0.006261724286143433
0160 (4).jpg,0,0.007040347711234272
0160 (5).jpg,0,0.006867242199540287
0160 (6).jpg,0,0.03192907191625334
0160 (7).jpg,0,0.006420707553818881
0160 (8).jpg,0,0.006211815677459398
0160 (9).jpg,0,0.020627053149005196
0160.jpg,0,0.007646721142096211
0161 (10).jpg,0,0.0067981275438096555
0161 (2).jpg,0,0.006519109335483949
0161 (3).jpg,0,0.007466913348522491
0161 (4).jpg,0,0.006211831441264125
0161 (5).jpg,0,0.00636753505888057
0161 (6).jpg,0,0.008123734722771033
0161 (7).jpg,0,0.006189000237897866
0161 (8).jpg,0,0.007215985608939481
0161 (9).jpg,0,0.00784061567507467
0161.jpg,0,0.012364357130186087
0162 (10).jpg,0,0.006324096966494922
0162 (2).jpg,0,0.006800817512552739
0162 (3).jpg,0,0.009039679567401421
0162 (4).jpg,0,0.052067657011390725
0162 (5).jpg,0,0.006434071209909881
0162 (6).jpg,0,0.006399644191990781
0162 (7).jpg,0,0.0067979463795332625
0162 (8).jpg,0,0.0074742495658572435
0162 (9).jpg,0,0.01327291275177948
0162.jpg,0,0.006489219944389614
0163 (10).jpg,0,0.008558945214215852
0163 (2).jpg,0,0.008736937448646781
0163 (3).jpg,0,0.011183504217554837
0163 (4).jpg,0,0.00632286912949539
0163 (5).jpg,0,0.006413083146713928
0163 (6).jpg,0,0.009162391136923896
0163 (7).jpg,0,0.007545607901636008
0163 (8).jpg,0,0.00809976313514561
0163 (9).jpg,0,0.011202279974183802
0163.jpg,0,0.00807215658170752
0164 (10).jpg,0,0.010186940060517492
0164 (2).jpg,1,0.4936816010236135
0164 (3).jpg,0,0.011281689681601039
0164 (4).jpg,0,0.012546232980727347
0164 (5).jpg,0,0.006437548422360208
0164 (6).jpg,0,0.006367208236903562
0164 (7).jpg,0,0.007487044587437369
0164 (8).jpg,0,0.007522136486365752
0164 (9).jpg,0,0.0077469240512124385
0164.jpg,0,0.010175535215231398
0165 (10).jpg,0,0.006997287662451396
0165 (2).jpg,0,0.018472317998473143
0165 (3).jpg,0,0.02270561030174876
0165 (4).jpg,0,0.006347082109528845
0165 (5).jpg,0,0.014304530096461751
0165 (6).jpg,0,0.006595369535645417
0165 (7).jpg,0,0.0063371705111361365
0165 (8).jpg,0,0.0063885905496347695
0165 (9).jpg,0,0.011011390576405376
0165.jpg,0,0.009649652412601193
0166 (10).jpg,0,0.00852990373042884
0166 (2).jpg,0,0.008482423871298925
0166 (3).jpg,0,0.0073882716418018305
0166 (4).jpg,0,0.00637502359139082
0166 (5).jpg,0,0.006340419795555299
0166 (6).jpg,0,0.006236129172413105
0166 (7).jpg,0,0.008956091870125157
0166 (8).jpg,0,0.008987208484596524
0166 (9).jpg,1,0.9465929507370233
0166.jpg,0,0.02858046819202749
0167 (10).jpg,0,0.006787394734572394
0167 (2).jpg,0,0.006532521208227824
0167 (3).jpg,0,0.08600099835404316
0167 (4).jpg,0,0.007527072610801314
0167 (5).jpg,0,0.00961324077996512
0167 (6).jpg,0,0.006524873461292505
0167 (7).jpg,0,0.006393984334181791
0167 (8).jpg,0,0.006555708617454691
0167 (9).jpg,0,0.006438716906681216
0167.jpg,0,0.00795884331036364
0168 (10).jpg,0,0.008303867492640999
0168 (2).jpg,0,0.009120437668086555
0168 (3).jpg,0,0.007316512133612449
0168 (4).jpg,0,0.09566390790856777
0168 (5).jpg,0,0.018109631236829515
0168 (6).jpg,0,0.0074096004197376575
0168 (7).jpg,0,0.007102302448348326
0168 (8).jpg,0,0.006934264105210077
0168 (9).jpg,0,0.010942835476632613
0168.jpg,0,0.015277453344529877
0169 (10).jpg,0,0.008232049616265683
0169 (2).jpg,0,0.006572280535275122
0169 (3).jpg,0,0.006538198885931576
0169 (4).jpg,0,0.006311029923457797
0169 (5).jpg,0,0.006829810417559243
0169 (6).jpg,0,0.008083214004582995
0169 (7).jpg,0,0.006485548257561418
0169 (8).jpg,0,0.008994693581833359
0169 (9).jpg,0,0.018109268946163985
0169.jpg,0,0.044693006322916964
0170 (10).jpg,0,0.007567964483696379
0170 (2).jpg,0,0.007387077920992247
0170 (3).jpg,0,0.006987544375433245
0170 (4).jpg,0,0.006666775738285296
0170 (5).jpg,0,0.00694691630876059
0170 (6).jpg,0,0.006343147450690673
0170 (7).jpg,0,0.0071425366522029545
0170 (8).jpg,0,0.21690359402481557
0170 (9).jpg,0,0.0071808429015892804
0170.jpg,0,0.09063107379731027
0171 (10).jpg,0,0.006352929595348666
0171 (2).jpg,0,0.008562571980365755
0171 (3).jpg,0,0.03837567072002347
0171 (4).jpg,0,0.006746778459215576
0171 (5).jpg,0,0.007621156046720987
0171 (6).jpg,0,0.006726694630806579
0171 (7).jpg,0,0.009009561437475368
0171 (8).jpg,0,0.008218949720114633
0171 (9).jpg,0,0.0093823750612528
0171.jpg,0,0.04423710019499883
0172 (10).jpg,0,0.006884446351887612
0172 (2).jpg,0,0.0062871460126223975
0172 (3).jpg,0,0.006393886772315796
0172 (4).jpg,0,0.006756327471986329
0172 (5).jpg,0,0.009132007027990463
0172 (6).jpg,0,0.006465023418519832
0172 (7).jpg,0,0.00625586667476879
0172 (8).jpg,0,0.006778952126657022
0172 (9).jpg,0,0.006228807485516007
0172.jpg,0,0.011448895054635215
0173 (10).jpg,0,0.006210813223964704
0173 (2).jpg,0,0.00845825549083154
0173 (3).jpg,0,0.007282318705148596
0173 (4).jpg,0,0.007217087082888275
0173 (5).jpg,0,0.006284903096994062
0173 (6).jpg,0,0.006381738715903382
0173 (7).jpg,0,0.009804780941579334
0173 (8).jpg,0,0.006636447673938354
0173 (9).jpg,0,0.0072367062301064945
0173.jpg,0,0.00727691615298062
0174 (10).jpg,0,0.006317598033315911
0174 (2).jpg,0,0.010425514680487124
0174 (3).jpg,0,0.007321246596850639
0174 (4).jpg,0,0.00645485401041303
0174 (5).jpg,0,0.008168738466572949
0174 (6).jpg,0,0.007283074978053877
0174 (7).jpg,0,0.006204435284582839
0174 (8).jpg,0,0.009928058115869163
0174 (9).jpg,0,0.013288424689417374
0174.jpg,0,0.008415115799390223
0175 (10).jpg,0,0.006375299276211137
0175 (2).jpg,0,0.007066693815789027
0175 (3).jpg,1,0.8837692390991143
0175 (4).jpg,0,0.006647110372949961
0175 (5).jpg,0,0.007171348661266325
0175 (6).jpg,0,0.010918970602714845
0175 (7).jpg,0,0.007359739248790139
0175 (8).jpg,0,0.0075700488659114044
0175 (9).jpg,0,0.006705867672407439
0175.jpg,0,0.007554198612025653
0176 (10).jpg,0,0.008303530295947499
0176 (2).jpg,0,0.04481700914105252
0176 (3).jpg,0,0.023246674079982207
0176 (4).jpg,0,0.006225466781873689
0176 (5).jpg,0,0.006753960633802057
0176 (6).jpg,0,0.006451179053488911
0176 (7).jpg,0,0.006280461599482504
0176 (8).jpg,0,0.006225180090742496
0176 (9).jpg,1,0.6008212472901321
0176.jpg,0,0.024218745414945737
0177 (10).jpg,0,0.008309342200494844
0177 (2).jpg,0,0.006264004590995439
0177 (3).jpg,0,0.006673526528544206
0177 (4).jpg,0,0.009612214742829004
0177 (5).jpg,0,0.006990132988934969
0177 (6).jpg,0,0.007131590860902497
0177 (7).jpg,0,0.006283203690867861
0177 (8).jpg,0,0.013628279106656052
0177 (9).jpg,0,0.006900552229305005
0177.jpg,0,0.008832272840408405
0178 (10).jpg,1,0.8202495709852525
0178 (2).jpg,0,0.008714471771713656
0178 (3).jpg,0,0.011302376488969593
0178 (4).jpg,0,0.00623513131073584
0178 (5).jpg,0,0.00669413454382072
0178 (6).jpg,0,0.006520665414021256
0178 (7).jpg,0,0.03515308751842335
0178 (8).jpg,0,0.010396100058362145
0178 (9).jpg,0,0.06872599920198261
0178.jpg,0,0.006219601179174501
0179 (10).jpg,0,0.006996283085443705
0179 (2).jpg,0,0.007865460408936936
0179 (3).jpg,0,0.00968560021047379
0179 (4).jpg,0,0.008275327240786407
0179 (5).jpg,0,0.006435174832065573
0179 (6).jpg,0,0.006203201122596442
0179 (7).jpg,0,0.006536629417920343
0179 (8).jpg,0,0.007787573877394921
0179 (9).jpg,0,0.008066321826713437
0179.jpg,0,0.012777964510226666
0180 (10).jpg,0,0.227102235034044
0180 (2).jpg,0,0.007069783747000607
0180 (3).jpg,0,0.0063782947583217505
0180 (4).jpg,0,0.011807088606158806
0180 (5).jpg,0,0.006431254518236132
0180 (6).jpg,0,0.006316091862621337
0180 (7).jpg,0,0.007859776424688854
0180 (8).jpg,0,0.006657743050181034
0180 (9).jpg,0,0.008140438105769731
0180.jpg,0,0.01297623633216894
0181 (10).jpg,0,0.006737759392846924
0181 (2).jpg,0,0.007579206152967113
0181 (3).jpg,0,0.007749967167400795
0181 (4).jpg,0,0.006193027076330713
0181 (5).jpg,0,0.011237135190662249
0181 (6).jpg,0,0.007645323977260563
0181 (7).jpg,0,0.00873670555407563
0181 (8).jpg,0,0.006739252638620268
0181 (9).jpg,0,0.007661160935195783
0181.jpg,0,0.006504218510132482
0182 (10).jpg,0,0.0069682957923186675
0182 (2).jpg,0,0.012252052004706682
0182 (3).jpg,0,0.006432340986237745
0182 (4).jpg,0,0.006475285614842351
0182 (5).jpg,0,0.00640797471871499
0182 (6).jpg,0,0.007209603287916098
0182 (7).jpg,0,0.012363902019285979
0182 (8).jpg,0,0.010063493366820178
0182 (9).jpg,0,0.07352920219378105
0182.jpg,0,0.00707796126487256
0183 (10).jpg,0,0.006453245029757476
0183 (2).jpg,0,0.007475990881881596
0183 (3).jpg,0,0.009799880627765186
0183 (4).jpg,0,0.006680925088904252
0183 (5).jpg,0,0.008085214815974096
0183 (6).jpg,0,0.0074764994698908694
0183 (7).jpg,0,0.007085884965411113
0183 (8).jpg,0,0.006255820205165722
0183 (9).jpg,1,0.8016763671788525
0183.jpg,0,0.013512194734513146
0184 (10).jpg,0,0.013525855374676035
0184 (2).jpg,0,0.0261092220702216
0184 (3).jpg,0,0.007836224380050091
0184 (4).jpg,0,0.006196914620270103
0184 (5).jpg,0,0.0068781859223807015
0184 (6).jpg,0,0.006403944469743602
0184 (7).jpg,0,0.0063989956278068996
0184 (8).jpg,0,0.006169900483564438
0184 (9).jpg,1,0.9536339157785481
0184.jpg,0,0.022234371493522743
0185 (10).jpg,0,0.008610031122318736
0185 (2).jpg,0,0.007769803501357928
0185 (3).jpg,1,0.861588477779553
0185 (4).jpg,0,0.006282008644889319
0185 (5).jpg,0,0.006764788314057408
0185 (6).jpg,0,0.007132756633985455
0185 (7).jpg,0,0.0077037047585306285
0185 (8).jpg,1,0.9877802820600172
0185 (9).jpg,0,0.009262194216401372
0185.jpg,0,0.17517831974296308
0186 (10).jpg,0,0.007612343361309022
0186 (2).jpg,0,0.006536306483110193
0186 (3).jpg,0,0.006959887900876211
0186 (4).jpg,0,0.008089432775323101
0186 (5).jpg,0,0.008668873893426209
0186 (6).jpg,0,0.00697827149316669
0186 (7).jpg,0,0.007469745396354452
0186 (8).jpg,0,0.007567718172878695
0186 (9).jpg,1,0.8973464173863016
0186.jpg,0,0.013093292673488206
0187 (10).jpg,0,0.009951203082636856
0187 (2).jpg,0,0.00916386130545782
0187 (3).jpg,0,0.008208782682059957
0187 (4).jpg,0,0.006524734326521725
0187 (5).jpg,0,0.030160832873374736
0187 (6).jpg,0,0.006223876903153105
0187 (7).jpg,0,0.010386905324675866
0187 (8).jpg,0,0.006254453973718957
0187 (9).jpg,0,0.006586783167397677
0187.jpg,0,0.00879418668707571
0188 (10).jpg,0,0.006876305600588652
0188 (2).jpg,0,0.00747533034724258
0188 (3).jpg,1,0.559555051748437
0188 (4).jpg,0,0.00881213806500451
0188 (5).jpg,0,0.008604376497140373
0188 (6).jpg,0,0.006226356913702332
0188 (7).jpg,0,0.0061954192955140115
0188 (8).jpg,0,0.006442532513967806
0188 (9).jpg,0,0.009072802699997827
0188.jpg,0,0.008509086236011914
0189 (10).jpg,0,0.010832690502089817
0189 (2).jpg,0,0.006485631341298983
0189 (3).jpg,0,0.006514047760752609
0189 (4).jpg,0,0.008484493607343657
0189 (5).jpg,0,0.006657993590766586
0189 (6).jpg,0,0.03268584725759292
0189 (7).jpg,0,0.0069247650931598455
0189 (8).jpg,0,0.10304576183104845
0189 (9).jpg,0,0.009770880422263584
0189.jpg,0,0.006874661881762295
0190 (10).jpg,0,0.008784958341966026
0190 (2).jpg,0,0.007708990403453666
0190 (3).jpg,0,0.007312398569896392
0190 (4).jpg,0,0.006355682538248045
0190 (5).jpg,0,0.007076219916425731
0190 (6).jpg,0,0.006317645952963684
0190 (7).jpg,0,0.006336305073245058
0190 (8).jpg,0,0.01822009798279557
0190 (9).jpg,0,0.010083983742363082
0190.jpg,0,0.008171195951326904
0191 (10).jpg,0,0.006283092086797462
0191 (2).jpg,0,0.0071366157925511235
0191 (3).jpg,0,0.00668879277957394
0191 (4).jpg,0,0.007495724729412332
0191 (5).jpg,0,0.006555729198908005
0191 (6).jpg,0,0.29177015992284444
0191 (7).jpg,0,0.006194882764920512
0191 (8).jpg,0,0.007231914622353884
0191 (9).jpg,0,0.008091931772318619
0191.jpg,0,0.008170491467655255
0192 (10).jpg,0,0.007515431225471317
0192 (2).jpg,0,0.006145408602680022
0192 (3).jpg,0,0.009945317338920177
0192 (4).jpg,0,0.006594020904188415
0192 (5).jpg,0,0.006304954325965069
0192 (6).jpg,0,0.006263851274617552
0192 (7).jpg,0,0.006734869653689445
0192 (8).jpg,0,0.006468371571468543
0192 (9).jpg,0,0.007436306580650936
0192.jpg,0,0.007485390755511961
0193 (10).jpg,0,0.006204398136547363
0193 (2).jpg,0,0.009157003133232191
0193 (3).jpg,0,0.006733700497691601
0193 (4).jpg,1,0.9780444512522165
0193 (5).jpg,0,0.037928118110571764
0193 (6).jpg,0,0.006450607933469841
0193 (7).jpg,0,0.006470859177777481
0193 (8).jpg,0,0.008056330432433768
0193 (9).jpg,0,0.007787985707545482
0193.jpg,0,0.02710467194034626
0194 (10).jpg,0,0.006227659769227433
0194 (2).jpg,0,0.006466567911164924
0194 (3).jpg,0,0.007344292894977807
0194 (4).jpg,0,0.006300802430575124
0194 (5).jpg,0,0.007829731799921726
0194 (6).jpg,0,0.007343949157362342
0194 (7).jpg,0,0.008265140039885226
0194 (8).jpg,0,0.013857593065419224
0194 (9).jpg,0,0.006985751859963457
0194.jpg,0,0.00675791506301918
0195 (10).jpg,0,0.0073041368947237215
0195 (2).jpg,0,0.009752306635246337
0195 (3).jpg,0,0.0077890914905019894
0195 (4).jpg,0,0.008985288178540909
0195 (5).jpg,0,0.010973589172039945
0195 (6).jpg,0,0.006156006042109454
0195 (7).jpg,0,0.012648731796473953
0195 (8).jpg,0,0.007795238952121219
0195 (9).jpg,0,0.006422349708142846
0195.jpg,0,0.011237687149165967
0196 (10).jpg,0,0.007125520226768681
0196 (2).jpg,0,0.006810006614876927
0196 (3).jpg,0,0.007384548659681694
0196 (4).jpg,0,0.007469675737400538
0196 (5).jpg,0,0.006875177994673134
0196 (6).jpg,0,0.0062301598382776355
0196 (7).jpg,0,0.007135082290784563
0196 (8).jpg,0,0.016021551600529604
0196 (9).jpg,0,0.006867548443662933
0196.jpg,1,0.49502900032793357
0197 (10).jpg,0,0.011756998499315106
0197 (2).jpg,0,0.010454090630619818
0197 (3).jpg,0,0.006217308367110844
0197 (4).jpg,0,0.009460925854006432
0197 (5).jpg,0,0.006249960147474722
0197 (6).jpg,0,0.006317022738828887
0197 (7).jpg,0,0.006403725482371482
0197 (8).jpg,0,0.006611859497763414
0197 (9).jpg,0,0.0066111158077262885
0197.jpg,0,0.006357364932988639
0198 (10).jpg,0,0.006312189260596159
0198 (2).jpg,0,0.007329602676892453
0198 (3).jpg,0,0.008372555464851527
0198 (4).jpg,0,0.0070669041953485175
0198 (5).jpg,0,0.006538397566697923
0198 (6).jpg,0,0.006218319179296394
0198 (7).jpg,0,0.007857076398114723
0198 (8).jpg,0,0.008378324178122606
0198 (9).jpg,0,0.008732776542095925
0198.jpg,0,0.006636824212409513
0199 (10).jpg,0,0.008726418009184646
0199 (2).jpg,0,0.006481394953945088
0199 (3).jpg,0,0.006226736144233543
0199 (4).jpg,0,0.00636560116030591
0199 (5).jpg,0,0.006983089094388268
0199 (6).jpg,0,0.006331478863951147
0199 (7).jpg,0,0.006488831011294798
0199 (8).jpg,0,0.0065372756927902
0199 (9).jpg,0,0.00932347366309214
0199.jpg,0,0.008676013748805219
0200 (10).jpg,0,0.009546042052840523
0200 (2).jpg,0,0.008602823205230382
0200 (3).jpg,0,0.23986023195224684
0200 (4).jpg,0,0.006668109729501941
0200 (5).jpg,0,0.006918861231854652
0200 (6).jpg,0,0.006160006545436225
0200 (7).jpg,0,0.007808664483341245
0200 (8).jpg,0,0.0067186783538411565
0200 (9).jpg,0,0.007410077192844406
0200.jpg,0,0.008572936225221428
0201 (10).jpg,0,0.007521519051509042
0201 (2).jpg,0,0.008034590731002251
0201 (3).jpg,0,0.01380161055663267
0201 (4).jpg,0,0.009157242748140556
0201 (5).jpg,0,0.008677846574843615
0201 (6).jpg,0,0.05597506831198984
0201 (7).jpg,0,0.006415447291750009
0201 (8).jpg,0,0.0072741556744922884
0201 (9).jpg,1,0.507714017618092
0201.jpg,0,0.007552105058297187
0202 (10).jpg,0,0.007514072949202434
0202 (2).jpg,0,0.006997114183228913
0202 (3).jpg,0,0.007038099576367404
0202 (4).jpg,0,0.006254248970207624
0202 (5).jpg,0,0.0062196461057001705
0202 (6).jpg,0,0.008559035136657683
0202 (7).jpg,0,0.006993382128639877
0202 (8).jpg,0,0.006531629000325474
0202 (9).jpg,0,0.06305910116417904
0202.jpg,0,0.006644777913432115
0203 (10).jpg,0,0.006851312780351129
0203 (2).jpg,0,0.008516847605676585
0203 (3).jpg,0,0.009668655907704698
0203 (4).jpg,0,0.00640749639392538
0203 (5).jpg,0,0.016084851025330395
0203 (6).jpg,0,0.011813707738351227
0203 (7).jpg,0,0.0074097444467981265
0203 (8).jpg,0,0.00853289122509306
0203 (9).jpg,0,0.033353726219700223
0203.jpg,0,0.009835752110822292
0204 (10).jpg,0,0.0073707191659387935
0204 (2).jpg,0,0.006773020816529046
0204 (3).jpg,0,0.013133077344130677
0204 (4).jpg,0,0.17151425965930744
0204 (5).jpg,0,0.006592000629576513
0204 (6).jpg,0,0.006735787804967033
0204 (7).jpg,0,0.00840109627694461
0204 (8).jpg,0,0.1795484593001
0204 (9).jpg,0,0.006355809310586809
0204.jpg,0,0.008681555901007117
0205 (10).jpg,0,0.0074004615986234
0205 (2).jpg,0,0.006440287386128729
0205 (3).jpg,0,0.006865564579130104
0205 (4).jpg,0,0.0063345314443217235
0205 (5).jpg,0,0.006315107938660252
0205 (6).jpg,0,0.0061959564165776915
0205 (7).jpg,0,0.006965820405325533
0205 (8).jpg,0,0.006475412519833997
0205 (9).jpg,0,0.006499010711355633
0205.jpg,0,0.007704655638715681
0206 (10).jpg,0,0.012736337493001086
0206 (2).jpg,0,0.011596285705278242
0206 (3).jpg,0,0.024110087636453528
0206 (4).jpg,0,0.006156957292654653
0206 (5).jpg,0,0.007045740761304777
0206 (6).jpg,0,0.006808989433538431
0206 (7).jpg,0,0.0065192219902363855
0206 (8).jpg,0,0.011463867749762956
0206 (9).jpg,0,0.006995697577303045
0206.jpg,0,0.007176868485221025
0207 (10).jpg,1,0.9884397421711414
0207 (2).jpg,0,0.00631327695324744
0207 (3).jpg,0,0.006829510432731741
0207 (4).jpg,0,0.0062030932098610355
0207 (5).jpg,0,0.01778022579914093
0207 (6).jpg,0,0.006323750851125883
0207 (7).jpg,0,0.0075772457336756764
0207 (8).jpg,0,0.006226664689611158
0207 (9).jpg,0,0.00806114620876268
0207.jpg,0,0.009219588518626897
0208 (10).jpg,0,0.006373815301809806
0208 (2).jpg,0,0.010235577839742327
0208 (3).jpg,0,0.007570184159430828
0208 (4).jpg,0,0.007015987882730872
0208 (5).jpg,0,0.010557201278740515
0208 (6).jpg,0,0.0068355815822329965
0208 (7).jpg,0,0.008973755286048712
0208 (8).jpg,0,0.00744612280005398
0208 (9).jpg,0,0.006751366393152197
0208.jpg,0,0.006520838184642659
0209 (10).jpg,0,0.006872975970890808
0209 (2).jpg,0,0.006542349419835736
0209 (3).jpg,0,0.007234269178744808
0209 (4).jpg,0,0.30723394046519253
0209 (5).jpg,0,0.007638947631808724
0209 (6).jpg,0,0.006739429609438391
0209 (7).jpg,0,0.006571704118569525
0209 (8).jpg,0,0.006612488157161736
0209 (9).jpg,0,0.009464893371169335
0209.jpg,0,0.014785722973702219
0210 (10).jpg,0,0.006282521418726683
0210 (2).jpg,0,0.008931115111191514
0210 (3).jpg,0,0.1644526323043135
0210 (4).jpg,0,0.006280287888485986
0210 (5).jpg,0,0.00704622843771801
0210 (6).jpg,0,0.006283505440434299
0210 (7).jpg,0,0.00780852715586719
0210 (8).jpg,0,0.012214767966196046
0210 (9).jpg,0,0.034191291059814166
0210.jpg,0,0.007408612873381374
0211 (10).jpg,0,0.006244081425188897
0211 (2).jpg,0,0.009669270438560102
0211 (3).jpg,0,0.011115391615621266
0211 (4).jpg,0,0.01042884318577475
0211 (5).jpg,0,0.008388449895484531
0211 (6).jpg,0,0.009911916012412227
0211 (7).jpg,0,0.006231448252277117
0211 (8).jpg,0,0.006588032417928885
0211 (9).jpg,0,0.010591377492112941
0211.jpg,0,0.008790076459676137
0212 (10).jpg,0,0.007887528948168148
0212 (2).jpg,0,0.009365571805331225
0212 (3).jpg,0,0.007149349495531219
0212 (4).jpg,0,0.006332892443291242
0212 (5).jpg,0,0.008235527747582459
0212 (6).jpg,0,0.006448329557225038
0212 (7).jpg,0,0.006444442233393213
0212 (8).jpg,0,0.00666538643005844
0212 (9).jpg,0,0.008076483610838878
0212.jpg,0,0.007483221566401953
0213 (10).jpg,0,0.006301152374152639
0213 (2).jpg,0,0.008365276466317366
0213 (3).jpg,0,0.007732220336348606
0213 (4).jpg,0,0.006337810432511336
0213 (5).jpg,0,0.006266520203806626
0213 (6).jpg,0,0.08614155568190648
0213 (7).jpg,0,0.009134492763857917
0213 (8).jpg,0,0.007552589307519598
0213 (9).jpg,0,0.04995433960424961
0213.jpg,0,0.025077363699556213
0214 (10).jpg,0,0.008297520753809032
0214 (2).jpg,0,0.006768676063225696
0214 (3).jpg,0,0.017173220768579356
0214 (4).jpg,0,0.010124505014279958
0214 (5).jpg,0,0.007120607744159926
0214 (6).jpg,0,0.006289562915211718
0214 (7).jpg,0,0.00657605860584059
0214 (8).jpg,0,0.006722985512209373
0214 (9).jpg,0,0.0078054709016185456
0214.jpg,0,0.013403282607419475
0215 (10).jpg,0,0.043424425556022
0215 (2).jpg,0,0.013397941646775925
0215 (3).jpg,0,0.012271601297658166
0215 (4).jpg,0,0.006289036345573605
0215 (5).jpg,0,0.007447166819300918
0215 (6).jpg,0,0.007241541241448967
0215 (7).jpg,0,0.006802975593100881
0215 (8).jpg,0,0.006746519453441958
0215 (9).jpg,0,0.007258883780600779
0215.jpg,0,0.009144835519035173
0216 (10).jpg,0,0.008460456864840395
0216 (2).jpg,0,0.09015574397014127
0216 (3).jpg,0,0.008076974625526619
0216 (4).jpg,0,0.006690953332266345
0216 (5).jpg,0,0.09986809084847546
0216 (6).jpg,0,0.012271457418660751
0216 (7).jpg,0,0.006239576051485228
0216 (8).jpg,0,0.006273468218425576
0216 (9).jpg,0,0.00822776513532658
0216.jpg,0,0.026465278363713134
0217 (10).jpg,0,0.007951424271464272
0217 (2).jpg,0,0.00689777021908508
0217 (3).jpg,0,0.006991854577419604
0217 (4).jpg,0,0.006703366942498085
0217 (5).jpg,0,0.39001551087980546
0217 (6).jpg,0,0.006307947614556244
0217 (7).jpg,0,0.006357420040799504
0217 (8).jpg,0,0.008618217644610906
0217 (9).jpg,0,0.2760136420147403
0217.jpg,0,0.006904600172043211
0218 (10).jpg,0,0.006523652439499142
0218 (2).jpg,1,0.8962422901686868
0218 (3).jpg,0,0.009638659888969567
0218 (4).jpg,0,0.0062405832065722845
0218 (5).jpg,0,0.006636799079875688
0218 (6).jpg,0,0.006258231542212505
0218 (7).jpg,0,0.00788495061610361
0218 (8).jpg,0,0.006585413892052972
0218 (9).jpg,0,0.007766313683942388
0218.jpg,0,0.018790919072829725
0219 (10).jpg,0,0.008029531053314042
0219 (2).jpg,0,0.008088066833275863
0219 (3).jpg,0,0.008016057536077963
0219 (4).jpg,0,0.007883333221326493
0219 (5).jpg,0,0.006794829960723107
0219 (6).jpg,0,0.006639689990541278
0219 (7).jpg,0,0.006164207925786182
0219 (8).jpg,0,0.006351380527043367
0219 (9).jpg,0,0.013042307872917849
0219.jpg,0,0.011916916261243665
0220 (10).jpg,0,0.0065574410886668506
0220 (2).jpg,0,0.008019075613907382
0220 (3).jpg,0,0.00688629680468419
0220 (4).jpg,0,0.018660333425666288
0220 (5).jpg,0,0.006253943045057584
0220 (6).jpg,0,0.0061893725105095715
0220 (7).jpg,0,0.00655728162079598
0220 (8).jpg,0,0.006862308495075018
0220 (9).jpg,0,0.016595821601480876
0220.jpg,0,0.008229148962567946
0221 (10).jpg,0,0.0068381725336984014
0221 (2).jpg,0,0.007266285222139446
0221 (3).jpg,0,0.007060954498633174
0221 (4).jpg,0,0.0065446897178460285
0221 (5).jpg,0,0.00664487856320698
0221 (6).jpg,0,0.00793127542469864
0221 (7).jpg,0,0.006243901315277728
0221 (8).jpg,0,0.01837629519457876
0221 (9).jpg,1,0.6735502655645303
0221.jpg,0,0.010861004477574562
0222 (10).jpg,0,0.006732817571331144
0222 (2).jpg,0,0.00724704092812703
0222 (3).jpg,0,0.025576699369251853
0222 (4).jpg,0,0.006248852008984846
0222 (5).jpg,0,0.007673077787356404
0222 (6).jpg,0,0.006774669974627513
0222 (7).jpg,0,0.0067996766955614575
0222 (8).jpg,0,0.006173808732037444
0222 (9).jpg,0,0.012848477381400755
0222.jpg,1,0.924558586867108
0223 (10).jpg,0,0.006226464567100363
0223 (2).jpg,1,0.662756304783319
0223 (3).jpg,0,0.0061788480378126495
0223 (4).jpg,0,0.006431413575062178
0223 (5).jpg,0,0.02170788811815841
0223 (6).jpg,0,0.006415255680830819
0223 (7).jpg,0,0.008286062650777781
0223 (8).jpg,0,0.006356046107549154
0223 (9).jpg,0,0.0077984115082602706
0223.jpg,1,0.5854761100002572
0224 (10).jpg,0,0.00783030705604432
0224 (2).jpg,0,0.00736991609697694
0224 (3).jpg,0,0.007881689034999868
0224 (4).jpg,0,0.007950983074265328
0224 (5).jpg,0,0.009586906434835472
0224 (6).jpg,0,0.006804917153065377
0224 (7).jpg,0,0.006558074109303871
0224 (8).jpg,0,0.006509883674941012
0224 (9).jpg,0,0.009976713751389104
0224.jpg,0,0.013899960640377566
0225 (10).jpg,0,0.008589022409051496
0225 (2).jpg,0,0.011839965784414288
0225 (3).jpg,0,0.09195985913592168
0225 (4).jpg,0,0.006526869562633586
0225 (5).jpg,0,0.007626269419259879
0225 (6).jpg,0,0.006660679285348399
0225 (7).jpg,0,0.006603186023734978
0225 (8).jpg,0,0.007056080784957007
0225 (9).jpg,0,0.007439691845631018
0225.jpg,0,0.008223731603413746
0226 (10).jpg,0,0.016077864236544677
0226 (2).jpg,0,0.009465909451708039
0226 (3).jpg,0,0.006348100342594519
0226 (4).jpg,0,0.008873469176826984
0226 (5).jpg,0,0.006377852362096858
0226 (6).jpg,0,0.009127805642131715
0226 (7).jpg,0,0.007155302352104205
0226 (8).jpg,0,0.01407684058165907
0226 (9).jpg,0,0.010491284554047754
0226.jpg,0,0.014887740344528512
0227 (10).jpg,0,0.007041023826914431
0227 (2).jpg,1,0.5587944024770043
0227 (3).jpg,0,0.006952552300107359
0227 (4).jpg,0,0.011444229228862334
0227 (5).jpg,0,0.3587214718599204
0227 (6).jpg,1,0.7790421430194068
0227 (7).jpg,1,0.9909890878861798
0227 (8).jpg,0,0.006202095403752333
0227 (9).jpg,0,0.022257292604324932
0227.jpg,0,0.007852277180543904
0228 (10).jpg,0,0.0075756315031606436
0228 (2).jpg,0,0.007545468650763098
0228 (3).jpg,0,0.009976500661430377
0228 (4).jpg,0,0.007198348552105592
0228 (5).jpg,0,0.011638973476341461
0228 (6).jpg,0,0.006483574276199956
0228 (7).jpg,0,0.008341907391084084
0228 (8).jpg,0,0.006464853770650677
0228 (9).jpg,0,0.007930615367420672
0228.jpg,0,0.007513632958744242
0229 (10).jpg,0,0.0063471647456745895
0229 (2).jpg,0,0.010177339418547189
0229 (3).jpg,0,0.007338898836987249
0229 (4).jpg,0,0.2892925248414461
0229 (5).jpg,0,0.007398629864574017
0229 (6).jpg,0,0.006494207311628388
0229 (7).jpg,0,0.007779120892701261
0229 (8).jpg,0,0.00667567278832088
0229 (9).jpg,0,0.012480197207748218
0229.jpg,0,0.011086999796529702
0230 (10).jpg,0,0.00835657549368852
0230 (2).jpg,0,0.006548278895334104
0230 (3).jpg,0,0.0064458646106495135
0230 (4).jpg,0,0.006794508274938348
0230 (5).jpg,0,0.014187126107480097
0230 (6).jpg,0,0.006188256586997286
0230 (7).jpg,0,0.007672519996578547
0230 (8).jpg,0,0.006476580799260405
0230 (9).jpg,0,0.007459983292087658
0230.jpg,0,0.00679793386796702
0231 (10).jpg,0,0.006587020961420451
0231 (2).jpg,0,0.006389517938429641
0231 (3).jpg,0,0.006373408685041186
0231 (4).jpg,0,0.0063929171567513295
0231 (5).jpg,0,0.013428242586555382
0231 (6).jpg,0,0.23217528726854572
0231 (7).jpg,0,0.007051420892712158
0231 (8).jpg,0,0.006366743563949372
0231 (9).jpg,0,0.006555743957593508
0231.jpg,0,0.01054509459797789
0232 (10).jpg,0,0.006458111525810634
0232 (2).jpg,0,0.009708622370339441
0232 (3).jpg,0,0.006547461005557915
0232 (4).jpg,0,0.0076205284605184295
0232 (5).jpg,0,0.006669512324665514
0232 (6).jpg,0,0.006793797086698082
0232 (7).jpg,0,0.006854430200805593
0232 (8).jpg,0,0.006361866231153812
0232 (9).jpg,0,0.01656410616180738
0232.jpg,0,0.00792496872772667
0233 (10).jpg,0,0.0069477599145204745
0233 (2).jpg,0,0.0070154528911081345
0233 (3).jpg,0,0.04187409068802781
0233 (4).jpg,0,0.006595712163143983
0233 (5).jpg,0,0.006790650033864576
0233 (6).jpg,0,0.008683571507124933
0233 (7).jpg,0,0.006718835604712666
0233 (8).jpg,0,0.06001026612332214
0233 (9).jpg,0,0.01147009201204464
0233.jpg,0,0.007890173459210068
0234 (10).jpg,0,0.15143237901823917
0234 (2).jpg,0,0.006319657984306706
0234 (3).jpg,0,0.007930647118712155
0234 (4).jpg,0,0.006555912207364207
0234 (5).jpg,0,0.006645613710755092
0234 (6).jpg,0,0.0063692010301794125
0234 (7).jpg,0,0.006811121651394567
0234 (8).jpg,0,0.012236097060142082
0234 (9).jpg,0,0.006280903295500028
0234.jpg,0,0.0064732754311708374
0235 (10).jpg,0,0.011486181290510444
0235 (2).jpg,0,0.008087157910120515
0235 (3).jpg,0,0.0071819886709722424
0235 (4).jpg,0,0.007486365933318881
0235 (5).jpg,0,0.006667396966344761
0235 (6).jpg,0,0.006163027571680746
0235 (7).jpg,0,0.0063439219246303
0235 (8).jpg,0,0.12544646418481956
0235 (9).jpg,0,0.04222284431273366
0235.jpg,1,0.5009852004920052
0236 (10).jpg,0,0.006505154858773924
0236 (2).jpg,0,0.007233162325043556
0236 (3).jpg,0,0.010538286731076492
0236 (4).jpg,0,0.006372337172367609
0236 (5).jpg,0,0.009880127762891674
0236 (6).jpg,0,0.006674852881349725
0236 (7).jpg,0,0.0062270316205974155
0236 (8).jpg,0,0.013575635713672107
0236 (9).jpg,0,0.008924715135348016
0236.jpg,0,0.006713677569788274
0237 (10).jpg,0,0.006460928400799946
0237 (2).jpg,0,0.00905387340518062
0237 (3).jpg,0,0.006383469755940713
0237 (4).jpg,0,0.00626654623181878
0237 (5).jpg,0,0.006709131872087348
0237 (6).jpg,0,0.007639830791363307
0237 (7).jpg,0,0.00690498271323299
0237 (8).jpg,0,0.13079078434703617
0237 (9).jpg,0,0.008501909003180005
0237.jpg,0,0.009278180312618945
0238 (10).jpg,0,0.00616990793899695
0238 (2).jpg,0,0.013251247735670385
0238 (3).jpg,0,0.006468691083668063
0238 (4).jpg,0,0.0067955542793404445
0238 (5).jpg,0,0.00744322294858981
0238 (6).jpg,0,0.006288584378273022
0238 (7).jpg,0,0.006537542923777657
0238 (8).jpg,0,0.019443986516384053
0238 (9).jpg,0,0.010268003693557614
0238.jpg,0,0.01260016541294021
0239 (10).jpg,0,0.007453978714240054
0239 (2).jpg,0,0.006416582084933438
0239 (3).jpg,0,0.007177016476784198
0239 (4).jpg,0,0.007089343102673011
0239 (5).jpg,0,0.006368148374740062
0239 (6).jpg,0,0.013698121414865753
0239 (7).jpg,0,0.009922439418768036
0239 (8).jpg,0,0.015605116928881222
0239 (9).jpg,1,0.9645283649415455
0239.jpg,0,0.07505136139976545
0240 (10).jpg,0,0.010107280963568718
0240 (2).jpg,0,0.01059264402785048
0240 (3).jpg,0,0.00665175723264686
0240 (4).jpg,0,0.0063089320029924454
0240 (5).jpg,0,0.01215968790652709
0240 (6).jpg,0,0.011512945983360562
0240 (7).jpg,0,0.0064323702281867245
0240 (8).jpg,0,0.006396263740658532
0240 (9).jpg,0,0.03648909295399428
0240.jpg,0,0.00655141549779375
0241 (10).jpg,0,0.006307907446755346
0241 (2).jpg,0,0.006646696758950784
0241 (3).jpg,0,0.00616330494770908
0241 (4).jpg,0,0.006255095192567121
0241 (5).jpg,0,0.006265882467533439
0241 (6).jpg,0,0.0071128430512972275
0241 (7).jpg,0,0.008586405921719801
0241 (8).jpg,0,0.00785905169388485
0241 (9).jpg,0,0.022941688992614253
0241.jpg,0,0.00805825762115299
0242 (10).jpg,0,0.00650459846954035
0242 (2).jpg,0,0.009026287700712001
0242 (3).jpg,0,0.006393916070924841
0242 (4).jpg,0,0.008108267998181483
0242 (5).jpg,0,0.007157954867126671
0242 (6).jpg,0,0.008917454766111003
0242 (7).jpg,0,0.010252858807826525
0242 (8).jpg,0,0.007280022575956078
0242 (9).jpg,0,0.007790581934289972
0242.jpg,0,0.00761931615934452
0243 (10).jpg,0,0.025657219839515605
0243 (2).jpg,1,0.8381088566337522
0243 (3).jpg,1,0.9891981397052733
0243 (4).jpg,0,0.0062364749255628795
0243 (5).jpg,0,0.0074790414491513095
0243 (6).jpg,0,0.00686079761529991
0243 (7).jpg,0,0.006752908999470454
0243 (8).jpg,0,0.0063014572227170045
0243 (9).jpg,0,0.009547355498750089
0243.jpg,0,0.007266612431852487
0244 (10).jpg,0,0.006331506207664281
0244 (2).jpg,0,0.009162938291214534
0244 (3).jpg,0,0.013716175379254736
0244 (4).jpg,0,0.007056433265201746
0244 (5).jpg,0,0.07046676040726405
0244 (6).jpg,0,0.006264450869355746
0244 (7).jpg,0,0.006445903912213042
0244 (8).jpg,0,0.009835804210359185
0244 (9).jpg,0,0.011499159052990315
0244.jpg,0,0.01052855903920515
0245 (10).jpg,0,0.006896331847023
0245 (2).jpg,0,0.01250322795099324
0245 (3).jpg,0,0.006897032134353758
0245 (4).jpg,0,0.007528108807173503
0245 (5).jpg,0,0.006975820401382031
0245 (6).jpg,0,0.0062286106273014685
0245 (7).jpg,0,0.006653117067036046
0245 (8).jpg,0,0.0065967339615044945
0245 (9).jpg,0,0.006604903739810892
0245.jpg,0,0.011126426260016052
0246 (10).jpg,0,0.006704915887044071
0246 (2).jpg,0,0.007795464383195713
0246 (3).jpg,0,0.006421784441586694
0246 (4).jpg,0,0.00625718045741575
0246 (5).jpg,0,0.0071710094790240425
0246 (6).jpg,0,0.006289268834584997
0246 (7).jpg,0,0.006249328162450774
0246 (8).jpg,0,0.006827330192963145
0246 (9).jpg,0,0.010155258115435759
0246.jpg,0,0.006227548855719943
0247 (10).jpg,0,0.006338706001839424
0247 (2).jpg,0,0.007440980846818536
0247 (3).jpg,0,0.32973587883287514
0247 (4).jpg,0,0.00641124946577265
0247 (5).jpg,0,0.00643575296018274
0247 (6).jpg,0,0.006239897906760054
0247 (7).jpg,0,0.006848031062183436
0247 (8).jpg,0,0.0067315265021683085
0247 (9).jpg,0,0.006697640587822411
0247.jpg,1,0.5934834992960487
0248 (10).jpg,0,0.006384662265138152
0248 (2).jpg,1,0.9825576638863142
0248 (3).jpg,0,0.007432071325324306
0248 (4).jpg,0,0.06907091655383886
0248 (5).jpg,0,0.007368405311842197
0248 (6).jpg,0,0.006663507565170449
0248 (7).jpg,0,0.00799387158257912
0248 (8).jpg,0,0.006435384787250668
0248 (9).jpg,0,0.006758152320608819
0248.jpg,0,0.3685041395710798
0249 (10).jpg,0,0.006281883579870888
0249 (2).jpg,0,0.006798229344954793
0249 (3).jpg,0,0.01730209917538687
0249 (4).jpg,0,0.0065523729355811515
0249 (5).jpg,0,0.0062914419976459034
0249 (6).jpg,0,0.0066267672118789055
0249 (7).jpg,0,0.00631521447107734
0249 (8).jpg,0,0.007534282893985793
0249 (9).jpg,0,0.00665227055670597
0249.jpg,1,0.8034488124912876
0250 (10).jpg,0,0.010203726749611407
0250 (2).jpg,0,0.006483685828773125
0250 (3).jpg,0,0.006741054513212289
0250 (4).jpg,0,0.006171049960672139
0250 (5).jpg,0,0.0062685853409671834
0250 (6).jpg,0,0.011755059262956174
0250 (7).jpg,0,0.006202917423891359
0250 (8).jpg,0,0.006725860825971025
0250 (9).jpg,0,0.006520339787191273
0250.jpg,0,0.007379806210992419
0251 (10).jpg,0,0.007260751849752966
0251 (2).jpg,0,0.03295741974270787
0251 (3).jpg,0,0.08271710087526664
0251 (4).jpg,0,0.0068870169587487455
0251 (5).jpg,0,0.0079970118488454
0251 (6).jpg,0,0.008295359655522442
0251 (7).jpg,0,0.007522595110973643
0251 (8).jpg,0,0.006451148469943841
0251 (9).jpg,0,0.0073840422072875694
0251.jpg,0,0.0075471799708343315
0252 (10).jpg,0,0.006823520786990877
0252 (2).jpg,0,0.006636067372795667
0252 (3).jpg,0,0.006410576634927171
0252 (4).jpg,0,0.31516147083887935
0252 (5).jpg,0,0.009862598159526772
0252 (6).jpg,0,0.006498441287737724
0252 (7).jpg,0,0.007023244547453774
0252 (8).jpg,0,0.0601482124033459
0252 (9).jpg,0,0.007674708179040567
0252.jpg,0,0.014823699425717329
0253 (10).jpg,0,0.007850390035497269
0253 (2).jpg,0,0.006252676203207601
0253 (3).jpg,0,0.009958812263065357
0253 (4).jpg,0,0.00639173330016369
0253 (5).jpg,0,0.008005242607861791
0253 (6).jpg,0,0.006576150819352601
0253 (7).jpg,0,0.006531269309667103
0253 (8).jpg,0,0.00628598528157864
0253 (9).jpg,0,0.011316044661639504
0253.jpg,0,0.01325493869548672
0254 (10).jpg,0,0.006902857859971285
0254 (2).jpg,0,0.007256628579047422
0254 (3).jpg,0,0.008019077468509063
0254 (4).jpg,0,0.0066171182061451235
0254 (5).jpg,0,0.007373067755196102
0254 (6).jpg,0,0.006385347823264367
0254 (7).jpg,0,0.05773131316788153
0254 (8).jpg,0,0.024459435227379478
0254 (9).jpg,0,0.12421290895734251
0254.jpg,0,0.010559561249755352
0255 (10).jpg,0,0.033627626924348994
0255 (2).jpg,0,0.00667073557361758
0255 (3).jpg,0,0.00888592093290889
0255 (4).jpg,0,0.012301784681808717
0255 (5).jpg,0,0.0064606756988800345
0255 (6).jpg,0,0.006586202714518283
0255 (7).jpg,0,0.007811155623814054
0255 (8).jpg,0,0.006632722428859889
0255 (9).jpg,0,0.008262991231031176
0255.jpg,0,0.00874446742550899
0256 (10).jpg,0,0.006758824092875966
0256 (2).jpg,0,0.006459401892996704
0256 (3).jpg,0,0.00736118454301653
0256 (4).jpg,0,0.006736506850772736
0256 (5).jpg,0,0.009888793654085395
0256 (6).jpg,0,0.00619000896779944
0256 (7).jpg,0,0.006427911737801369
0256 (8).jpg,0,0.007003857523211008
0256 (9).jpg,0,0.0063953644750129
0256.jpg,0,0.010430255635706162
0257 (10).jpg,0,0.04045278423677616
0257 (2).jpg,0,0.016869655043870956
0257 (3).jpg,0,0.011547666887594234
0257 (4).jpg,0,0.006277245505070784
0257 (5).jpg,0,0.006325042531913319
0257 (6).jpg,0,0.006391254325049259
0257 (7).jpg,1,0.5548851184244951
0257 (8).jpg,0,0.007771025290156315
0257 (9).jpg,0,0.00642633578193483
0257.jpg,0,0.007959079171628063
0258 (10).jpg,0,0.007766983885491912
0258 (2).jpg,0,0.00657511542244216
0258 (3).jpg,1,0.759972592568588
0258 (4).jpg,0,0.006239295659531741
0258 (5).jpg,0,0.006724893656382214
0258 (6).jpg,0,0.006338472248402788
0258 (7).jpg,0,0.007282925541910756
0258 (8).jpg,0,0.12399551404690105
0258 (9).jpg,0,0.009324648755377536
0258.jpg,0,0.0068509504433230525
0259 (10).jpg,0,0.006876984713060084
0259 (2).jpg,0,0.013770041277967783
0259 (3).jpg,0,0.0075457100202651955
0259 (4).jpg,0,0.006596336305327097
0259 (5).jpg,0,0.006719371240246838
0259 (6).jpg,0,0.0062695142272951076
0259 (7).jpg,0,0.006552210065824172
0259 (8).jpg,0,0.0082617704380421
0259 (9).jpg,0,0.006886540295553122
0259.jpg,0,0.007794259179696123
0260 (10).jpg,0,0.00623780851565744
0260 (2).jpg,0,0.007833585052444823
0260 (3).jpg,0,0.006235132542515862
0260 (4).jpg,0,0.009799689413889678
0260 (5).jpg,0,0.006559149720631696
0260 (6).jpg,0,0.006153849835393674
0260 (7).jpg,0,0.006371777637060114
0260 (8).jpg,0,0.04666654167916963
0260 (9).jpg,0,0.010246749667150267
0260.jpg,0,0.00952241287116377
0261 (10).jpg,0,0.00741876466699063
0261 (2).jpg,0,0.009480137960223914
0261 (3).jpg,0,0.007271788974540561
0261 (4).jpg,0,0.006465347133740274
0261 (5).jpg,0,0.006862719384976988
0261 (6).jpg,0,0.007281725231126208
0261 (7).jpg,0,0.006641404058270217
0261 (8).jpg,0,0.006312053253746444
0261 (9).jpg,0,0.007600772634502689
0261.jpg,0,0.03695287710049717
0262 (10).jpg,0,0.00666671525101849
0262 (2).jpg,0,0.006736058323198037
0262 (3).jpg,0,0.006511410526044354
0262 (4).jpg,0,0.015205465759222672
0262 (5).jpg,0,0.006335155417675756
0262 (6).jpg,0,0.007574951074470486
0262 (7).jpg,0,0.007063621681712182
0262 (8).jpg,1,0.9249260118427608
0262 (9).jpg,0,0.006681742089401935
0262.jpg,0,0.009267199113352468
0263 (10).jpg,0,0.006468604378391683
0263 (2).jpg,0,0.007027016574603573
0263 (3).jpg,1,0.9852228410594027
0263 (4).jpg,0,0.006503043634543817
0263 (5).jpg,0,0.00784462019195639
0263 (6).jpg,0,0.0077513055977580705
0263 (7).jpg,0,0.007230750937749023
0263 (8).jpg,0,0.006282874467511373
0263 (9).jpg,0,0.03982906833516667
0263.jpg,0,0.007839489858556592
0264 (10).jpg,0,0.006575209813090919
0264 (2).jpg,0,0.007609640106238949
0264 (3).jpg,0,0.007376171700208673
0264 (4).jpg,0,0.08870937485269675
0264 (5).jpg,0,0.0068118964028943884
0264 (6).jpg,0,0.00675721156747508
0264 (7).jpg,0,0.00624792026813761
0264 (8).jpg,0,0.007166868988458668
0264 (9).jpg,0,0.008849249295408606
0264.jpg,0,0.006385405907035552
0265 (10).jpg,0,0.00961112495979999
0265 (2).jpg,0,0.0067733440441888155
0265 (3).jpg,0,0.006497300341197804
0265 (4).jpg,0,0.006738826864997968
0265 (5).jpg,0,0.007294211543848096
0265 (6).jpg,0,0.006488622139350317
0265 (7).jpg,0,0.01559036501874112
0265 (8).jpg,0,0.007072966311109208
0265 (9).jpg,0,0.007862863088163518
0265.jpg,0,0.022790673342838727
0266 (10).jpg,0,0.006656829172366374
0266 (2).jpg,0,0.00653055845595744
0266 (3).jpg,0,0.006543592472668491
0266 (4).jpg,0,0.006180375039361692
0266 (5).jpg,0,0.00800441034581782
0266 (6).jpg,0,0.006403759332030618
0266 (7).jpg,0,0.007671876868111288
0266 (8).jpg,0,0.010491732490921498
0266 (9).jpg,0,0.00998277288046253
0266.jpg,0,0.006575021609461225
0267 (10).jpg,0,0.007876700660639375
0267 (2).jpg,0,0.10406665448614705
0267 (3).jpg,0,0.04451338437865108
0267 (4).jpg,0,0.014290954313575117
0267 (5).jpg,0,0.0071281662098201075
0267 (6).jpg,0,0.006428138973888005
0267 (7).jpg,0,0.006603737216479678
0267 (8).jpg,0,0.006549204245570671
0267 (9).jpg,0,0.030616932020041208
0267.jpg,0,0.006824482579892224
0268 (10).jpg,0,0.006396137662577208
0268 (2).jpg,0,0.007503693210590574
0268 (3).jpg,0,0.023808197813685726
0268 (4).jpg,0,0.007324623715964609
0268 (5).jpg,0,0.011011687817985283
0268 (6).jpg,0,0.006230295817149669
0268 (7).jpg,0,0.006461230765063931
0268 (8).jpg,0,0.007988734671256586
0268 (9).jpg,0,0.007976854814578126
0268.jpg,0,0.015240469929629515
0269 (10).jpg,0,0.0068002804407832846
0269 (2).jpg,0,0.006235509170653649
0269 (3).jpg,0,0.006428075228189438
0269 (4).jpg,0,0.010141285019434934
0269 (5).jpg,0,0.020752651924505535
0269 (6).jpg,0,0.03520832267473707
0269 (7).jpg,0,0.0066828098263198394
0269 (8).jpg,0,0.009382339944011856
0269 (9).jpg,0,0.006218006833891672
0269.jpg,0,0.006787619766156565
0270 (10).jpg,0,0.007359257609371798
0270 (2).jpg,0,0.007249590921779344
0270 (3).jpg,0,0.006997262247512779
0270 (4).jpg,0,0.011882463996664086
0270 (5).jpg,0,0.007384886360280359
0270 (6).jpg,0,0.0063161131444080315
0270 (7).jpg,0,0.0068786121105568615
0270 (8).jpg,0,0.006266427935257326
0270 (9).jpg,0,0.0161521475212198
0270.jpg,0,0.006923429729514468
0271 (10).jpg,0,0.11982592463225553
0271 (2).jpg,0,0.009578534667066489
0271 (3).jpg,0,0.006211016364648013
0271 (4).jpg,0,0.006343077589784753
0271 (5).jpg,0,0.006779131068377487
0271 (6).jpg,0,0.10405697756066783
0271 (7).jpg,0,0.008915973453628023
0271 (8).jpg,0,0.02729508252590207
0271 (9).jpg,0,0.008085536178128223
0271.jpg,0,0.007394615683136227
0272 (10).jpg,0,0.006789802919805983
0272 (2).jpg,0,0.007761895312545143
0272 (3).jpg,0,0.006359211709732104
0272 (4).jpg,0,0.006200882267556755
0272 (5).jpg,0,0.017944295066539624
0272 (6).jpg,0,0.006360954821393483
0272 (7).jpg,0,0.010455383128355124
0272 (8).jpg,0,0.008261248042207577
0272 (9).jpg,0,0.006365994444531669
0272.jpg,0,0.012044416353618454
0273 (10).jpg,0,0.009736528599190301
0273 (2).jpg,0,0.0073819596753497314
0273 (3).jpg,0,0.007512129814903461
0273 (4).jpg,0,0.006598732732377558
0273 (5).jpg,0,0.009438566334846691
0273 (6).jpg,0,0.00645854258116393
0273 (7).jpg,0,0.006570742184035952
0273 (8).jpg,0,0.007799658041249161
0273 (9).jpg,0,0.007388157635820943
0273.jpg,0,0.006610817715954694
0274 (10).jpg,0,0.007816440296777064
0274 (2).jpg,0,0.006424192812715361
0274 (3).jpg,0,0.007046703517330705
0274 (4).jpg,0,0.006285384931677807
0274 (5).jpg,1,0.5502092909635568
0274 (6).jpg,0,0.00701473296757552
0274 (7).jpg,0,0.006189355833328451
0274 (8).jpg,0,0.006242180824599079
0274 (9).jpg,0,0.012883600806070412
0274.jpg,0,0.027635088365177085
0275 (10).jpg,0,0.008662536333545218
0275 (2).jpg,0,0.00897973999921971
0275 (3).jpg,0,0.011329376373520293
0275 (4).jpg,0,0.006968752148435487
0275 (5).jpg,0,0.00795083971370525
0275 (6).jpg,0,0.006323627338555301
0275 (7).jpg,0,0.008022096319211455
0275 (8).jpg,0,0.007759764320393546
0275 (9).jpg,0,0.012965751746353222
0275.jpg,0,0.009824138729606132
0276 (10).jpg,0,0.01028723140094809
0276 (2).jpg,0,0.0062909712514005595
0276 (3).jpg,0,0.009672842298276762
0276 (4).jpg,0,0.006237482955288525
0276 (5).jpg,0,0.15728436704251872
0276 (6).jpg,0,0.008438309719809871
0276 (7).jpg,0,0.006453548696528043
0276 (8).jpg,0,0.27852320308214484
0276 (9).jpg,0,0.006820843165964129
0276.jpg,0,0.011723557611018051
0277 (10).jpg,0,0.02771079354593741
0277 (2).jpg,0,0.006553218933421069
0277 (3).jpg,0,0.0063710518585937854
0277 (4).jpg,0,0.010081026969666482
0277 (5).jpg,0,0.008955290591424352
0277 (6).jpg,0,0.006466706505064649
0277 (7).jpg,0,0.007900164121406046
0277 (8).jpg,0,0.006948699184542697
0277 (9).jpg,0,0.008726432326796858
0277.jpg,0,0.006145126454097554
0278 (10).jpg,0,0.006797263320029737
0278 (2).jpg,0,0.008954856090427486
0278 (3).jpg,0,0.00866554739379916
0278 (4).jpg,0,0.008639375919505763
0278 (5).jpg,0,0.0071852815083278294
0278 (6).jpg,0,0.0070099455948592895
0278 (7).jpg,0,0.006485237667325546
0278 (8).jpg,0,0.006368207445214775
0278 (9).jpg,0,0.0064944206189191216
0278.jpg,0,0.0067579844657846095
0279 (10).jpg,0,0.006409728433970686
0279 (2).jpg,0,0.007099297864443782
0279 (3).jpg,0,0.007496040676266
0279 (4).jpg,0,0.00724195358169478
0279 (5).jpg,0,0.00836954340840947
0279 (6).jpg,0,0.01281697449587197
0279 (7).jpg,0,0.007121075824400305
0279 (8).jpg,0,0.006531678256387461
0279 (9).jpg,0,0.006926305552234312
0279.jpg,0,0.006450714936731384
0280 (10).jpg,0,0.006615148777145626
0280 (2).jpg,0,0.006329889782023154
0280 (3).jpg,0,0.006467241036841245
0280 (4).jpg,0,0.008201043456710301
0280 (5).jpg,0,0.013901877638952915
0280 (6).jpg,0,0.008270935364738663
0280 (7).jpg,0,0.008173981877949784
0280 (8).jpg,0,0.0063527867882597734
0280 (9).jpg,0,0.008434308275131539
0280.jpg,0,0.007147751305094589
0281 (10).jpg,0,0.011768180026053456
0281 (2).jpg,0,0.007698613708824078
0281 (3).jpg,0,0.014221672938426818
0281 (4).jpg,0,0.030718002920381574
0281 (5).jpg,0,0.00667311884491003
0281 (6).jpg,0,0.006440551699870039
0281 (7).jpg,0,0.006628802040387563
0281 (8).jpg,0,0.007578175464800325
0281 (9).jpg,0,0.007761079630233795
0281.jpg,0,0.006656570447372385
0282 (10).jpg,0,0.008416872326105518
0282 (2).jpg,0,0.006690443764452171
0282 (3).jpg,0,0.0070743873976331475
0282 (4).jpg,0,0.006344628421882408
0282 (5).jpg,0,0.006315249007791133
0282 (6).jpg,0,0.006330247000427336
0282 (7).jpg,0,0.006164790022806834
0282 (8).jpg,0,0.00627281246134848
0282 (9).jpg,0,0.00697958545345281
0282.jpg,0,0.007308144345770619
0283 (10).jpg,0,0.008566416570102788
0283 (2).jpg,0,0.0349811354357569
0283 (3).jpg,0,0.15163225046154802
0283 (4).jpg,0,0.0062864924462098844
0283 (5).jpg,0,0.007042095848985341
0283 (6).jpg,0,0.006453624384835937
0283 (7).jpg,0,0.006653799509483737
0283 (8).jpg,0,0.00775415096143549
0283 (9).jpg,0,0.010040057051646808
0283.jpg,0,0.011136329990234471
0284 (10).jpg,0,0.007111337479088263
0284 (2).jpg,0,0.006846853454827492
0284 (3).jpg,0,0.006926106565457253
0284 (4).jpg,0,0.006297110656205459
0284 (5).jpg,0,0.0067437861014767375
0284 (6).jpg,0,0.007689720396250894
0284 (7).jpg,0,0.006284813847642837
0284 (8).jpg,0,0.006350037566924443
0284 (9).jpg,0,0.00815639036883959
0284.jpg,0,0.011527935416645192
0285 (10).jpg,0,0.00798664032111425
0285 (2).jpg,0,0.007037350904121318
0285 (3).jpg,1,0.6445812312528529
0285 (4).jpg,0,0.01101127170807794
0285 (5).jpg,0,0.007590290170450023
0285 (6).jpg,0,0.006342819562647953
0285 (7).jpg,0,0.006420291185229047
0285 (8).jpg,0,0.009019314089168036
0285 (9).jpg,0,0.012515356269399654
0285.jpg,0,0.006879837593717874
0286 (10).jpg,0,0.006838025295489664
0286 (2).jpg,0,0.10797992358346337
0286 (3).jpg,0,0.006351615013588176
0286 (4).jpg,0,0.006442108331695623
0286 (5).jpg,0,0.016795309544375584
0286 (6).jpg,0,0.006463588689432494
0286 (7).jpg,0,0.008403137240006476
0286 (8).jpg,0,0.008007052928331765
0286 (9).jpg,0,0.007926552912458812
0286.jpg,0,0.00702654835482051
0287 (10).jpg,0,0.006278401560695209
0287 (2).jpg,1,0.97744724784179
0287 (3).jpg,0,0.024264644206328186
0287 (4).jpg,0,0.006424815864380336
0287 (5).jpg,0,0.007195108314454499
0287 (6).jpg,0,0.008026589701344924
0287 (7).jpg,0,0.016038385704470012
0287 (8).jpg,0,0.007377621735669566
0287 (9).jpg,0,0.006688358484721186
0287.jpg,0,0.008452219705621461
0288 (10).jpg,0,0.0062413247428278395
0288 (2).jpg,0,0.009155321138909673
0288 (3).jpg,0,0.006628107726878249
0288 (4).jpg,0,0.006281581560312158
0288 (5).jpg,0,0.0063975294691384675
0288 (6).jpg,0,0.012226504997296012
0288 (7).jpg,0,0.0071364480503587745
0288 (8).jpg,0,0.006221348206599843
0288 (9).jpg,0,0.011069729283594454
0288.jpg,0,0.008429620851608538
0289 (10).jpg,0,0.007934329626176075
0289 (2).jpg,0,0.008527294127971622
0289 (3).jpg,0,0.009812321622650227
0289 (4).jpg,0,0.007586352425152459
0289 (5).jpg,0,0.009886857604474811
0289 (6).jpg,0,0.006176605341456797
0289 (7).jpg,0,0.008093280621059027
0289 (8).jpg,0,0.008581938793057867
0289 (9).jpg,0,0.00678322634162304
0289.jpg,0,0.009050407851381675
0290 (10).jpg,0,0.006167854103740196
0290 (2).jpg,0,0.007944895164615363
0290 (3).jpg,0,0.011043669558528325
0290 (4).jpg,0,0.006337115779301389
0290 (5).jpg,0,0.006404376804540833
0290 (6).jpg,0,0.006349843004576138
0290 (7).jpg,0,0.008399742490924433
0290 (8).jpg,0,0.006937383000865741
0290 (9).jpg,0,0.00735803614942158
0290.jpg,1,0.9246442089236643
0291 (10).jpg,0,0.006656708981067503
0291 (2).jpg,0,0.007065451038434347
0291 (3).jpg,0,0.0067494626204884795
0291 (4).jpg,0,0.006197095359865153
0291 (5).jpg,0,0.006503400930766974
0291 (6).jpg,0,0.006171537826159475
0291 (7).jpg,0,0.009122334261122871
0291 (8).jpg,0,0.006352406656977255
0291 (9).jpg,0,0.007411884980706589
0291.jpg,0,0.0068846852850260225
0292 (10).jpg,0,0.007648512613201408
0292 (2).jpg,0,0.007312622667197327
0292 (3).jpg,0,0.0068511876528218555
0292 (4).jpg,0,0.006578560554023154
0292 (5).jpg,0,0.00628412555651009
0292 (6).jpg,0,0.0065381694829742395
0292 (7).jpg,0,0.006320309381351201
0292 (8).jpg,0,0.007116661817644233
0292 (9).jpg,0,0.006417161931133901
0292.jpg,0,0.011715395129417496
0293 (10).jpg,0,0.006596986102656966
0293 (2).jpg,0,0.006803843441904034
0293 (3).jpg,0,0.010435805404164849
0293 (4).jpg,0,0.0063931249044691316
0293 (5).jpg,0,0.00754755619432058
0293 (6).jpg,0,0.006161480839450052
0293 (7).jpg,0,0.006509066986145784
0293 (8).jpg,0,0.006288450313864638
0293 (9).jpg,0,0.014358976680763533
0293.jpg,0,0.007040636133362153
0294 (10).jpg,0,0.0067253102463706305
0294 (2).jpg,0,0.007464605492441854
0294 (3).jpg,0,0.1477804740222776
0294 (4).jpg,0,0.0063377488738139585
0294 (5).jpg,0,0.006802467001373143
0294 (6).jpg,0,0.008385328466918206
0294 (7).jpg,0,0.0064216503460495546
0294 (8).jpg,0,0.0068287735493481215
0294 (9).jpg,0,0.009610741728934263
0294.jpg,0,0.016704535201722385
0295 (10).jpg,0,0.0073106469480776325
0295 (2).jpg,0,0.027115475283679476
0295 (3).jpg,0,0.019102657432446605
0295 (4).jpg,0,0.006554677141741105
0295 (5).jpg,0,0.01123680537402803
0295 (6).jpg,0,0.006651301261646449
0295 (7).jpg,0,0.007869109718679521
0295 (8).jpg,0,0.00814208341862472
0295 (9).jpg,0,0.009370549009080506
0295.jpg,0,0.009882144039822627
0296 (10).jpg,0,0.00725269989723557
0296 (2).jpg,0,0.021026908098160796
0296 (3).jpg,0,0.006904186374461628
0296 (4).jpg,0,0.03998706191009865
0296 (5).jpg,0,0.006510193710422321
0296 (6).jpg,0,0.060256432500226186
0296 (7).jpg,0,0.006726924496584406
0296 (8).jpg,0,0.009873126660130857
0296 (9).jpg,0,0.008259513677959683
0296.jpg,0,0.0062633424972113405
0297 (10).jpg,0,0.006358530385826972
0297 (2).jpg,0,0.008485173467073278
0297 (3).jpg,0,0.00739005220743249
0297 (4).jpg,0,0.007096377774147221
0297 (5).jpg,0,0.020795165953295176
0297 (6).jpg,0,0.013696078853688301
0297 (7).jpg,0,0.00634527961767571
0297 (8).jpg,0,0.016044293832429807
0297 (9).jpg,0,0.008796103852828745
0297.jpg,0,0.009352994004219876
0298 (10).jpg,0,0.0063408963282822
0298 (2).jpg,0,0.009320626601846974
0298 (3).jpg,0,0.028640818085758676
0298 (4).jpg,0,0.008230044880440742
0298 (5).jpg,0,0.015389470224114616
0298 (6).jpg,0,0.010529053779106094
0298 (7).jpg,0,0.006486651292504361
0298 (8).jpg,0,0.009775821838906023
0298 (9).jpg,0,0.03686711180431225
0298.jpg,1,0.5452603049321255
0299 (10).jpg,0,0.006831469564797493
0299 (2).jpg,0,0.0068776777256296055
0299 (3).jpg,0,0.013003507196725663
0299 (4).jpg,0,0.006377195797950925
0299 (5).jpg,0,0.01735164692976617
0299 (6).jpg,0,0.0061958643672681436
0299 (7).jpg,0,0.0072757280915481766
0299 (8).jpg,0,0.007852049406867876
0299 (9).jpg,0,0.01090585898527341
0299.jpg,0,0.007856551569534036
0300 (10).jpg,0,0.012166782391730985
0300 (2).jpg,0,0.17089883874275247
0300 (3).jpg,0,0.010996411173179302
0300 (4).jpg,0,0.0062083338095171026
0300 (5).jpg,0,0.00824908139335928
0300 (6).jpg,0,0.20222132153829445
0300 (7).jpg,0,0.007506066874658136
0300 (8).jpg,0,0.014763809289984924
0300 (9).jpg,0,0.011422495623357717
0300.jpg,0,0.11147182168982271
0301 (10).jpg,0,0.0066653395981194725
0301 (2).jpg,1,0.9251284764131253
0301 (3).jpg,0,0.012037657547226722
0301 (4).jpg,0,0.01102403852437594
0301 (5).jpg,0,0.007005194936740422
0301 (6).jpg,0,0.006202228028576433
0301 (7).jpg,0,0.006948092962259442
0301 (8).jpg,0,0.008588008441652951
0301 (9).jpg,0,0.007039073071797362
0301.jpg,0,0.017059610047180117
0302 (10).jpg,0,0.007930839483310312
0302 (2).jpg,0,0.007122421141879853
0302 (3).jpg,0,0.006559914288153435
0302 (4).jpg,0,0.006317528844194546
0302 (5).jpg,0,0.006341244872966509
0302 (6).jpg,0,0.006325735432326047
0302 (7).jpg,0,0.0065307380605640255
0302 (8).jpg,0,0.006657227203203727
0302 (9).jpg,0,0.008218996412229639
0302.jpg,0,0.006964051244919104
0303 (10).jpg,0,0.0067877050002414915
0303 (2).jpg,0,0.006345374234427278
0303 (3).jpg,0,0.13903349202899473
0303 (4).jpg,0,0.008733385049730863
0303 (5).jpg,0,0.006976837102978356
0303 (6).jpg,0,0.006177648232360654
0303 (7).jpg,0,0.006469675729373796
0303 (8).jpg,0,0.016923868421060195
0303 (9).jpg,0,0.006975570168811512
0303.jpg,1,0.6741645561030146
0304 (10).jpg,0,0.1524442509846823
0304 (2).jpg,0,0.01135986589456003
0304 (3).jpg,0,0.008983729132737055
0304 (4).jpg,0,0.008852752421429851
0304 (5).jpg,0,0.007118726406061987
0304 (6).jpg,0,0.00875392457834429
0304 (7).jpg,0,0.008819285994825538
0304 (8).jpg,0,0.006878572179735949
0304 (9).jpg,0,0.008197974092091206
0304.jpg,0,0.0064201307475615366
0305 (10).jpg,0,0.006417159911457995
0305 (2).jpg,0,0.0062909073161911905
0305 (3).jpg,1,0.9609572536641091
0305 (4).jpg,0,0.0065306433113469856
0305 (5).jpg,0,0.00806764980406661
0305 (6).jpg,0,0.00652550080990008
0305 (7).jpg,0,0.007057879317221535
0305 (8).jpg,0,0.008648163114040227
0305 (9).jpg,0,0.009858071524959246
0305.jpg,0,0.00967590276509779
0306 (10).jpg,0,0.006783400612092561
0306 (2).jpg,0,0.00679720446396979
0306 (3).jpg,0,0.0070302461740395904
0306 (4).jpg,0,0.0074332205421597155
0306 (5).jpg,0,0.008746510276963342
0306 (6).jpg,0,0.006210312115556854
0306 (7).jpg,0,0.006403578520321192
0306 (8).jpg,0,0.0062968801388480315
0306 (9).jpg,0,0.010132735058679943
0306.jpg,0,0.007383995372034199
0307 (10).jpg,0,0.006536377637106222
0307 (2).jpg,0,0.023727867424355058
0307 (3).jpg,0,0.006196466882776647
0307 (4).jpg,0,0.01787817227546794
0307 (5).jpg,0,0.006897332502590619
0307 (6).jpg,0,0.006565079887259848
0307 (7).jpg,0,0.008031375269030949
0307 (8).jpg,0,0.0070187206843135555
0307 (9).jpg,1,0.9731680895340842
0307.jpg,0,0.009413090713520273
0308 (10).jpg,0,0.010259052183922583
0308 (2).jpg,0,0.007205324516081916
0308 (3).jpg,0,0.015492633583117386
0308 (4).jpg,0,0.006627592749734747
0308 (5).jpg,0,0.006290509129753995
0308 (6).jpg,0,0.006469291072690398
0308 (7).jpg,0,0.006359747026737706
0308 (8).jpg,0,0.007327489912505479
0308 (9).jpg,0,0.014757988143042822
0308.jpg,0,0.006505217880240679
0309 (10).jpg,0,0.009442806575849644
0309 (2).jpg,0,0.007656578166865069
0309 (3).jpg,0,0.008008752689615246
0309 (4).jpg,0,0.008213143090695853
0309 (5).jpg,0,0.00720064353686069
0309 (6).jpg,0,0.0077017216040539726
0309 (7).jpg,0,0.006515111625330988
0309 (8).jpg,0,0.007453920268364692
0309 (9).jpg,0,0.006840934054026746
0309.jpg,0,0.00939142396980499
0310 (10).jpg,0,0.00696380707242582
0310 (2).jpg,0,0.007147557998258476
0310 (3).jpg,1,0.878024296557892
0310 (4).jpg,0,0.006690095495768168
0310 (5).jpg,0,0.007877460169453268
0310 (6).jpg,0,0.07484228091218965
0310 (7).jpg,0,0.006411772245429715
0310 (8).jpg,0,0.007316003555000321
0310 (9).jpg,0,0.008012885974856408
0310.jpg,0,0.13007213360623185
0311 (10).jpg,0,0.007044986819772214
0311 (2).jpg,0,0.006786522931915577
0311 (3).jpg,0,0.007041512242705525
0311 (4).jpg,0,0.0065536887847729595
0311 (5).jpg,0,0.006501573275924602
0311 (6).jpg,0,0.006739861765831839
0311 (7).jpg,0,0.006218811097688933
0311 (8).jpg,0,0.00884505861609137
0311 (9).jpg,0,0.009051257704762374
0311.jpg,0,0.0062266473256051705
0312 (10).jpg,0,0.007201949845034933
0312 (2).jpg,0,0.007470514515395364
0312 (3).jpg,0,0.010876642726517179
0312 (4).jpg,0,0.017811919254974152
0312 (5).jpg,0,0.006466656952642761
0312 (6).jpg,0,0.006591378638143532
0312 (7).jpg,0,0.0066050328430915005
0312 (8).jpg,0,0.20156004486785167
0312 (9).jpg,0,0.009944230331411485
0312.jpg,0,0.006281205039171671
0313 (10).jpg,0,0.0070852554770715346
0313 (2).jpg,0,0.006865160788282465
0313 (3).jpg,0,0.006434637581107658
0313 (4).jpg,0,0.006221757424868341
0313 (5).jpg,0,0.006863820039149192
0313 (6).jpg,0,0.006261986776589705
0313 (7).jpg,0,0.006379932898540364
0313 (8).jpg,0,0.006313712380708406
0313 (9).jpg,0,0.007009547111779837
0313.jpg,0,0.007856279157596454
0314 (10).jpg,0,0.00616008506079474
0314 (2).jpg,0,0.009030347941035457
0314 (3).jpg,0,0.009377220622801644
0314 (4).jpg,0,0.006268411604491353
0314 (5).jpg,0,0.008079548779729186
0314 (6).jpg,0,0.0068720250940273245
0314 (7).jpg,0,0.008096294639532708
0314 (8).jpg,0,0.0064046605258445645
0314 (9).jpg,0,0.010606915815711063
0314.jpg,0,0.009517517314588572
0315 (10).jpg,0,0.011787585193245905
0315 (2).jpg,0,0.009364597443013484
0315 (3).jpg,0,0.007282128173824894
0315 (4).jpg,0,0.007275634077510293
0315 (5).jpg,0,0.007036890981084094
0315 (6).jpg,0,0.006317532541877642
0315 (7).jpg,0,0.006180061588557076
0315 (8).jpg,0,0.0062636147817226465
0315 (9).jpg,0,0.007539597006991564
0315.jpg,0,0.01455782565381461
0316 (10).jpg,0,0.007105265680841013
0316 (2).jpg,0,0.015580667849648422
0316 (3).jpg,0,0.006792095446616418
0316 (4).jpg,0,0.006310498237060458
0316 (5).jpg,0,0.006479255536488916
0316 (6).jpg,0,0.026681490916614963
0316 (7).jpg,0,0.006806221226629547
0316 (8).jpg,0,0.006644258613413068
0316 (9).jpg,0,0.010419034164010946
0316.jpg,0,0.007695357871979006
0317 (10).jpg,0,0.0062598348786889945
0317 (2).jpg,0,0.017997266788013496
0317 (3).jpg,0,0.01425365747074791
0317 (4).jpg,0,0.006202925787585396
0317 (5).jpg,0,0.0064985931620647475
0317 (6).jpg,0,0.006206307520925343
0317 (7).jpg,0,0.006685950931508741
0317 (8).jpg,0,0.006396486904910444
0317 (9).jpg,0,0.006520645374190578
0317.jpg,0,0.006939689441510883
0318 (10).jpg,0,0.007035255563875717
0318 (2).jpg,0,0.006719100546897391
0318 (3).jpg,0,0.011220363199156543
0318 (4).jpg,0,0.006158121743824427
0318 (5).jpg,0,0.008412880994957461
0318 (6).jpg,0,0.00798059851498045
0318 (7).jpg,0,0.006898515664288457
0318 (8).jpg,0,0.007482974683532667
0318 (9).jpg,0,0.06017549860266488
0318.jpg,0,0.08118857183936026
0319 (10).jpg,0,0.03998214787381761
0319 (2).jpg,0,0.025598830597926964
0319 (3).jpg,0,0.007442338812686996
0319 (4).jpg,0,0.009723650007050503
0319 (5).jpg,0,0.006954036198484979
0319 (6).jpg,0,0.019724556803592454
0319 (7).jpg,0,0.0063676250416184795
0319 (8).jpg,0,0.00668273719710487
0319 (9).jpg,0,0.03310919121463983
0319.jpg,0,0.007574640073482787
0320 (10).jpg,0,0.006755544775247781
0320 (2).jpg,0,0.00624174853533972
0320 (3).jpg,0,0.007574899287921639
0320 (4).jpg,0,0.006973265225581918
0320 (5).jpg,0,0.013290444258414672
0320 (6).jpg,0,0.10673506595939673
0320 (7).jpg,0,0.0062545100287833
0320 (8).jpg,0,0.006365821510200519
0320 (9).jpg,0,0.01193883839810515
0320.jpg,0,0.01383632707521542
0321 (10).jpg,0,0.006687136078865375
0321 (2).jpg,0,0.007408957446256463
0321 (3).jpg,0,0.022009903420690917
0321 (4).jpg,0,0.008395618841257406
0321 (5).jpg,0,0.007618831218832283
0321 (6).jpg,0,0.006343905930909379
0321 (7).jpg,0,0.0062911830051595435
0321 (8).jpg,0,0.00849809527675302
0321 (9).jpg,0,0.006930600818577742
0321.jpg,0,0.05406015818096911
0322 (10).jpg,0,0.00686357900305651
0322 (2).jpg,0,0.06334968470902942
0322 (3).jpg,0,0.17497360635156922
0322 (4).jpg,0,0.03317593576896715
0322 (5).jpg,0,0.011388344829269861
0322 (6).jpg,0,0.006618242099912229
0322 (7).jpg,0,0.008317433419271821
0322 (8).jpg,0,0.00665637924948432
0322 (9).jpg,0,0.013696472565269084
0322.jpg,0,0.009984161260328445
0323 (10).jpg,0,0.008583065850059394
0323 (2).jpg,0,0.014095621732911892
0323 (3).jpg,1,0.659004283351593
0323 (4).jpg,0,0.006353757228936682
0323 (5).jpg,0,0.006500681657568033
0323 (6).jpg,0,0.006599603327031413
0323 (7).jpg,0,0.006277618752284924
0323 (8).jpg,0,0.006975662014286642
0323 (9).jpg,0,0.007571008326165281
0323.jpg,0,0.006425738318889246
0324 (10).jpg,0,0.011444582793521818
0324 (2).jpg,0,0.008909341645321438
0324 (3).jpg,0,0.007362301481446396
0324 (4).jpg,0,0.006476869252363148
0324 (5).jpg,0,0.0069572170733197235
0324 (6).jpg,0,0.006376039163851168
0324 (7).jpg,0,0.0064882958015815735
0324 (8).jpg,1,0.9859837775290378
0324 (9).jpg,0,0.012500528784024138
0324.jpg,0,0.007688544781768443
0325 (10).jpg,0,0.01595730819373365
0325 (2).jpg,0,0.006691240116018655
0325 (3).jpg,0,0.02344014439699153
0325 (4).jpg,0,0.006466892477673535
0325 (5).jpg,0,0.006395370977654359
0325 (6).jpg,0,0.006996581169852275
0325 (7).jpg,0,0.0075021261819649835
0325 (8).jpg,0,0.006343966544796947
0325 (9).jpg,0,0.043487157330248674
0325.jpg,0,0.013124851692573986
0326 (10).jpg,0,0.006393686995406089
0326 (2).jpg,1,0.6571942974445496
0326 (3).jpg,0,0.05185937034766624
0326 (4).jpg,0,0.006821902957256826
0326 (5).jpg,0,0.008379872508924784
0326 (6).jpg,0,0.006193416273426117
0326 (7).jpg,0,0.006141079183267037
0326 (8).jpg,0,0.007033133493304196
0326 (9).jpg,0,0.007071936574357145
0326.jpg,0,0.0067994903003398355
0327 (10).jpg,0,0.010217670638556112
0327 (2).jpg,0,0.00994988044464478
0327 (3).jpg,0,0.01105049426538998
0327 (4).jpg,0,0.00645241251822431
0327 (5).jpg,0,0.006472512535823875
0327 (6).jpg,0,0.007011705948379589
0327 (7).jpg,0,0.00657768895910244
0327 (8).jpg,0,0.010311822109915582
0327 (9).jpg,0,0.009952612431700725
0327.jpg,0,0.007167864179273086
0328 (10).jpg,0,0.006770038070230327
0328 (2).jpg,0,0.006901927383252786
0328 (3).jpg,0,0.00646673415585139
0328 (4).jpg,0,0.007510996704216063
0328 (5).jpg,0,0.011852710481993645
0328 (6).jpg,0,0.006327841525206181
0328 (7).jpg,0,0.006859983473602833
0328 (8).jpg,0,0.015111211991869818
0328 (9).jpg,0,0.006369055860950418
0328.jpg,0,0.006905360920825596
0329 (10).jpg,0,0.006743903912100716
0329 (2).jpg,0,0.007499990311388404
0329 (3).jpg,0,0.01334728912755832
0329 (4).jpg,0,0.0061772646386872914
0329 (5).jpg,0,0.008575920827803587
0329 (6).jpg,0,0.006583411136217212
0329 (7).jpg,0,0.006751274127629792
0329 (8).jpg,0,0.006333109910882108
0329 (9).jpg,0,0.0071234876263663515
0329.jpg,0,0.006525785975389602
0330 (10).jpg,0,0.007301215210117078
0330 (2).jpg,0,0.009330497404928364
0330 (3).jpg,0,0.00892923504825359
0330 (4).jpg,0,0.010193936403637697
0330 (5).jpg,0,0.006928042317946475
0330 (6).jpg,0,0.006193843296702466
0330 (7).jpg,0,0.007960277417872514
0330 (8).jpg,0,0.010466939618967207
0330 (9).jpg,0,0.009195968559316032
0330.jpg,0,0.008441868400943991
0331 (10).jpg,0,0.0070884415542997615
0331 (2).jpg,0,0.008920080900812869
0331 (3).jpg,0,0.007065792764269729
0331 (4).jpg,0,0.006226249072398558
0331 (5).jpg,0,0.009614854167698028
0331 (6).jpg,0,0.00772132691400436
0331 (7).jpg,0,0.007884588456451824
0331 (8).jpg,0,0.008364566992372754
0331 (9).jpg,0,0.007417994390130854
0331.jpg,0,0.006521333484019777
0332 (10).jpg,1,0.987875677858536
0332 (2).jpg,0,0.006748844453815351
0332 (3).jpg,0,0.006353725632691687
0332 (4).jpg,0,0.00706471503085009
0332 (5).jpg,0,0.022450466484731757
0332 (6).jpg,0,0.007118526236279323
0332 (7).jpg,0,0.010176694231257987
0332 (8).jpg,0,0.006146811476895382
0332 (9).jpg,0,0.00693898714001158
0332.jpg,0,0.006768671818617253
0333 (10).jpg,0,0.007825360421615357
0333 (2).jpg,0,0.019327967902559844
0333 (3).jpg,0,0.009925055717550646
0333 (4).jpg,0,0.007287050861626088
0333 (5).jpg,0,0.008065699748330204
0333 (6).jpg,0,0.0062881567093469705
0333 (7).jpg,0,0.009597048870034333
0333 (8).jpg,0,0.02365235109974472
0333 (9).jpg,0,0.04686344656179483
0333.jpg,0,0.006370080081175271
0334 (10).jpg,0,0.006324213866910199
0334 (2).jpg,0,0.008936106185093048
0334 (3).jpg,0,0.007195767160820408
0334 (4).jpg,0,0.007342823924924574
0334 (5).jpg,0,0.006993377326673396
0334 (6).jpg,0,0.006583036204430358
0334 (7).jpg,0,0.006609435023790953
0334 (8).jpg,0,0.007743502701625262
0334 (9).jpg,0,0.0074002503652824
0334.jpg,0,0.00645259253351043
0335 (10).jpg,0,0.0064342433121060095
0335 (2).jpg,0,0.022189117746597393
0335 (3).jpg,0,0.007909312308464651
0335 (4).jpg,0,0.010967933844564593
0335 (5).jpg,0,0.02661369746928542
0335 (6).jpg,0,0.006367032922999187
0335 (7).jpg,0,0.006480971038863782
0335 (8).jpg,0,0.011755224215814226
0335 (9).jpg,0,0.030313424008436764
0335.jpg,0,0.0070379987454463905
0336 (10).jpg,0,0.007591263290009647
0336 (2).jpg,0,0.006500641750944523
0336 (3).jpg,1,0.4418694090704069
0336 (4).jpg,0,0.009089120448806784
0336 (5).jpg,0,0.010229236055386073
0336 (6).jpg,0,0.006311439583080355
0336 (7).jpg,0,0.007621328873724861
0336 (8).jpg,0,0.006270619824253469
0336 (9).jpg,0,0.006950857815398032
0336.jpg,0,0.016294141051285554
0337 (10).jpg,0,0.0061996728617445184
0337 (2).jpg,0,0.006257590419449461
0337 (3).jpg,0,0.00636713955699712
0337 (4).jpg,0,0.007675063718734065
0337 (5).jpg,0,0.007412164762411092
0337 (6).jpg,0,0.08132892539332895
0337 (7).jpg,1,0.58683240305643
0337 (8).jpg,0,0.014975860319808111
0337 (9).jpg,0,0.01113237173416292
0337.jpg,1,0.6071496033939635
0338 (10).jpg,0,0.006350012103764633
0338 (2).jpg,0,0.009082386798647
0338 (3).jpg,0,0.011222567867645533
0338 (4).jpg,0,0.006156122689632534
0338 (5).jpg,0,0.0068227703015810446
0338 (6).jpg,1,0.8871595600657031
0338 (7).jpg,0,0.0062700346812481845
0338 (8).jpg,0,0.0063286125491001394
0338 (9).jpg,0,0.009466665922366614
0338.jpg,0,0.006389844003969477
0339 (10).jpg,0,0.006182584139968603
0339 (2).jpg,0,0.007456905821206009
0339 (3).jpg,0,0.03727225787254231
0339 (4).jpg,0,0.006627202960961878
0339 (5).jpg,0,0.00711603423618498
0339 (6).jpg,0,0.008041159448395603
0339 (7).jpg,0,0.006628250007670288
0339 (8).jpg,0,0.006707515135323328
0339 (9).jpg,0,0.010926044597260869
0339.jpg,0,0.006377580607590151
0340 (10).jpg,0,0.00901658364877425
0340 (2).jpg,0,0.00965278726244315
0340 (3).jpg,0,0.021321903403503883
0340 (4).jpg,0,0.006478384910137354
0340 (5).jpg,0,0.006887251792005695
0340 (6).jpg,0,0.009106386765111933
0340 (7).jpg,0,0.0061764120115724835
0340 (8).jpg,0,0.006344271909678289
0340 (9).jpg,0,0.006484482504299611
0340.jpg,0,0.009590546030352174
0341 (10).jpg,0,0.00634686396660061
0341 (2).jpg,0,0.010347918458042275
0341 (3).jpg,0,0.008469994118020461
0341 (4).jpg,0,0.006136834070648409
0341 (5).jpg,0,0.006207281684400679
0341 (6).jpg,0,0.0062047130429941704
0341 (7).jpg,0,0.007992851427559726
0341 (8).jpg,0,0.15506109277079083
0341 (9).jpg,0,0.020719560463446557
0341.jpg,0,0.007758235188346696
0342 (10).jpg,0,0.009699280931952518
0342 (2).jpg,0,0.007124178294629533
0342 (3).jpg,0,0.013052046925209906
0342 (4).jpg,0,0.006182634393471838
0342 (5).jpg,0,0.0071037704953600955
0342 (6).jpg,0,0.007138448141014045
0342 (7).jpg,0,0.007380996440721867
0342 (8).jpg,0,0.0069632727167698956
0342 (9).jpg,1,0.9298223467426338
0342.jpg,0,0.007828577990333777
0343 (10).jpg,0,0.01031600442280704
0343 (2).jpg,0,0.011015376492958147
0343 (3).jpg,0,0.006389395544166994
0343 (4).jpg,0,0.0062859072684394186
0343 (5).jpg,0,0.010744237723624183
0343 (6).jpg,0,0.008850844053673736
0343 (7).jpg,0,0.006275603405546756
0343 (8).jpg,0,0.012790686104607915
0343 (9).jpg,0,0.23278198247739917
0343.jpg,0,0.008188232022542532
0344 (10).jpg,0,0.007523754056831177
0344 (2).jpg,0,0.00689227673260976
0344 (3).jpg,0,0.009095111192410453
0344 (4).jpg,0,0.006574897155567389
0344 (5).jpg,0,0.00737133572450954
0344 (6).jpg,0,0.006236305112633325
0344 (7).jpg,0,0.0061786522809998854
0344 (8).jpg,0,0.006227202642926891
0344 (9).jpg,0,0.008199548249921685
0344.jpg,0,0.006392928263595404
0345 (10).jpg,0,0.006416126038137366
0345 (2).jpg,0,0.006469219461477759
0345 (3).jpg,0,0.015172855586124353
0345 (4).jpg,0,0.006758919106468215
0345 (5).jpg,0,0.007362827512820429
0345 (6).jpg,0,0.0062309859889889616
0345 (7).jpg,0,0.006383039508701897
0345 (8).jpg,0,0.007619966960143665
0345 (9).jpg,0,0.00868171776379425
0345.jpg,1,0.9543969025890571
0346 (10).jpg,0,0.009050854824308669
0346 (2).jpg,0,0.011167499242565295
0346 (3).jpg,0,0.006953835711932998
0346 (4).jpg,0,0.006416874669106481
0346 (5).jpg,0,0.006379243460550144
0346 (6).jpg,0,0.006343087376262415
0346 (7).jpg,0,0.0062500246413397
0346 (8).jpg,0,0.008126504043751566
0346 (9).jpg,0,0.31894802147733203
0346.jpg,0,0.006994749773090967
0347 (10).jpg,0,0.1640760955900761
0347 (2).jpg,0,0.012342899738477995
0347 (3).jpg,0,0.006763211304995559
0347 (4).jpg,0,0.006565570664881935
0347 (5).jpg,0,0.006274200490883464
0347 (6).jpg,0,0.006292407381587768
0347 (7).jpg,0,0.006720248945768054
0347 (8).jpg,0,0.008575480348119374
0347 (9).jpg,0,0.40908296035010466
0347.jpg,0,0.013402428237485069
0348 (10).jpg,0,0.007208845450395039
0348 (2).jpg,0,0.008483261748110794
0348 (3).jpg,0,0.0063809014896427626
0348 (4).jpg,0,0.007076809026265994
0348 (5).jpg,0,0.006696731758413743
0348 (6).jpg,0,0.006179125968745705
0348 (7).jpg,0,0.0063465582548542085
0348 (8).jpg,0,0.0064970818801241585
0348 (9).jpg,0,0.0065166956499622146
0348.jpg,0,0.007448859124994001
0349 (10).jpg,0,0.007797835711767396
0349 (2).jpg,0,0.009371154684169308
0349 (3).jpg,0,0.006352040671306188
0349 (4).jpg,0,0.007091935759057045
0349 (5).jpg,0,0.008445004007320327
0349 (6).jpg,0,0.007554320109945225
0349 (7).jpg,0,0.0066973662973798705
0349 (8).jpg,0,0.0077890236916372665
0349 (9).jpg,0,0.007399196943446272
0349.jpg,0,0.0067399883116743
0350 (10).jpg,0,0.006498098792099388
0350 (2).jpg,0,0.02386183439599213
0350 (3).jpg,1,0.963085702418954
0350 (4).jpg,0,0.00720827457396628
0350 (5).jpg,0,0.006253107102635044
0350 (6).jpg,0,0.006179497836645185
0350 (7).jpg,0,0.00630464030481375
0350 (8).jpg,0,0.006808218419821379
0350 (9).jpg,0,0.010535627092372319
0350.jpg,1,0.720005390057421
0351 (10).jpg,1,0.9500998320909028
0351 (2).jpg,0,0.0073276736022756675
0351 (3).jpg,0,0.18836159986125695
0351 (4).jpg,0,0.008685842954923362
0351 (5).jpg,0,0.007138409723489411
0351 (6).jpg,0,0.015031682618321574
0351 (7).jpg,0,0.0069773355235116085
0351 (8).jpg,0,0.006602317099382597
0351 (9).jpg,0,0.006714727498918214
0351.jpg,0,0.008585571241458626
0352 (10).jpg,0,0.0071302835849915034
0352 (2).jpg,0,0.12564839761967292
0352 (3).jpg,0,0.026849712786628975
0352 (4).jpg,0,0.006325841453509584
0352 (5).jpg,0,0.01217865921814852
0352 (6).jpg,0,0.006454361125536021
0352 (7).jpg,0,0.007407626541707731
0352 (8).jpg,0,0.006440520468548917
0352 (9).jpg,0,0.007636776419587668
0352.jpg,0,0.007013973214112452
0353 (10).jpg,0,0.00875705866392117
0353 (2).jpg,0,0.006973652808687146
0353 (3).jpg,0,0.010217226317039042
0353 (4).jpg,0,0.006239992352084179
0353 (5).jpg,0,0.02263272314359638
0353 (6).jpg,0,0.007148250361910741
0353 (7).jpg,0,0.006201979013603594
0353 (8).jpg,0,0.006646162505055904
0353 (9).jpg,0,0.008210362598469757
0353.jpg,0,0.007490725579032393
0354 (10).jpg,0,0.0062073308405261
0354 (2).jpg,0,0.012118241656949243
0354 (3).jpg,0,0.00629652223953313
0354 (4).jpg,0,0.006632427980072418
0354 (5).jpg,0,0.007087219698895876
0354 (6).jpg,0,0.00924949826713248
0354 (7).jpg,0,0.006234989291535152
0354 (8).jpg,0,0.008996295782030695
0354 (9).jpg,0,0.007556927096630596
0354.jpg,0,0.008176747978674672
0355 (10).jpg,0,0.00774620456608299
0355 (2).jpg,0,0.0068758348710204744
0355 (3).jpg,0,0.0062815481737149795
0355 (4).jpg,0,0.0062456825807786
0355 (5).jpg,0,0.031042128143747873
0355 (6).jpg,0,0.006580473212579299
0355 (7).jpg,0,0.0070024243613344235
0355 (8).jpg,0,0.007742382711372324
0355 (9).jpg,0,0.13102399877934348
0355.jpg,0,0.02395112166470933
0356 (10).jpg,0,0.010250032831371743
0356 (2).jpg,0,0.006347384122706307
0356 (3).jpg,0,0.012106160574500355
0356 (4).jpg,0,0.006211116706447818
0356 (5).jpg,0,0.0063799671614526016
0356 (6).jpg,0,0.006342876448833991
0356 (7).jpg,0,0.0076784711279213975
0356 (8).jpg,0,0.006266556534624309
0356 (9).jpg,0,0.008850362406863191
0356.jpg,0,0.006784505870827443
0357 (10).jpg,0,0.020073822739614076
0357 (2).jpg,0,0.006288907788125376
0357 (3).jpg,0,0.22978908130461825
0357 (4).jpg,0,0.006753166581596274
0357 (5).jpg,0,0.006924972770221726
0357 (6).jpg,0,0.00792273131765824
0357 (7).jpg,0,0.00932469948422362
0357 (8).jpg,0,0.006665718038928663
0357 (9).jpg,0,0.009718864702249278
0357.jpg,0,0.007741509944070329
0358 (10).jpg,0,0.008642161864396545
0358 (2).jpg,0,0.006670166095833498
0358 (3).jpg,0,0.006858479049375748
0358 (4).jpg,0,0.006743913222910326
0358 (5).jpg,0,0.008038344055982562
0358 (6).jpg,0,0.008476993945448298
0358 (7).jpg,0,0.006714155592501599
0358 (8).jpg,0,0.00833328234420251
0358 (9).jpg,0,0.015128582557757042
0358.jpg,1,0.7758468437152983
0359 (10).jpg,0,0.02215802941228
0359 (2).jpg,0,0.007175710030171496
0359 (3).jpg,0,0.009032102838002707
0359 (4).jpg,0,0.006303432310663876
0359 (5).jpg,0,0.30369848625433377
0359 (6).jpg,0,0.007162488182634686
0359 (7).jpg,0,0.006258340242984973
0359 (8).jpg,0,0.011620529473176856
0359 (9).jpg,0,0.0073361707574478895
0359.jpg,0,0.007823930889956898
0360 (10).jpg,0,0.012380097845750395
0360 (2).jpg,0,0.008418492845149833
0360 (3).jpg,1,0.9523621729299655
0360 (4).jpg,0,0.006176669463598868
0360 (5).jpg,0,0.0072982194108301935
0360 (6).jpg,0,0.007104171316987193
0360 (7).jpg,0,0.00638785544099796
0360 (8).jpg,0,0.006898668890418765
0360 (9).jpg,0,0.006681706777768868
0360.jpg,0,0.32910231966336206
0361 (10).jpg,0,0.006220483049280185
0361 (2).jpg,0,0.008406510728992964
0361 (3).jpg,0,0.006971054221098207
0361 (4).jpg,0,0.008563029499250422
0361 (5).jpg,0,0.006515493641313057
0361 (6).jpg,0,0.006750410681018911
0361 (7).jpg,0,0.006341219050295969
0361 (8).jpg,0,0.006798837295544891
0361 (9).jpg,0,0.006667109794761464
0361.jpg,0,0.006206301619007608
0362 (10).jpg,0,0.00901876324478513
0362 (2).jpg,0,0.006686424904152682
0362 (3).jpg,0,0.006646814570155136
0362 (4).jpg,0,0.006263901132994866
0362 (5).jpg,0,0.006824255416005321
0362 (6).jpg,0,0.007658216018992768
0362 (7).jpg,0,0.011370608057409682
0362 (8).jpg,0,0.006881800280046084
0362 (9).jpg,0,0.006682761813735082
0362.jpg,0,0.02677013620268598
0363 (10).jpg,1,0.9689463304612174
0363 (2).jpg,0,0.006687843317762171
0363 (3).jpg,0,0.010810261197834261
0363 (4).jpg,0,0.00643539189474579
0363 (5).jpg,0,0.014176141895396392
0363 (6).jpg,0,0.007240840308023662
0363 (7).jpg,0,0.008587492002383557
0363 (8).jpg,0,0.016810427019325502
0363 (9).jpg,0,0.019224363265265935
0363.jpg,0,0.008037069627559259
0364 (10).jpg,0,0.006312383036759857
0364 (2).jpg,0,0.008361300191107465
0364 (3).jpg,0,0.008813813528445059
0364 (4).jpg,0,0.0181674835987773
0364 (5).jpg,0,0.008879453906360406
0364 (6).jpg,0,0.006161645090640092
0364 (7).jpg,0,0.00658152664892471
0364 (8).jpg,0,0.007772000629799487
0364 (9).jpg,0,0.007027178509544495
0364.jpg,0,0.009353039828964585
0365 (10).jpg,0,0.013721228042485033
0365 (2).jpg,0,0.006575870295862563
0365 (3).jpg,0,0.007935304504108731
0365 (4).jpg,0,0.007225557512195847
0365 (5).jpg,0,0.006642762177577404
0365 (6).jpg,0,0.007901540571331401
0365 (7).jpg,0,0.006494241692724329
0365 (8).jpg,0,0.006802266563650825
0365 (9).jpg,0,0.009121735542031339
0365.jpg,0,0.009410865908339712
0366 (10).jpg,0,0.016429791245233295
0366 (2).jpg,0,0.009769276896141885
0366 (3).jpg,0,0.006159089771273588
0366 (4).jpg,0,0.006984032718963227
0366 (5).jpg,0,0.00671150530681384
0366 (6).jpg,0,0.012139728472329917
0366 (7).jpg,0,0.006401225717296531
0366 (8).jpg,0,0.009460840225360583
0366 (9).jpg,0,0.006800952517178649
0366.jpg,0,0.018672305845863612
0367 (10).jpg,0,0.006639409122780449
0367 (2).jpg,0,0.006505165994198822
0367 (3).jpg,0,0.006970989941612566
0367 (4).jpg,0,0.006283166072869023
0367 (5).jpg,0,0.007240299233213218
0367 (6).jpg,0,0.006569343618333512
0367 (7).jpg,0,0.007395032158320816
0367 (8).jpg,0,0.007652930260097448
0367 (9).jpg,0,0.009774618390539109
0367.jpg,0,0.006767272213099839
0368 (10).jpg,0,0.00803466684276637
0368 (2).jpg,0,0.009205388460644197
0368 (3).jpg,0,0.007123279380901309
0368 (4).jpg,0,0.006485266868131951
0368 (5).jpg,0,0.008347280501598059
0368 (6).jpg,0,0.0062226519622958845
0368 (7).jpg,0,0.006642622422633146
0368 (8).jpg,0,0.007001337538935178
0368 (9).jpg,0,0.00787942030525148
0368.jpg,0,0.0068753635820246115
0369 (10).jpg,0,0.007009753731396767
0369 (2).jpg,0,0.03442462337384604
0369 (3).jpg,0,0.13558697518040305
0369 (4).jpg,0,0.007291204867986126
0369 (5).jpg,0,0.006489847146678521
0369 (6).jpg,0,0.006567641815809289
0369 (7).jpg,0,0.007311028557546686
0369 (8).jpg,0,0.006963386894822213
0369 (9).jpg,0,0.007607088079166494
0369.jpg,0,0.019861611834841874
0370 (10).jpg,0,0.007169233810832503
0370 (2).jpg,0,0.006971921667026842
0370 (3).jpg,0,0.0079330889010389
0370 (4).jpg,0,0.008648845076210844
0370 (5).jpg,0,0.009772468424384293
0370 (6).jpg,0,0.0061422931180205856
0370 (7).jpg,0,0.00892907089631692
0370 (8).jpg,0,0.09894914696032427
0370 (9).jpg,0,0.011424903237279141
0370.jpg,0,0.006890934799695611
0371 (10).jpg,0,0.0064722236467391996
0371 (2).jpg,0,0.00630311088413709
0371 (3).jpg,0,0.012029603650865792
0371 (4).jpg,0,0.006799622861486153
0371 (5).jpg,0,0.006394630776210604
0371 (6).jpg,0,0.008577858657590273
0371 (7).jpg,0,0.00757711329111198
0371 (8).jpg,0,0.0062901440125814
0371 (9).jpg,1,0.6531185393022996
0371.jpg,0,0.006770335179034862
0372 (10).jpg,0,0.05336843845180847
0372 (2).jpg,0,0.008246983082034115
0372 (3).jpg,0,0.01325164009686531
0372 (4).jpg,0,0.0076642738774935605
0372 (5).jpg,0,0.006391743356853949
0372 (6).jpg,0,0.006313622684533712
0372 (7).jpg,0,0.01877349891773944
0372 (8).jpg,0,0.009409022885097458
0372 (9).jpg,0,0.01948136304679557
0372.jpg,0,0.007018658215946203
0373 (10).jpg,0,0.006683735509225451
0373 (2).jpg,0,0.006613790199652227
0373 (3).jpg,0,0.021522493888529247
0373 (4).jpg,0,0.00615192034846455
0373 (5).jpg,0,0.007886016606345924
0373 (6).jpg,0,0.007824340812826623
0373 (7).jpg,0,0.006521567062656969
0373 (8).jpg,0,0.007162287060111328
0373 (9).jpg,0,0.007630208408456431
0373.jpg,0,0.006461844255978223
0374 (10).jpg,0,0.02099328615242691
0374 (2).jpg,0,0.007410423869169069
0374 (3).jpg,0,0.006344010144179
0374 (4).jpg,0,0.011267879573821436
0374 (5).jpg,0,0.010185754603766905
0374 (6).jpg,1,0.5401492972526563
0374 (7).jpg,0,0.011575120174006496
0374 (8).jpg,0,0.0062206222856184285
0374 (9).jpg,0,0.009865832760466002
0374.jpg,0,0.0071155217543478295
0375 (10).jpg,0,0.01681590804782821
0375 (2).jpg,0,0.007482255070343344
0375 (3).jpg,0,0.016059621545313308
0375 (4).jpg,0,0.007582878243518364
0375 (5).jpg,0,0.008557806480069022
0375 (6).jpg,0,0.006273377531038522
0375 (7).jpg,0,0.006309505402593716
0375 (8).jpg,0,0.006360942903311504
0375 (9).jpg,0,0.011219552691508362
0375.jpg,0,0.009345992377880202
0376 (10).jpg,0,0.006297940416092397
0376 (2).jpg,0,0.006376392610996662
0376 (3).jpg,0,0.023188868086605866
0376 (4).jpg,0,0.00978377085525819
0376 (5).jpg,0,0.00719650054272136
0376 (6).jpg,0,0.007060990155439906
0376 (7).jpg,0,0.006310874433771893
0376 (8).jpg,0,0.006317732278387918
0376 (9).jpg,0,0.009381839092460355
0376.jpg,0,0.006404727623874956
0377 (10).jpg,0,0.00766441251326623
0377 (2).jpg,0,0.007416641158210628
0377 (3).jpg,0,0.006437496132910319
0377 (4).jpg,0,0.006169753668714065
0377 (5).jpg,0,0.006380456735093313
0377 (6).jpg,0,0.007380050860423377
0377 (7).jpg,0,0.006838896675994573
0377 (8).jpg,0,0.00748331398515097
0377 (9).jpg,0,0.00895283488210867
0377.jpg,0,0.020880384597893195
0378 (10).jpg,0,0.00797483276514688
0378 (2).jpg,0,0.006989263076503497
0378 (3).jpg,0,0.03230051902657451
0378 (4).jpg,0,0.007451084388458536
0378 (5).jpg,0,0.007129120829465164
0378 (6).jpg,0,0.006647597160783029
0378 (7).jpg,0,0.008614901335793256
0378 (8).jpg,0,0.030523398181994052
0378 (9).jpg,0,0.007702307419330341
0378.jpg,0,0.11444952397398565
0379 (10).jpg,0,0.006325042986299301
0379 (2).jpg,0,0.008800029138024495
0379 (3).jpg,0,0.006296178385989399
0379 (4).jpg,0,0.00655027380593682
0379 (5).jpg,0,0.006311865980407473
0379 (6).jpg,0,0.006320165350503732
0379 (7).jpg,0,0.0068709536463435975
0379 (8).jpg,0,0.019226981481951497
0379 (9).jpg,0,0.006297302290694048
0379.jpg,0,0.008939527267175295
0380 (10).jpg,0,0.006156456918192115
0380 (2).jpg,0,0.006962468928962188
0380 (3).jpg,0,0.006698610018343735
0380 (4).jpg,0,0.006351446437727535
0380 (5).jpg,0,0.009341484347721524
0380 (6).jpg,0,0.006271747900627855
0380 (7).jpg,0,0.006308799223922023
0380 (8).jpg,0,0.008041199874379347
0380 (9).jpg,0,0.006902640432344455
0380.jpg,0,0.007436610481287698
0381 (10).jpg,0,0.011479551856654412
0381 (2).jpg,0,0.006694469154044026
0381 (3).jpg,0,0.014625998898366226
0381 (4).jpg,0,0.006302963299404572
0381 (5).jpg,0,0.007831090231562995
0381 (6).jpg,0,0.0062075111623373855
0381 (7).jpg,0,0.006224918230555723
0381 (8).jpg,0,0.008049944558761535
0381 (9).jpg,0,0.008218309300420555
0381.jpg,0,0.01965703599042742
0382 (10).jpg,0,0.006919254121186422
0382 (2).jpg,0,0.008563605282679132
0382 (3).jpg,0,0.006213830334806966
0382 (4).jpg,0,0.028255677015172485
0382 (5).jpg,0,0.007711326084404422
0382 (6).jpg,0,0.1181509294988506
0382 (7).jpg,0,0.0066061805701887995
0382 (8).jpg,0,0.006325677118860985
0382 (9).jpg,0,0.010556029372764494
0382.jpg,0,0.043299801516124024
0383 (10).jpg,0,0.00977200784721718
0383 (2).jpg,0,0.01976977624527463
0383 (3).jpg,0,0.008488571451268169
0383 (4).jpg,0,0.006540485000235448
0383 (5).jpg,0,0.006332857338857241
0383 (6).jpg,0,0.006413699129507953
0383 (7).jpg,0,0.006315371628265039
0383 (8).jpg,0,0.008568248156310593
0383 (9).jpg,1,0.8167417103454871
0383.jpg,0,0.006623873869595433
0384 (10).jpg,0,0.009909016366347166
0384 (2).jpg,0,0.008154157046144984
0384 (3).jpg,0,0.006249232973802511
0384 (4).jpg,0,0.0063223550347183
0384 (5).jpg,0,0.007169050181847441
0384 (6).jpg,0,0.006352291918080554
0384 (7).jpg,0,0.0066702999972710385
0384 (8).jpg,0,0.024933566516764896
0384 (9).jpg,0,0.021302824269064474
0384.jpg,0,0.007958361193121467
0385 (10).jpg,1,0.984412203600268
0385 (2).jpg,0,0.006488391657575734
0385 (3).jpg,0,0.00870358942964498
0385 (4).jpg,0,0.006930855517543883
0385 (5).jpg,0,0.006599880231639376
0385 (6).jpg,0,0.011138564621110372
0385 (7).jpg,0,0.006321095445632929
0385 (8).jpg,0,0.008691655728863023
0385 (9).jpg,0,0.009948723349695763
0385.jpg,0,0.0070384481383598775
0386 (10).jpg,0,0.10837701183505707
0386 (2).jpg,0,0.006491950655385374
0386 (3).jpg,0,0.010227438509916531
0386 (4).jpg,0,0.199600798924652
0386 (5).jpg,0,0.007033203223013933
0386 (6).jpg,0,0.006423610553306572
0386 (7).jpg,0,0.006906120274009228
0386 (8).jpg,0,0.006807788185859238
0386 (9).jpg,0,0.006245668696119502
0386.jpg,0,0.006908064298535068
0387 (10).jpg,0,0.009712752739798183
0387 (2).jpg,0,0.00974858449119439
0387 (3).jpg,0,0.00846303764828411
0387 (4).jpg,0,0.009799590690279416
0387 (5).jpg,0,0.006225710154480926
0387 (6).jpg,0,0.00673344245173602
0387 (7).jpg,0,0.006462516269562619
0387 (8).jpg,1,0.81996554748433
0387 (9).jpg,1,0.9795964824131554
0387.jpg,0,0.32745455726416123
0388 (10).jpg,0,0.007122845005040916
0388 (2).jpg,0,0.0066721682289020085
0388 (3).jpg,0,0.00865634234983541
0388 (4).jpg,0,0.006343275437342551
0388 (5).jpg,0,0.00827029503287169
0388 (6).jpg,0,0.006315424185459383
0388 (7).jpg,0,0.006361267767043335
0388 (8).jpg,0,0.0070753857406208875
0388 (9).jpg,0,0.006437549160560065
0388.jpg,0,0.0076965228227859365
0389 (10).jpg,0,0.007238728328474005
0389 (2).jpg,0,0.008063260151323963
0389 (3).jpg,0,0.01896933953773778
0389 (4).jpg,0,0.007913829365035341
0389 (5).jpg,0,0.009858658024915708
0389 (6).jpg,0,0.0062668966326519335
0389 (7).jpg,0,0.007204799432949416
0389 (8).jpg,0,0.006275623143250851
0389 (9).jpg,0,0.01584960175638132
0389.jpg,0,0.006148797655746621
0390 (10).jpg,0,0.0062731416471566125
0390 (2).jpg,0,0.007068059263404679
0390 (3).jpg,0,0.006897475701942026
0390 (4).jpg,0,0.012772739039812964
0390 (5).jpg,0,0.006809979304534902
0390 (6).jpg,1,0.9803566650144413
0390 (7).jpg,0,0.006621493613867649
0390 (8).jpg,0,0.020341071638025628
0390 (9).jpg,0,0.008403766520116127
0390.jpg,0,0.029250738794293914
0391 (10).jpg,0,0.007523822735191041
0391 (2).jpg,0,0.007733676750946275
0391 (3).jpg,0,0.01094754162135261
0391 (4).jpg,0,0.008097471036402064
0391 (5).jpg,0,0.007269095874495944
0391 (6).jpg,0,0.006521321401671215
0391 (7).jpg,0,0.006505195093740275
0391 (8).jpg,0,0.008581064637959258
0391 (9).jpg,0,0.007620867577575976
0391.jpg,0,0.00834055391529983
0392 (10).jpg,0,0.00619095632057113
0392 (2).jpg,0,0.009721090928460503
0392 (3).jpg,0,0.023329731804554343
0392 (4).jpg,0,0.006704232614291986
0392 (5).jpg,0,0.006861268063361707
0392 (6).jpg,0,0.006603055727684934
0392 (7).jpg,0,0.007176490657582622
0392 (8).jpg,0,0.010462023524148163
0392 (9).jpg,1,0.6282982054882927
0392.jpg,0,0.0070680046101218915
0393 (10).jpg,0,0.0070764304245837404
0393 (2).jpg,0,0.00751429933633746
0393 (3).jpg,1,0.9504970997988507
0393 (4).jpg,0,0.006467066680747662
0393 (5).jpg,0,0.008274776462537353
0393 (6).jpg,0,0.006290638562608343
0393 (7).jpg,0,0.00664497484933993
0393 (8).jpg,0,0.026070308252406988
0393 (9).jpg,0,0.007869552004549904
0393.jpg,1,0.9729583957713724
0394 (10).jpg,0,0.05503840782424285
0394 (2).jpg,0,0.011410438692416048
0394 (3).jpg,0,0.007647599624997896
0394 (4).jpg,0,0.02483133280343836
0394 (5).jpg,0,0.007732960257641151
0394 (6).jpg,0,0.006742247662073396
0394 (7).jpg,0,0.00875258464188636
0394 (8).jpg,0,0.006617164592099997
0394 (9).jpg,0,0.006858796692929291
0394.jpg,1,0.9834379997094593
0395 (10).jpg,0,0.006491587415756725
0395 (2).jpg,0,0.007020792735737039
0395 (3).jpg,0,0.006610278797871003
0395 (4).jpg,0,0.006995511488289091
0395 (5).jpg,0,0.02080129326899544
0395 (6).jpg,0,0.006749636081014554
0395 (7).jpg,0,0.009164472990381249
0395 (8).jpg,0,0.018275813917055128
0395 (9).jpg,0,0.02177525430928885
0395.jpg,0,0.019604005673876584
0396 (10).jpg,1,0.864647835632313
0396 (2).jpg,0,0.1391797487932015
0396 (3).jpg,0,0.006421096090684594
0396 (4).jpg,0,0.006307362450472351
0396 (5).jpg,0,0.006405144523348793
0396 (6).jpg,0,0.00658671016185389
0396 (7).jpg,0,0.006747949835734773
0396 (8).jpg,0,0.007430820681809398
0396 (9).jpg,0,0.07884604331709204
0396.jpg,1,0.7648548069169533
0397 (10).jpg,0,0.006404489090955797
0397 (2).jpg,0,0.024436289784788567
0397 (3).jpg,0,0.0062495438633961824
0397 (4).jpg,0,0.0071107816607758586
0397 (5).jpg,0,0.009050588369302164
0397 (6).jpg,0,0.006228618956095751
0397 (7).jpg,0,0.0070263621454054025
0397 (8).jpg,0,0.006781456161415367
0397 (9).jpg,0,0.008295468950128606
0397.jpg,1,0.9878234785394155
0398 (10).jpg,0,0.007386494144529808
0398 (2).jpg,0,0.007104846614062044
0398 (3).jpg,0,0.0188519373342375
0398 (4).jpg,0,0.006822682554188902
0398 (5).jpg,0,0.006454522405291555
0398 (6).jpg,0,0.15671461443983753
0398 (7).jpg,0,0.006626693915086191
0398 (8).jpg,0,0.006712197191629352
0398 (9).jpg,0,0.007275145366207575
0398.jpg,0,0.006191813971869354
0399 (10).jpg,0,0.008005252266742036
0399 (2).jpg,0,0.006847865798675795
0399 (3).jpg,1,0.46520889367408164
0399 (4).jpg,1,0.6490364409670009
0399 (5).jpg,0,0.014368369932180715
0399 (6).jpg,0,0.00639320773448141
0399 (7).jpg,0,0.006269536571495488
0399 (8).jpg,0,0.006368161500859273
0399 (9).jpg,0,0.007827058143925487
0399.jpg,0,0.012775883057136374
0400 (10).jpg,0,0.006897827925260516
0400 (2).jpg,0,0.006340931625375291
0400 (3).jpg,0,0.006404073139523017
0400 (4).jpg,0,0.006643085452098989
0400 (5).jpg,0,0.012140073573488843
0400 (6).jpg,0,0.006820894043315595
0400 (7).jpg,0,0.006311713122128815
0400 (8).jpg,0,0.009764875109179217
0400 (9).jpg,0,0.009096590036144532
0400.jpg,0,0.006418736904705807
0401 (10).jpg,0,0.006850639712014399
0401 (2).jpg,0,0.006613547537562402
0401 (3).jpg,0,0.008573278049085135
0401 (4).jpg,0,0.00613339978171859
0401 (5).jpg,0,0.006211298926882907
0401 (6).jpg,0,0.008688917640455063
0401 (7).jpg,0,0.008173903630614753
0401 (8).jpg,0,0.013702369506119045
0401 (9).jpg,0,0.008221435229075614
0401.jpg,0,0.007816572526857737
0402 (10).jpg,0,0.0076453327601927815
0402 (2).jpg,0,0.009065904364297692
0402 (3).jpg,0,0.006895830600490734
0402 (4).jpg,0,0.006186362284924626
0402 (5).jpg,0,0.006741627835844965
0402 (6).jpg,0,0.007872369320134869
0402 (7).jpg,0,0.006355475093749079
0402 (8).jpg,0,0.007675418340944521
0402 (9).jpg,0,0.16479866036364507
0402.jpg,0,0.0072203551141848225
0403 (10).jpg,0,0.006608429251956239
0403 (2).jpg,0,0.006591559295481469
0403 (3).jpg,0,0.00675904749373193
0403 (4).jpg,0,0.05560007883049048
0403 (5).jpg,0,0.006176752781903029
0403 (6).jpg,0,0.006715418887035465
0403 (7).jpg,0,0.0068997698523339925
0403 (8).jpg,0,0.21157297831070307
0403 (9).jpg,0,0.0092963857753214
0403.jpg,0,0.00930276900701665
0404 (10).jpg,0,0.006673972927230797
0404 (2).jpg,0,0.00808567039840125
0404 (3).jpg,0,0.39467504079693
0404 (4).jpg,0,0.006425920875250341
0404 (5).jpg,0,0.006633910519988597
0404 (6).jpg,0,0.006447591222261692
0404 (7).jpg,0,0.0071076892881110024
0404 (8).jpg,0,0.010381791412731415
0404 (9).jpg,0,0.007553946913362309
0404.jpg,0,0.007579029700412718
0405 (10).jpg,0,0.04371873567001336
0405 (2).jpg,0,0.006816389371905289
0405 (3).jpg,0,0.0064372942119288205
0405 (4).jpg,0,0.006782691818485108
0405 (5).jpg,0,0.007302746354341583
0405 (6).jpg,0,0.007553074600175573
0405 (7).jpg,0,0.00802806059674516
0405 (8).jpg,0,0.006901059111484552
0405 (9).jpg,0,0.009839278586323203
0405.jpg,0,0.008254479418330036
0406 (10).jpg,1,0.8758361682615862
0406 (2).jpg,0,0.009182527154714617
0406 (3).jpg,0,0.006652424935162436
0406 (4).jpg,0,0.006172480358067195
0406 (5).jpg,0,0.007871160055138968
0406 (6).jpg,0,0.006712321839984742
0406 (7).jpg,0,0.006301286009375333
0406 (8).jpg,0,0.008589325660325943
0406 (9).jpg,0,0.06463456497542269
0406.jpg,0,0.007318467328653067
0407 (10).jpg,0,0.009237987061309117
0407 (2).jpg,0,0.009545923582272972
0407 (3).jpg,0,0.006870975306049867
0407 (4).jpg,0,0.00693078909998257
0407 (5).jpg,0,0.010993928203877946
0407 (6).jpg,0,0.007111961675629201
0407 (7).jpg,0,0.006469328591607389
0407 (8).jpg,0,0.007570270172769044
0407 (9).jpg,0,0.007841421013408342
0407.jpg,0,0.00703852324804917
0408 (10).jpg,0,0.008250112781531453
0408 (2).jpg,0,0.0063587786483837476
0408 (3).jpg,0,0.008225218752904046
0408 (4).jpg,0,0.006318125959060274
0408 (5).jpg,0,0.006722037079987661
0408 (6).jpg,0,0.0075787043600569455
0408 (7).jpg,0,0.0062282413891313546
0408 (8).jpg,0,0.006567637695800439
0408 (9).jpg,0,0.006799036454517858
0408.jpg,0,0.006359263394441699
0409 (10).jpg,0,0.007882589986045473
0409 (2).jpg,0,0.010172101592796834
0409 (3).jpg,0,0.012109471716739378
0409 (4).jpg,0,0.0069160010058036585
0409 (5).jpg,0,0.006824932765097382
0409 (6).jpg,0,0.006478546612393156
0409 (7).jpg,0,0.00717342584973964
0409 (8).jpg,0,0.0065354162462427715
0409 (9).jpg,0,0.006684918500775998
0409.jpg,0,0.007287663213169028
0410 (10).jpg,0,0.00996973991094894
0410 (2).jpg,0,0.0066907449669567085
0410 (3).jpg,0,0.41511831129569565
0410 (4).jpg,0,0.007306266835602706
0410 (5).jpg,0,0.007067380718256584
0410 (6).jpg,1,0.8327458840491081
0410 (7).jpg,0,0.00649522788315601
0410 (8).jpg,0,0.006624385184165878
0410 (9).jpg,0,0.007058663591453894
0410.jpg,0,0.006709493922071355
0411 (10).jpg,0,0.006345773822812768
0411 (2).jpg,0,0.007101530738114688
0411 (3).jpg,0,0.009010793374454715
0411 (4).jpg,0,0.00624914984129748
0411 (5).jpg,0,0.006415520447772151
0411 (6).jpg,0,0.006198195677690192
0411 (7).jpg,0,0.01061735650930217
0411 (8).jpg,0,0.0061526062124091984
0411 (9).jpg,0,0.008903452679622169
0411.jpg,0,0.016484001241552228
0412 (10).jpg,0,0.007217148663174472
0412 (2).jpg,0,0.016062243386899707
0412 (3).jpg,0,0.0062560733244679135
0412 (4).jpg,0,0.006327786494423317
0412 (5).jpg,0,0.0066663770534143635
0412 (6).jpg,0,0.006210531568297374
0412 (7).jpg,0,0.0063575238245593465
0412 (8).jpg,0,0.006884042637172606
0412 (9).jpg,0,0.009342934355256455
0412.jpg,0,0.0064764331399466135
0413 (10).jpg,0,0.020133586604674236
0413 (2).jpg,0,0.00949451310377288
0413 (3).jpg,0,0.010175235130271966
0413 (4).jpg,0,0.007368745021032351
0413 (5).jpg,0,0.006905122563931176
0413 (6).jpg,0,0.007830060880190424
0413 (7).jpg,0,0.006355920247665423
0413 (8).jpg,0,0.011613187704048535
0413 (9).jpg,0,0.011119322863696622
0413.jpg,0,0.012223767145961437
0414 (10).jpg,0,0.026805430517031045
0414 (2).jpg,0,0.011603480021234954
0414 (3).jpg,0,0.015406854959378345
0414 (4).jpg,0,0.007704122475533479
0414 (5).jpg,0,0.3784581720043551
0414 (6).jpg,0,0.010724356910047157
0414 (7).jpg,0,0.0064168550720844035
0414 (8).jpg,0,0.006586406249503479
0414 (9).jpg,0,0.007808164831899984
0414.jpg,0,0.00821814945713625
0415 (10).jpg,0,0.008849993366376811
0415 (2).jpg,0,0.006292709870336378
0415 (3).jpg,0,0.006647386276671138
0415 (4).jpg,0,0.006309333340319067
0415 (5).jpg,0,0.006331842195966008
0415 (6).jpg,0,0.006667649286984044
0415 (7).jpg,0,0.006463696647337545
0415 (8).jpg,0,0.009112215897815296
0415 (9).jpg,0,0.08155504090620165
0415.jpg,0,0.007710932154875261
0416 (10).jpg,0,0.006457622928756498
0416 (2).jpg,0,0.006603974079470527
0416 (3).jpg,1,0.9104722108279218
0416 (4).jpg,0,0.00623111877017899
0416 (5).jpg,0,0.006806675985099131
0416 (6).jpg,0,0.006938234006092354
0416 (7).jpg,0,0.006313385432962718
0416 (8).jpg,0,0.009374765047206024
0416 (9).jpg,0,0.0065130049564768805
0416.jpg,0,0.011932783840398954
0417 (10).jpg,0,0.006187253277999511
0417 (2).jpg,0,0.006323937003083543
0417 (3).jpg,0,0.008497083992626352
0417 (4).jpg,0,0.006643714918909783
0417 (5).jpg,0,0.011780899210557834
0417 (6).jpg,0,0.006534467047299039
0417 (7).jpg,0,0.008405683860828317
0417 (8).jpg,0,0.008572527945970859
0417 (9).jpg,0,0.006765086990471965
0417.jpg,0,0.012981352145426974
0418 (10).jpg,0,0.006447280343839668
0418 (2).jpg,0,0.009019504088560868
0418 (3).jpg,0,0.008486481869715392
0418 (4).jpg,0,0.014302204447273726
0418 (5).jpg,0,0.006336373026389598
0418 (6).jpg,0,0.0068225038057231156
0418 (7).jpg,0,0.00952215442617768
0418 (8).jpg,0,0.015755642240082617
0418 (9).jpg,0,0.012632399492327818
0418.jpg,1,0.9586507187753421
0419 (10).jpg,0,0.008267758033151896
0419 (2).jpg,0,0.008708273731964443
0419 (3).jpg,0,0.006922689755028631
0419 (4).jpg,1,0.9775608424927678
0419 (5).jpg,0,0.007192872444580151
0419 (6).jpg,0,0.0062469780699809675
0419 (7).jpg,0,0.008753976306933253
0419 (8).jpg,0,0.006507357582077026
0419 (9).jpg,1,0.47426778633991223
0419.jpg,0,0.00630853030986226
0420 (10).jpg,0,0.0065067015836344656
0420 (2).jpg,0,0.006593087756985247
0420 (3).jpg,0,0.007190511537664874
0420 (4).jpg,0,0.006387108153717478
0420 (5).jpg,0,0.006895962860774287
0420 (6).jpg,0,0.0061786587100842024
0420 (7).jpg,0,0.006584412557889305
0420 (8).jpg,0,0.007114941940441608
0420 (9).jpg,0,0.010912985914440388
0420.jpg,0,0.009334767880292916
0421 (10).jpg,0,0.006202734850344969
0421 (2).jpg,1,0.43995446040166425
0421 (3).jpg,0,0.014409323205491553
0421 (4).jpg,0,0.018775777669408324
0421 (5).jpg,0,0.0071734509832707205
0421 (6).jpg,0,0.054804589131383495
0421 (7).jpg,0,0.006421309959145465
0421 (8).jpg,0,0.006981046482171002
0421 (9).jpg,0,0.04777018524422206
0421.jpg,1,0.9050035803759605
0422 (10).jpg,0,0.0070150718749684765
0422 (2).jpg,1,0.8404959957454415
0422 (3).jpg,0,0.009913511262642663
0422 (4).jpg,0,0.006413359679709126
0422 (5).jpg,0,0.00823264050235895
0422 (6).jpg,0,0.006203711932704441
0422 (7).jpg,0,0.006201714537230656
0422 (8).jpg,0,0.006772108262912403
0422 (9).jpg,0,0.3203395273884143
0422.jpg,0,0.019594289776553645
0423 (10).jpg,0,0.006448029278141905
0423 (2).jpg,1,0.920301757648007
0423 (3).jpg,0,0.006672505200276676
0423 (4).jpg,0,0.006753771520345873
0423 (5).jpg,0,0.0077331087675739756
0423 (6).jpg,0,0.006744241799771243
0423 (7).jpg,0,0.00679157301738634
0423 (8).jpg,0,0.006919473131815492
0423 (9).jpg,0,0.007092817733344533
0423.jpg,0,0.00725530069850406
0424 (10).jpg,0,0.006637296497901334
0424 (2).jpg,0,0.007053139404173262
0424 (3).jpg,0,0.006358401358637086
0424 (4).jpg,0,0.006506453829188119
0424 (5).jpg,0,0.006733349035032347
0424 (6).jpg,0,0.00626802320556444
0424 (7).jpg,0,0.019634386050373542
0424 (8).jpg,0,0.010613518789855766
0424 (9).jpg,0,0.4024351295819061
0424.jpg,0,0.0077346326458690735
0425 (10).jpg,0,0.00765696933541582
0425 (2).jpg,0,0.02288758157659401
0425 (3).jpg,0,0.007875150271227798
0425 (4).jpg,0,0.006192019136642583
0425 (5).jpg,0,0.0064881642212110836
0425 (6).jpg,0,0.006650181928702144
0425 (7).jpg,0,0.017766365391963145
0425 (8).jpg,0,0.38645914620512006
0425 (9).jpg,0,0.006617176451711648
0425.jpg,0,0.006701694224046306
0426 (10).jpg,0,0.023424229616553573
0426 (2).jpg,0,0.37427570681820704
0426 (3).jpg,0,0.008585004741216642
0426 (4).jpg,0,0.006627731237817954
0426 (5).jpg,0,0.015570283615094124
0426 (6).jpg,0,0.006345175007633552
0426 (7).jpg,0,0.0064483557466759305
0426 (8).jpg,0,0.006758253615888543
0426 (9).jpg,0,0.008769090966289337
0426.jpg,0,0.007210901644020143
0427 (10).jpg,0,0.008625548795625028
0427 (2).jpg,0,0.007274082145057663
0427 (3).jpg,0,0.009107437386553556
0427 (4).jpg,0,0.010897702619377296
0427 (5).jpg,0,0.007993983268882843
0427 (6).jpg,0,0.006394403004134718
0427 (7).jpg,0,0.006235306506074601
0427 (8).jpg,0,0.006598969935896093
0427 (9).jpg,0,0.006692692940702407
0427.jpg,0,0.029594784538918777
0428 (10).jpg,0,0.0063532066758882014
0428 (2).jpg,0,0.006955883643949889
0428 (3).jpg,0,0.006952875458902618
0428 (4).jpg,0,0.007064105808877915
0428 (5).jpg,0,0.006646767786395049
0428 (6).jpg,0,0.0061855374510943785
0428 (7).jpg,0,0.008282523835113659
0428 (8).jpg,0,0.006389411987210574
0428 (9).jpg,0,0.007118714586869533
0428.jpg,0,0.03805942644111218
0429 (10).jpg,0,0.006515217471413767
0429 (2).jpg,0,0.009441179348874935
0429 (3).jpg,0,0.3402022339778609
0429 (4).jpg,0,0.006215444471015762
0429 (5).jpg,0,0.006608815978939026
0429 (6).jpg,0,0.0066315503487007635
0429 (7).jpg,0,0.006831873984085746
0429 (8).jpg,0,0.00623126212169231
0429 (9).jpg,1,0.774552151648472
0429.jpg,0,0.009593828497754319
0430 (10).jpg,0,0.0065041226148702695
0430 (2).jpg,0,0.0061758978669403716
0430 (3).jpg,0,0.006963951278151454
0430 (4).jpg,0,0.007479656828743475
0430 (5).jpg,0,0.006446569539676347
0430 (6).jpg,0,0.007059647822201712
0430 (7).jpg,0,0.006667665106687848
0430 (8).jpg,0,0.007055140915726801
0430 (9).jpg,0,0.007597631336942345
0430.jpg,0,0.01590490481736104
0431 (10).jpg,0,0.009286971445992503
0431 (2).jpg,0,0.010078975881657652
0431 (3).jpg,0,0.007130476887480636
0431 (4).jpg,0,0.009229935553965845
0431 (5).jpg,0,0.03985382466364035
0431 (6).jpg,0,0.345994122004689
0431 (7).jpg,0,0.011034608965448823
0431 (8).jpg,0,0.1131432296563209
0431 (9).jpg,0,0.0070279064988192546
0431.jpg,0,0.007095552168574606
0432 (10).jpg,0,0.008302259661803016
0432 (2).jpg,0,0.006166069469009277
0432 (3).jpg,0,0.006762074666742151
0432 (4).jpg,0,0.0063592947091629624
0432 (5).jpg,0,0.021521148513719654
0432 (6).jpg,0,0.006260162307031092
0432 (7).jpg,0,0.007407808845317765
0432 (8).jpg,0,0.0067614929362854
0432 (9).jpg,0,0.007793031754632954
0432.jpg,0,0.014793922297317012
0433 (10).jpg,1,0.7742081583097811
0433 (2).jpg,0,0.008993484404649964
0433 (3).jpg,0,0.029749233578139703
0433 (4).jpg,0,0.01092931345401702
0433 (5).jpg,0,0.006356529673693321
0433 (6).jpg,0,0.006234581669174298
0433 (7).jpg,0,0.010710557687382499
0433 (8).jpg,0,0.007387783278434742
0433 (9).jpg,1,0.8110526857766451
0433.jpg,0,0.025793784209448157
0434 (10).jpg,0,0.022630904956828752
0434 (2).jpg,0,0.03713894078223997
0434 (3).jpg,0,0.010182867547927145
0434 (4).jpg,1,0.4887029838761187
0434 (5).jpg,0,0.006246540807919782
0434 (6).jpg,0,0.007535320770469787
0434 (7).jpg,0,0.006594039165401642
0434 (8).jpg,0,0.007171587078327004
0434 (9).jpg,0,0.0063564348703992754
0434.jpg,0,0.008282908944294268
0435 (10).jpg,0,0.011844300706671992
0435 (2).jpg,0,0.007439846191988299
0435 (3).jpg,0,0.006696769487780845
0435 (4).jpg,0,0.00653276216032701
0435 (5).jpg,0,0.006614579898385482
0435 (6).jpg,0,0.007308940111480665
0435 (7).jpg,0,0.007751773135847525
0435 (8).jpg,0,0.01350857657096015
0435 (9).jpg,0,0.01221364547462831
0435.jpg,0,0.007368928918208993
0436 (10).jpg,0,0.007033018823650037
0436 (2).jpg,0,0.0062105834964135105
0436 (3).jpg,1,0.852152834473442
0436 (4).jpg,0,0.006389041184928175
0436 (5).jpg,0,0.006264075852182902
0436 (6).jpg,0,0.006478697692617431
0436 (7).jpg,0,0.00638677561115024
0436 (8).jpg,0,0.006370635643596111
0436 (9).jpg,0,0.019755372822140203
0436.jpg,0,0.00665459112553149
0437 (10).jpg,0,0.026075553331341497
0437 (2).jpg,0,0.014318739668685883
0437 (3).jpg,0,0.006848892503855834
0437 (4).jpg,0,0.0062759243938691036
0437 (5).jpg,0,0.006975464709501741
0437 (6).jpg,0,0.00633379874314179
0437 (7).jpg,0,0.006815782154746603
0437 (8).jpg,0,0.006524130527957491
0437 (9).jpg,0,0.01855275537192528
0437.jpg,0,0.0068524562224422025
0438 (10).jpg,0,0.012604037875167638
0438 (2).jpg,0,0.006769438531601192
0438 (3).jpg,1,0.9070132355283302
0438 (4).jpg,0,0.006345364993101427
0438 (5).jpg,0,0.014524219725394527
0438 (6).jpg,0,0.006978676605078141
0438 (7).jpg,0,0.006469590821287199
0438 (8).jpg,0,0.006288825585993568
0438 (9).jpg,0,0.01184662772938947
0438.jpg,0,0.007604641656920823
0439 (10).jpg,0,0.006747046652025191
0439 (2).jpg,0,0.010372559779884731
0439 (3).jpg,0,0.008305778264099256
0439 (4).jpg,0,0.006454423450330444
0439 (5).jpg,0,0.006382593068628138
0439 (6).jpg,0,0.007349920007813843
0439 (7).jpg,0,0.00825842766183602
0439 (8).jpg,0,0.0073040931274518705
0439 (9).jpg,0,0.026691935612370796
0439.jpg,0,0.01595010342071823
0440 (10).jpg,0,0.01759021188635056
0440 (2).jpg,0,0.0065495520802458275
0440 (3).jpg,0,0.0073984105912598035
0440 (4).jpg,0,0.007054385561053209
0440 (5).jpg,0,0.007509152885270375
0440 (6).jpg,0,0.009303609707464385
0440 (7).jpg,0,0.008282364598813529
0440 (8).jpg,0,0.04887225592509578
0440 (9).jpg,0,0.006525280071858752
0440.jpg,0,0.006284491834968935
0441 (10).jpg,0,0.006145050074696908
0441 (2).jpg,0,0.006526874657315857
0441 (3).jpg,0,0.006744214632301517
0441 (4).jpg,0,0.007223583695264555
0441 (5).jpg,0,0.0072150564501456795
0441 (6).jpg,0,0.006353869609202201
0441 (7).jpg,0,0.006623909294005619
0441 (8).jpg,0,0.006400319091534142
0441 (9).jpg,0,0.02565598648163209
0441.jpg,0,0.006560245704902393
0442 (10).jpg,0,0.006520732984965566
0442 (2).jpg,0,0.010930594271698978
0442 (3).jpg,0,0.007149268712911562
0442 (4).jpg,0,0.006187247406899949
0442 (5).jpg,0,0.0063379214834742605
0442 (6).jpg,0,0.006255944516603527
0442 (7).jpg,0,0.0065061247894391255
0442 (8).jpg,0,0.007661930315980461
0442 (9).jpg,0,0.0068774793578622595
0442.jpg,0,0.01010551275867644
0443 (10).jpg,0,0.27909136082026564
0443 (2).jpg,0,0.006929144485161487
0443 (3).jpg,0,0.009811400560367443
0443 (4).jpg,0,0.007416569937266093
0443 (5).jpg,0,0.006777215016713381
0443 (6).jpg,0,0.006350085977494813
0443 (7).jpg,0,0.006208071107460457
0443 (8).jpg,0,0.007419850715955419
0443 (9).jpg,0,0.012293043534441665
0443.jpg,0,0.010329654199965997
0444 (10).jpg,0,0.009028586539334976
0444 (2).jpg,0,0.006760267179607282
0444 (3).jpg,0,0.006962802073688956
0444 (4).jpg,0,0.006521889468687664
0444 (5).jpg,0,0.007062846696132769
0444 (6).jpg,0,0.011514602527060777
0444 (7).jpg,0,0.013233043504863902
0444 (8).jpg,0,0.006834293229931071
0444 (9).jpg,0,0.006784756474949494
0444.jpg,0,0.01327534032150324
0445 (10).jpg,0,0.006555336838651965
0445 (2).jpg,0,0.018810403021103123
0445 (3).jpg,0,0.0064035055484481145
0445 (4).jpg,0,0.007194422788173
0445 (5).jpg,0,0.008370960073102758
0445 (6).jpg,0,0.006891874699420363
0445 (7).jpg,0,0.00735787411855773
0445 (8).jpg,0,0.007104864901064052
0445 (9).jpg,0,0.060887695243874454
0445.jpg,1,0.9057077599942368
0446 (10).jpg,0,0.07922115499980924
0446 (2).jpg,0,0.009034917603374616
0446 (3).jpg,1,0.7921154138144447
0446 (4).jpg,0,0.0065155579841547715
0446 (5).jpg,0,0.006595770208525834
0446 (6).jpg,0,0.006279729156713725
0446 (7).jpg,0,0.00621582350133534
0446 (8).jpg,0,0.02435898303060508
0446 (9).jpg,0,0.007266337577728811
0446.jpg,0,0.006731328964459307
0447 (10).jpg,0,0.013529248736404403
0447 (2).jpg,0,0.007024541384650545
0447 (3).jpg,0,0.010490432285567413
0447 (4).jpg,0,0.006222701236084371
0447 (5).jpg,0,0.008661496683700401
0447 (6).jpg,0,0.006311121346615473
0447 (7).jpg,0,0.006777472286142825
0447 (8).jpg,0,0.0080554905096675
0447 (9).jpg,0,0.00790865707258755
0447.jpg,0,0.006851265596772061
0448 (10).jpg,0,0.0075355003496268445
0448 (2).jpg,0,0.007122955445632518
0448 (3).jpg,0,0.012929625714301396
0448 (4).jpg,0,0.006310111385980628
0448 (5).jpg,0,0.006289097706861781
0448 (6).jpg,0,0.0063095034997854
0448 (7).jpg,0,0.006931628863545259
0448 (8).jpg,0,0.007189452410058951
0448 (9).jpg,0,0.01042682443711533
0448.jpg,0,0.007446447232440545
0449 (10).jpg,0,0.006543725414402698
0449 (2).jpg,0,0.006874944126707618
0449 (3).jpg,0,0.0063182774546567564
0449 (4).jpg,0,0.20820036751221196
0449 (5).jpg,0,0.006396743614836815
0449 (6).jpg,0,0.006399810418591362
0449 (7).jpg,0,0.006854629321050645
0449 (8).jpg,0,0.006845306772992649
0449 (9).jpg,0,0.06974225450134967
0449.jpg,0,0.006735486566901612
0450 (10).jpg,0,0.006199801033919176
0450 (2).jpg,0,0.01958881009965704
0450 (3).jpg,0,0.0065418723279040214
0450 (4).jpg,0,0.006875248912098174
0450 (5).jpg,0,0.20279603381982836
0450 (6).jpg,0,0.010522871178409466
0450 (7).jpg,0,0.00626485676223569
0450 (8).jpg,0,0.00954542162648528
0450 (9).jpg,0,0.061099937857487824
0450.jpg,0,0.009164342592942595
0451 (10).jpg,0,0.0068171996964937085
0451 (2).jpg,0,0.006282822825589461
0451 (3).jpg,0,0.017266295332566742
0451 (4).jpg,0,0.006964367783766334
0451 (5).jpg,0,0.008351170415641332
0451 (6).jpg,0,0.006498711915888452
0451 (7).jpg,0,0.00665687433793472
0451 (8).jpg,0,0.0066441968053718185
0451 (9).jpg,0,0.08415930750593124
0451.jpg,0,0.007020541269975768
0452 (10).jpg,0,0.006236136483012578
0452 (2).jpg,0,0.008570858823407017
0452 (3).jpg,0,0.0068541302456513915
0452 (4).jpg,0,0.006927390947819137
0452 (5).jpg,0,0.009312365038083439
0452 (6).jpg,0,0.007002951003920483
0452 (7).jpg,0,0.007603527978213511
0452 (8).jpg,1,0.7762865801810439
0452 (9).jpg,0,0.006753869413586375
0452.jpg,0,0.08817575617746132
0453 (10).jpg,0,0.006561137877449922
0453 (2).jpg,0,0.015801338150361346
0453 (3).jpg,0,0.11864533380069699
0453 (4).jpg,0,0.006879580610167695
0453 (5).jpg,0,0.015450153985581108
0453 (6).jpg,0,0.0063206511292422515
0453 (7).jpg,0,0.0063066031750318614
0453 (8).jpg,0,0.024262841077854997
0453 (9).jpg,0,0.00671667566358728
0453.jpg,0,0.006937616927533481
0454 (10).jpg,0,0.007980328041676957
0454 (2).jpg,0,0.006229593069124081
0454 (3).jpg,0,0.006405540953913909
0454 (4).jpg,0,0.006172991464638323
0454 (5).jpg,0,0.007260073398802177
0454 (6).jpg,0,0.34610450188763775
0454 (7).jpg,0,0.006239738196344216
0454 (8).jpg,0,0.011684505658962669
0454 (9).jpg,0,0.00861263162518383
0454.jpg,0,0.023194763997319713
0455 (10).jpg,0,0.00829865678165824
0455 (2).jpg,0,0.007027056292590719
0455 (3).jpg,0,0.008830361868226767
0455 (4).jpg,0,0.00653631211036091
0455 (5).jpg,0,0.0065255953667131515
0455 (6).jpg,0,0.007575667054558414
0455 (7).jpg,0,0.01004669783410154
0455 (8).jpg,0,0.007873651520103688
0455 (9).jpg,0,0.006351332237141802
0455.jpg,1,0.9662128687829358
0456 (10).jpg,0,0.010631313462557761
0456 (2).jpg,0,0.09220649836668908
0456 (3).jpg,0,0.007089393094434403
0456 (4).jpg,0,0.006219928042572175
0456 (5).jpg,0,0.007420000077190201
0456 (6).jpg,0,0.010092669064986902
0456 (7).jpg,0,0.0072817343313809745
0456 (8).jpg,0,0.03239161362474523
0456 (9).jpg,0,0.055383941180521055
0456.jpg,0,0.008459232411747257
0457 (10).jpg,0,0.006988793962529262
0457 (2).jpg,0,0.007237110816207394
0457 (3).jpg,0,0.0068864931713405655
0457 (4).jpg,0,0.009675054505769205
0457 (5).jpg,0,0.007045116262597593
0457 (6).jpg,0,0.008405940057721327
0457 (7).jpg,0,0.009062466921825447
0457 (8).jpg,0,0.006355193442627335
0457 (9).jpg,0,0.2199769565514557
0457.jpg,0,0.007679920585321631
0458 (10).jpg,0,0.00685741998737617
0458 (2).jpg,0,0.0069545130835789205
0458 (3).jpg,0,0.010655930657189817
0458 (4).jpg,0,0.006352333864759823
0458 (5).jpg,0,0.021115450371659416
0458 (6).jpg,0,0.006183320052853724
0458 (7).jpg,0,0.008747654148293173
0458 (8).jpg,0,0.03132510629795792
0458 (9).jpg,0,0.013186411157533447
0458.jpg,0,0.016890853537027527
0459 (10).jpg,0,0.02200115061295909
0459 (2).jpg,0,0.010272723958326287
0459 (3).jpg,0,0.007744978623960749
0459 (4).jpg,0,0.006158917293458705
0459 (5).jpg,0,0.006207082771296433
0459 (6).jpg,0,0.0068950084803429445
0459 (7).jpg,0,0.00842093694372243
0459 (8).jpg,0,0.007206765461309108
0459 (9).jpg,0,0.017904915807922216
0459.jpg,1,0.9893773655189113
0460 (10).jpg,0,0.007942218248601444
0460 (2).jpg,1,0.8734458690413383
0460 (3).jpg,0,0.006864901822500905
0460 (4).jpg,0,0.0061777037936024334
0460 (5).jpg,0,0.006502609733501662
0460 (6).jpg,0,0.006166200892874113
0460 (7).jpg,0,0.02004002791374255
0460 (8).jpg,0,0.00625336433475088
0460 (9).jpg,0,0.007268654373215948
0460.jpg,1,0.5353382465344984
0461 (10).jpg,0,0.0075210647162602074
0461 (2).jpg,0,0.006747141317668499
0461 (3).jpg,0,0.006653424846046122
0461 (4).jpg,0,0.007066099500706935
0461 (5).jpg,0,0.007057748765026116
0461 (6).jpg,0,0.006262313286799222
0461 (7).jpg,0,0.006352139919298532
0461 (8).jpg,0,0.00785684235864885
0461 (9).jpg,0,0.008958702913703834
0461.jpg,0,0.007973046492173654
0462 (10).jpg,0,0.006261562669763752
0462 (2).jpg,0,0.0072279295220955405
0462 (3).jpg,0,0.0088011129253801
0462 (4).jpg,0,0.006535060700389798
0462 (5).jpg,0,0.007264026841951882
0462 (6).jpg,0,0.006635211405246788
0462 (7).jpg,0,0.0066713929054816904
0462 (8).jpg,0,0.0067718199870683135
0462 (9).jpg,0,0.0073176764267316565
0462.jpg,0,0.007092264663798631
0463 (10).jpg,0,0.008202411625427912
0463 (2).jpg,0,0.00637252132151558
0463 (3).jpg,0,0.018568469193100443
0463 (4).jpg,0,0.007109647773079703
0463 (5).jpg,0,0.006562301931068299
0463 (6).jpg,0,0.007731571641817354
0463 (7).jpg,0,0.0075638543965092075
0463 (8).jpg,0,0.006301529603099636
0463 (9).jpg,0,0.008724330632477463
0463.jpg,0,0.01530997206868684
0464 (10).jpg,0,0.011628076611911823
0464 (2).jpg,0,0.008796500949378543
0464 (3).jpg,0,0.006738585276267948
0464 (4).jpg,0,0.007066293048509819
0464 (5).jpg,0,0.006603261251967156
0464 (6).jpg,0,0.006421139374051623
0464 (7).jpg,0,0.00769793161577619
0464 (8).jpg,0,0.006202781319658358
0464 (9).jpg,0,0.0073354013078459806
0464.jpg,0,0.008267836934840008
0465 (10).jpg,0,0.007132709292776156
0465 (2).jpg,0,0.008094948292643367
0465 (3).jpg,0,0.0066659293578188485
0465 (4).jpg,0,0.006479377708187741
0465 (5).jpg,0,0.0073567765126107635
0465 (6).jpg,0,0.0061836993400000454
0465 (7).jpg,0,0.006244465847317335
0465 (8).jpg,0,0.008776631394849736
0465 (9).jpg,0,0.01189021695234227
0465.jpg,0,0.007606332937768341
0466 (10).jpg,0,0.006685410944838876
0466 (2).jpg,0,0.006481324943961908
0466 (3).jpg,0,0.0080234925534507
0466 (4).jpg,1,0.9614628192245838
0466 (5).jpg,0,0.037754540354494444
0466 (6).jpg,0,0.006168348575557228
0466 (7).jpg,0,0.006551453235642045
0466 (8).jpg,0,0.006469462748936399
0466 (9).jpg,0,0.010012053682578325
0466.jpg,0,0.006755545663677703
0467 (10).jpg,0,0.008375119587646059
0467 (2).jpg,0,0.020895001683350616
0467 (3).jpg,0,0.015325692486945788
0467 (4).jpg,1,0.4840288593131082
0467 (5).jpg,0,0.007675441316117234
0467 (6).jpg,0,0.008537739644504973
0467 (7).jpg,0,0.01204972857339902
0467 (8).jpg,0,0.010882795685305662
0467 (9).jpg,0,0.010210569349723534
0467.jpg,0,0.00738832789224837
0468 (10).jpg,0,0.018223769573120684
0468 (2).jpg,0,0.011544848827894387
0468 (3).jpg,0,0.01020355436763211
0468 (4).jpg,0,0.011058905161239405
0468 (5).jpg,0,0.01409066877414364
0468 (6).jpg,0,0.006314575545118403
0468 (7).jpg,0,0.0063592320014655545
0468 (8).jpg,0,0.007746061778270858
0468 (9).jpg,0,0.007238793688474196
0468.jpg,0,0.006221823624249263
0469 (10).jpg,0,0.007352851562756149
0469 (2).jpg,0,0.006293986575575526
0469 (3).jpg,0,0.006570856754610725
0469 (4).jpg,0,0.007822764025047368
0469 (5).jpg,0,0.03985549388134698
0469 (6).jpg,0,0.012116433139050269
0469 (7).jpg,0,0.00720935505214573
0469 (8).jpg,0,0.008449996061915358
0469 (9).jpg,0,0.008994402888771277
0469.jpg,0,0.009115953675354026
0470 (10).jpg,0,0.019928422881678485
0470 (2).jpg,0,0.007766367669557859
0470 (3).jpg,0,0.0062506532532461785
0470 (4).jpg,0,0.007881328785831773
0470 (5).jpg,0,0.008113222410115797
0470 (6).jpg,0,0.006149448249819665
0470 (7).jpg,0,0.006715866203214335
0470 (8).jpg,0,0.006577417549182947
0470 (9).jpg,0,0.006530853440293834
0470.jpg,0,0.006460996567206884
0471 (10).jpg,0,0.006712544073517381
0471 (2).jpg,0,0.007564569570442935
0471 (3).jpg,0,0.007603851859016183
0471 (4).jpg,0,0.009052591808264171
0471 (5).jpg,0,0.006489610941706222
0471 (6).jpg,0,0.006428750524563625
0471 (7).jpg,0,0.0064682464123052615
0471 (8).jpg,0,0.006862357142297309
0471 (9).jpg,0,0.007841387416839167
0471.jpg,0,0.008253593549219835
0472 (10).jpg,0,0.007471868705943106
0472 (2).jpg,0,0.006330757106623182
0472 (3).jpg,0,0.006331085194575271
0472 (4).jpg,0,0.006894762942944771
0472 (5).jpg,0,0.00798637110343465
0472 (6).jpg,0,0.009452213255572441
0472 (7).jpg,0,0.01429225031965416
0472 (8).jpg,0,0.007007644067847643
0472 (9).jpg,0,0.011092840022857093
0472.jpg,0,0.007125055586482105
0473 (10).jpg,0,0.006279059241739791
0473 (2).jpg,0,0.006854953743520245
0473 (3).jpg,0,0.16010883254019717
0473 (4).jpg,0,0.01741718007970022
0473 (5).jpg,0,0.008252575455151396
0473 (6).jpg,0,0.006351995204042133
0473 (7).jpg,0,0.006825415471960331
0473 (8).jpg,0,0.015281128100074984
0473 (9).jpg,0,0.010035222703887637
0473.jpg,0,0.007508687598722625
0474 (10).jpg,0,0.006217300922023869
0474 (2).jpg,0,0.18711272615873578
0474 (3).jpg,0,0.012237978545469947
0474 (4).jpg,0,0.020105161115214775
0474 (5).jpg,0,0.010023913719283874
0474 (6).jpg,0,0.006595937250797921
0474 (7).jpg,0,0.006389029078848515
0474 (8).jpg,0,0.010063590061502292
0474 (9).jpg,0,0.007885670508449197
0474.jpg,0,0.009197368040297929
0475 (10).jpg,0,0.007240858254625445
0475 (2).jpg,0,0.007647874183601179
0475 (3).jpg,0,0.010802129193235801
0475 (4).jpg,0,0.01622249014352977
0475 (5).jpg,0,0.006289580342371065
0475 (6).jpg,0,0.008082058398791449
0475 (7).jpg,0,0.006274095665389014
0475 (8).jpg,0,0.006669979074625355
0475 (9).jpg,0,0.00655861010718664
0475.jpg,0,0.007416492293415682
0476 (10).jpg,0,0.0162503729905647
0476 (2).jpg,0,0.007101909331717615
0476 (3).jpg,0,0.3022338204218015
0476 (4).jpg,0,0.0065912446434543345
0476 (5).jpg,0,0.037010492920136924
0476 (6).jpg,0,0.006526445703264241
0476 (7).jpg,0,0.008808036735418561
0476 (8).jpg,0,0.00882243498774866
0476 (9).jpg,0,0.008716159430868944
0476.jpg,1,0.780921473064893
0477 (10).jpg,0,0.008367306382370057
0477 (2).jpg,0,0.006349260069614351
0477 (3).jpg,0,0.010761043708241142
0477 (4).jpg,0,0.00619248150544974
0477 (5).jpg,0,0.010776616978092391
0477 (6).jpg,0,0.006539794158780358
0477 (7).jpg,0,0.007164216741858523
0477 (8).jpg,0,0.008324607706998777
0477 (9).jpg,0,0.007607280074305275
0477.jpg,0,0.00647049474089862
0478 (10).jpg,0,0.006137597624354467
0478 (2).jpg,0,0.007126490580484531
0478 (3).jpg,0,0.012144782652140033
0478 (4).jpg,0,0.006415093565316694
0478 (5).jpg,0,0.006835006809484344
0478 (6).jpg,0,0.006215996237955122
0478 (7).jpg,0,0.006694404474941749
0478 (8).jpg,0,0.0078586854273781
0478 (9).jpg,0,0.008480132581564975
0478.jpg,0,0.006624194329017168
0479 (10).jpg,0,0.006238520563108356
0479 (2).jpg,0,0.010783796231929856
0479 (3).jpg,0,0.022507935908125408
0479 (4).jpg,0,0.012537599606072628
0479 (5).jpg,0,0.008948357514559963
0479 (6).jpg,0,0.009185599754661667
0479 (7).jpg,0,0.006904039936997772
0479 (8).jpg,0,0.006974018996828312
0479 (9).jpg,0,0.0071592524966915105
0479.jpg,0,0.006744783272435348
0480 (10).jpg,0,0.0063413358415483284
0480 (2).jpg,0,0.0069747812249717125
0480 (3).jpg,0,0.0067879808396499675
0480 (4).jpg,0,0.0065137053259752544
0480 (5).jpg,0,0.006442391565219959
0480 (6).jpg,0,0.012175520682160268
0480 (7).jpg,0,0.0074295268781668965
0480 (8).jpg,0,0.0073685673708605804
0480 (9).jpg,0,0.008424247436392729
0480.jpg,0,0.008246817492406957
0481 (10).jpg,0,0.006151859370256665
0481 (2).jpg,1,0.5990616655683174
0481 (3).jpg,0,0.01838991231213811
0481 (4).jpg,0,0.006572602266156848
0481 (5).jpg,0,0.007167813761863035
0481 (6).jpg,0,0.006239973976533954
0481 (7).jpg,0,0.009184886900773959
0481 (8).jpg,0,0.019139620253003663
0481 (9).jpg,0,0.04934346402762526
0481.jpg,0,0.014127650201980884
0482 (10).jpg,0,0.019607203331447984
0482 (2).jpg,0,0.011041242871236532
0482 (3).jpg,1,0.9649615035655383
0482 (4).jpg,0,0.015757181570955195
0482 (5).jpg,0,0.011480145704345125
0482 (6).jpg,0,0.0063454273002649525
0482 (7).jpg,0,0.0067387247712097035
0482 (8).jpg,0,0.0072630507714245545
0482 (9).jpg,0,0.0894801319293032
0482.jpg,0,0.0074841838148729505
0483 (10).jpg,0,0.0064247196000918345
0483 (2).jpg,0,0.006499901803093213
0483 (3).jpg,0,0.006514345544836764
0483 (4).jpg,0,0.009630512882500655
0483 (5).jpg,0,0.008431651220369278
0483 (6).jpg,0,0.0068950229563602234
0483 (7).jpg,0,0.006553105868353822
0483 (8).jpg,0,0.00993276096537997
0483 (9).jpg,0,0.010337649827290785
0483.jpg,0,0.009107303724069198
0484 (10).jpg,0,0.006568214759577934
0484 (2).jpg,0,0.008420906647064321
0484 (3).jpg,0,0.018326813137951384
0484 (4).jpg,0,0.00620947575546985
0484 (5).jpg,0,0.00679115708512504
0484 (6).jpg,0,0.006518517172920738
0484 (7).jpg,0,0.011660991176393689
0484 (8).jpg,0,0.00946255381928788
0484 (9).jpg,0,0.00974368388605652
0484.jpg,0,0.03143840325436013
0485 (10).jpg,0,0.008808166655652235
0485 (2).jpg,0,0.008350574381517832
0485 (3).jpg,0,0.011250552539907246
0485 (4).jpg,0,0.0073311732434890855
0485 (5).jpg,0,0.01121562086039428
0485 (6).jpg,0,0.006315801591661588
0485 (7).jpg,0,0.0067166901579789546
0485 (8).jpg,0,0.009147791168308626
0485 (9).jpg,0,0.006306625976026521
0485.jpg,0,0.015267468665873814
0486 (10).jpg,0,0.006370474341163436
0486 (2).jpg,0,0.006555302488600121
0486 (3).jpg,0,0.006291232186131838
0486 (4).jpg,0,0.007175756051801972
0486 (5).jpg,0,0.006432893776761002
0486 (6).jpg,0,0.006902420884982113
0486 (7).jpg,0,0.006438722511593468
0486 (8).jpg,0,0.00642950573946675
0486 (9).jpg,0,0.0065718083148877116
0486.jpg,0,0.008049430257943703
0487 (10).jpg,0,0.007229939869256631
0487 (2).jpg,0,0.012409633891895476
0487 (3).jpg,0,0.015171466275811825
0487 (4).jpg,0,0.006420676686207157
0487 (5).jpg,0,0.0068655876745055775
0487 (6).jpg,0,0.006299335562946146
0487 (7).jpg,0,0.007174748154075063
0487 (8).jpg,0,0.007520261330001629
0487 (9).jpg,0,0.007005579971762598
0487.jpg,0,0.02980403773687434
0488 (10).jpg,0,0.006980282168401059
0488 (2).jpg,0,0.00735750288560454
0488 (3).jpg,0,0.019428795429494206
0488 (4).jpg,0,0.0064500414677118745
0488 (5).jpg,1,0.4795966630712676
0488 (6).jpg,0,0.006289953229663485
0488 (7).jpg,0,0.006269589433093227
0488 (8).jpg,0,0.01300230683754252
0488 (9).jpg,0,0.0067998349614245435
0488.jpg,0,0.007443803256108794
0489 (10).jpg,0,0.006587055291190902
0489 (2).jpg,0,0.00643005330190685
0489 (3).jpg,0,0.007123975951478813
0489 (4).jpg,0,0.01989623680179145
0489 (5).jpg,0,0.008267973261338544
0489 (6).jpg,0,0.006245791349600401
0489 (7).jpg,0,0.007851336779299709
0489 (8).jpg,0,0.009448152731348006
0489 (9).jpg,0,0.00722277738655522
0489.jpg,0,0.14783073480049658
0490 (10).jpg,0,0.006363916298531702
0490 (2).jpg,0,0.006318374121683621
0490 (3).jpg,0,0.007484033491177054
0490 (4).jpg,0,0.007011466123390598
0490 (5).jpg,0,0.006740690573116263
0490 (6).jpg,0,0.0067935558184339375
0490 (7).jpg,0,0.007580713194095405
0490 (8).jpg,0,0.007311798726680714
0490 (9).jpg,0,0.010967602690649591
0490.jpg,0,0.006542816709357132
0491 (10).jpg,0,0.006915129383117536
0491 (2).jpg,0,0.006408339316613276
0491 (3).jpg,0,0.006278444573228449
0491 (4).jpg,0,0.009002861416934373
0491 (5).jpg,0,0.008392486976023178
0491 (6).jpg,0,0.02536762792962052
0491 (7).jpg,0,0.006947561564807026
0491 (8).jpg,0,0.007184580006419294
0491 (9).jpg,0,0.008916358372912369
0491.jpg,0,0.006324681284054499
0492 (10).jpg,0,0.006501253251663271
0492 (2).jpg,0,0.24416595362600907
0492 (3).jpg,0,0.0102700418597261
0492 (4).jpg,0,0.006472291268818656
0492 (5).jpg,0,0.007631295081474529
0492 (6).jpg,0,0.008219275758704238
0492 (7).jpg,0,0.006272567302871058
0492 (8).jpg,0,0.00780018386356841
0492 (9).jpg,0,0.007065240642301518
0492.jpg,0,0.008241245171769477
0493 (10).jpg,0,0.006639909849789591
0493 (2).jpg,0,0.0065489419272404936
0493 (3).jpg,0,0.006758160408407066
0493 (4).jpg,0,0.00955639354827965
0493 (5).jpg,0,0.007303868375860757
0493 (6).jpg,0,0.006595171933743305
0493 (7).jpg,0,0.0061928456971975816
0493 (8).jpg,0,0.007782474708537119
0493 (9).jpg,1,0.5018398248073356
0493.jpg,0,0.006220397049698042
0494 (10).jpg,0,0.006407225357532355
0494 (2).jpg,0,0.006850213686414057
0494 (3).jpg,0,0.006621322265795594
0494 (4).jpg,0,0.00634232273182405
0494 (5).jpg,0,0.007118588457910428
0494 (6).jpg,0,0.009410423454866255
0494 (7).jpg,0,0.006362847773055963
0494 (8).jpg,0,0.0064101603255947446
0494 (9).jpg,0,0.006729478636454779
0494.jpg,0,0.007621051364601829
0495 (10).jpg,0,0.007817861038967635
0495 (2).jpg,0,0.007410383712420177
0495 (3).jpg,0,0.011405500236842302
0495 (4).jpg,0,0.006448044572268071
0495 (5).jpg,0,0.023361719344885026
0495 (6).jpg,0,0.006364611595499012
0495 (7).jpg,0,0.008034588019896722
0495 (8).jpg,0,0.024928125078013178
0495 (9).jpg,0,0.007627682884589201
0495.jpg,0,0.12900051924122216
0496 (10).jpg,0,0.010783528977319183
0496 (2).jpg,0,0.006501801304143067
0496 (3).jpg,0,0.006326161132956877
0496 (4).jpg,0,0.0065537887755492625
0496 (5).jpg,0,0.03143779314312342
0496 (6).jpg,0,0.006831578391023481
0496 (7).jpg,0,0.007678390809388109
0496 (8).jpg,0,0.007136843311470969
0496 (9).jpg,0,0.006359050999659792
0496.jpg,0,0.0071854067787020595
0497 (10).jpg,0,0.006975213461724013
0497 (2).jpg,0,0.006825124853434803
0497 (3).jpg,0,0.007217766489035373
0497 (4).jpg,0,0.0061917550226560005
0497 (5).jpg,0,0.007047715444771095
0497 (6).jpg,0,0.025272528244165572
0497 (7).jpg,0,0.006340289003290966
0497 (8).jpg,0,0.006713957853930368
0497 (9).jpg,0,0.0062141200714090445
0497.jpg,0,0.008194175741880593
0498 (10).jpg,0,0.007059041424810564
0498 (2).jpg,0,0.011356770930410221
0498 (3).jpg,0,0.007494845801908693
0498 (4).jpg,0,0.006680482758445555
0498 (5).jpg,0,0.014896247068476268
0498 (6).jpg,0,0.008983872366508773
0498 (7).jpg,0,0.007049137501194998
0498 (8).jpg,0,0.0063890429457250895
0498 (9).jpg,0,0.015465914540234738
0498.jpg,0,0.006831660363596745
0499 (10).jpg,0,0.00722295275163379
0499 (2).jpg,0,0.00897194914762856
0499 (3).jpg,0,0.00730054938548399
0499 (4).jpg,0,0.006639761174381086
0499 (5).jpg,0,0.006391081242477415
0499 (6).jpg,0,0.006344053231458669
0499 (7).jpg,0,0.0061673246760943
0499 (8).jpg,0,0.006205265097553218
0499 (9).jpg,0,0.014563874324574195
0499.jpg,0,0.00811976902488924
0500 (10).jpg,0,0.009300518366779599
0500 (2).jpg,0,0.007553705564840062
0500 (3).jpg,0,0.007971423801682826
0500 (4).jpg,0,0.006680266673958004
0500 (5).jpg,0,0.04849842659522978
0500 (6).jpg,0,0.006439949964080673
0500 (7).jpg,0,0.006502271080979149
0500 (8).jpg,0,0.00705363864117023
0500 (9).jpg,0,0.006562832073025356
0500.jpg,0,0.010381638773774893
0501 (10).jpg,0,0.011568000435644215
0501 (2).jpg,0,0.006625380056184483
0501 (3).jpg,0,0.01699744918254704
0501 (4).jpg,1,0.9308445502485725
0501 (5).jpg,0,0.007232340008563714
0501 (6).jpg,0,0.006806714724060792
0501 (7).jpg,0,0.007942039052684702
0501 (8).jpg,0,0.022282787795154947
0501 (9).jpg,0,0.00747213959006804
0501.jpg,0,0.006602544227510524
0502 (10).jpg,0,0.008795299719688105
0502 (2).jpg,0,0.009004971301129306
0502 (3).jpg,0,0.010879173714507613
0502 (4).jpg,0,0.006337282528142339
0502 (5).jpg,0,0.007948613987380282
0502 (6).jpg,0,0.007195541095528534
0502 (7).jpg,0,0.008589231978789247
0502 (8).jpg,0,0.007400621570162041
0502 (9).jpg,0,0.024928366384382252
0502.jpg,0,0.006265965127863124
0503 (10).jpg,0,0.010219675785529904
0503 (2).jpg,0,0.006600442179288529
0503 (3).jpg,1,0.9888145924944506
0503 (4).jpg,0,0.006925779675429342
0503 (5).jpg,0,0.27576382897065876
0503 (6).jpg,0,0.010708158371533558
0503 (7).jpg,0,0.006406436674398542
0503 (8).jpg,0,0.0061914174219057485
0503 (9).jpg,0,0.006216255816899613
0503.jpg,1,0.9616998693043831
0504 (10).jpg,0,0.011418769405739493
0504 (2).jpg,1,0.9328447718557995
0504 (3).jpg,0,0.01571060686024101
0504 (4).jpg,0,0.006480776331639919
0504 (5).jpg,0,0.009207358520014256
0504 (6).jpg,0,0.006586887222199102
0504 (7).jpg,0,0.006475441890767862
0504 (8).jpg,0,0.00619967607924095
0504 (9).jpg,0,0.04164752860723559
0504.jpg,0,0.00656410335089696
0505 (10).jpg,0,0.00755151466015371
0505 (2).jpg,0,0.00665318827861878
0505 (3).jpg,0,0.0063895030697239796
0505 (4).jpg,0,0.0076377626454142925
0505 (5).jpg,0,0.025824892671598407
0505 (6).jpg,0,0.010499544234352258
0505 (7).jpg,0,0.006341102731531116
0505 (8).jpg,0,0.007245697979639188
0505 (9).jpg,0,0.007569659222002467
0505.jpg,1,0.9203850673517137
0506 (10).jpg,0,0.006765597453485354
0506 (2).jpg,0,0.006240739315304224
0506 (3).jpg,0,0.28739065806400693
0506 (4).jpg,0,0.014749971895141463
0506 (5).jpg,0,0.009688885454229298
0506 (6).jpg,0,0.013845958645847834
0506 (7).jpg,0,0.007092262044174911
0506 (8).jpg,0,0.006261025574270677
0506 (9).jpg,0,0.007777791896718801
0506.jpg,0,0.006624822193036773
0507 (10).jpg,0,0.008230981447521072
0507 (2).jpg,0,0.011606474110026327
0507 (3).jpg,0,0.008596021193778015
0507 (4).jpg,0,0.01988433629188831
0507 (5).jpg,0,0.006408100991236469
0507 (6).jpg,0,0.01659889481153231
0507 (7).jpg,0,0.0065640819138571655
0507 (8).jpg,0,0.0066319785965347055
0507 (9).jpg,0,0.0067045480449063315
0507.jpg,0,0.010366691733992644
0508 (10).jpg,0,0.006718252621989701
0508 (2).jpg,0,0.007119166298301884
0508 (3).jpg,1,0.8783149419592966
0508 (4).jpg,0,0.010210230243320463
0508 (5).jpg,0,0.007261297804825674
0508 (6).jpg,0,0.006958302428338489
0508 (7).jpg,0,0.007773823176863286
0508 (8).jpg,0,0.0068416134365751995
0508 (9).jpg,0,0.0074934824024768445
0508.jpg,0,0.009042960040258372
0509 (10).jpg,0,0.006245958523176513
0509 (2).jpg,0,0.013999526954644296
0509 (3).jpg,0,0.007353067782158829
0509 (4).jpg,0,0.007677825172134409
0509 (5).jpg,1,0.6130893404524786
0509 (6).jpg,0,0.006390827877073912
0509 (7).jpg,0,0.008736380219232094
0509 (8).jpg,0,0.00815960227460153
0509 (9).jpg,0,0.13224131527530203
0509.jpg,0,0.006390067095986764
0510 (10).jpg,0,0.0077258546222041926
0510 (2).jpg,0,0.008212692332194826
0510 (3).jpg,0,0.0065162901465804
0510 (4).jpg,0,0.007788221578756356
0510 (5).jpg,0,0.006515400103815347
0510 (6).jpg,0,0.006372207240428427
0510 (7).jpg,0,0.006443185333650963
0510 (8).jpg,0,0.009322532833971454
0510 (9).jpg,0,0.01480411337169284
0510.jpg,1,0.7988555070563464
0511 (10).jpg,1,0.5361332734353099
0511 (2).jpg,0,0.008017729737958505
0511 (3).jpg,0,0.006517136988526934
0511 (4).jpg,0,0.011821939252530904
0511 (5).jpg,0,0.006735184423999905
0511 (6).jpg,0,0.006357673949525584
0511 (7).jpg,0,0.008107309353493212
0511 (8).jpg,0,0.007743426816123781
0511 (9).jpg,0,0.0065383270441171275
0511.jpg,0,0.006576504897032783
0512 (10).jpg,0,0.00661172871222997
0512 (2).jpg,1,0.9757101427472936
0512 (3).jpg,0,0.008608081548188873
0512 (4).jpg,0,0.00751805663367398
0512 (5).jpg,1,0.7093373692472302
0512 (6).jpg,0,0.006176962806004371
0512 (7).jpg,0,0.007050522321622241
0512 (8).jpg,0,0.006710314752799055
0512 (9).jpg,0,0.011764340335516483
0512.jpg,0,0.00851625223934907
0513 (10).jpg,0,0.009943610003359872
0513 (2).jpg,0,0.006650444433531506
0513 (3).jpg,0,0.007575217654460026
0513 (4).jpg,0,0.00645910219125287
0513 (5).jpg,0,0.007454877827972028
0513 (6).jpg,0,0.022552123784931283
0513 (7).jpg,0,0.006580471060903343
0513 (8).jpg,0,0.00892816315701057
0513 (9).jpg,0,0.008156740574483269
0513.jpg,0,0.37129462588469986
0514 (10).jpg,0,0.007500611293787852
0514 (2).jpg,0,0.011140116645068034
0514 (3).jpg,1,0.8772313204265277
0514 (4).jpg,0,0.0071072884528149615
0514 (5).jpg,0,0.006223059670408215
0514 (6).jpg,0,0.007227003749605113
0514 (7).jpg,0,0.0072981219026598395
0514 (8).jpg,0,0.007682661567256593
0514 (9).jpg,0,0.009618420639047148
0514.jpg,0,0.009169401324767627
0515 (10).jpg,0,0.019535345034742642
0515 (2).jpg,0,0.006410257269206749
0515 (3).jpg,1,0.4353884771923235
0515 (4).jpg,0,0.019370527074201203
0515 (5).jpg,0,0.0074129922286794644
0515 (6).jpg,0,0.0065693509227063105
0515 (7).jpg,0,0.006210686866953816
0515 (8).jpg,0,0.006301062538161952
0515 (9).jpg,0,0.05239277215946642
0515.jpg,0,0.007068769625218855
0516 (10).jpg,0,0.006480304794387064
0516 (2).jpg,0,0.006990610173676068
0516 (3).jpg,0,0.008884372391659989
0516 (4).jpg,0,0.0062227810400396115
0516 (5).jpg,0,0.006362563982996455
0516 (6).jpg,0,0.056595014106814924
0516 (7).jpg,0,0.006326972841732731
0516 (8).jpg,0,0.006592491105798825
0516 (9).jpg,0,0.0066860095166198
0516.jpg,0,0.007551953005359358
0517 (10).jpg,0,0.007368334300946314
0517 (2).jpg,0,0.006383291090850025
0517 (3).jpg,0,0.008087656248789193
0517 (4).jpg,0,0.0062975609702800054
0517 (5).jpg,0,0.006614381670971573
0517 (6).jpg,0,0.007742407753169415
0517 (7).jpg,0,0.006699000995871488
0517 (8).jpg,0,0.007271631921004276
0517 (9).jpg,0,0.009451706094632894
0517.jpg,0,0.018567141666429674
0518 (10).jpg,0,0.00657943892350117
0518 (2).jpg,0,0.008395050264653203
0518 (3).jpg,0,0.00805740628444369
0518 (4).jpg,0,0.007030496293181047
0518 (5).jpg,0,0.006452638990016687
0518 (6).jpg,0,0.00627540031200365
0518 (7).jpg,0,0.007318192040727245
0518 (8).jpg,0,0.006790518942273465
0518 (9).jpg,0,0.008946652931185625
0518.jpg,0,0.18086938645339087
0519 (10).jpg,0,0.009950929453392314
0519 (2).jpg,0,0.007187548966190844
0519 (3).jpg,0,0.008526995669409327
0519 (4).jpg,0,0.006276122554383454
0519 (5).jpg,0,0.009445455005158754
0519 (6).jpg,0,0.006337394171213687
0519 (7).jpg,0,0.00654556816587922
0519 (8).jpg,0,0.008240688322392819
0519 (9).jpg,0,0.006612819160297739
0519.jpg,0,0.09085771093782306
0520 (10).jpg,0,0.0069637240524548045
0520 (2).jpg,0,0.0066828937101600875
0520 (3).jpg,0,0.006813825267662858
0520 (4).jpg,0,0.006275895720686372
0520 (5).jpg,0,0.015044615218030825
0520 (6).jpg,0,0.006799704716251956
0520 (7).jpg,0,0.009719649514345946
0520 (8).jpg,0,0.0071859114301988745
0520 (9).jpg,0,0.008061115133659006
0520.jpg,0,0.006853837018498641
0521 (10).jpg,0,0.013829113302512564
0521 (2).jpg,0,0.006601464954365122
0521 (3).jpg,0,0.008469648496401708
0521 (4).jpg,0,0.006330645860086344
0521 (5).jpg,0,0.006260143475154388
0521 (6).jpg,0,0.006196760984309066
0521 (7).jpg,0,0.006437324218915428
0521 (8).jpg,0,0.009769736191077924
0521 (9).jpg,0,0.00855964527178714
0521.jpg,0,0.0068242735120103235
0522 (10).jpg,0,0.006849860168262295
0522 (2).jpg,0,0.006639046321323299
0522 (3).jpg,0,0.023563448600357684
0522 (4).jpg,0,0.006439488790097754
0522 (5).jpg,0,0.006351052348203825
0522 (6).jpg,0,0.007354890127060787
0522 (7).jpg,0,0.00624826609683361
0522 (8).jpg,0,0.05720103385298088
0522 (9).jpg,0,0.006584181063600601
0522.jpg,0,0.006873057076186357
0523 (10).jpg,0,0.017531888376209684
0523 (2).jpg,0,0.009374606671834164
0523 (3).jpg,0,0.007768934756539066
0523 (4).jpg,0,0.006252623649010149
0523 (5).jpg,0,0.006275357551002418
0523 (6).jpg,0,0.006332740732210525
0523 (7).jpg,0,0.006380432670986223
0523 (8).jpg,0,0.008154651266543885
0523 (9).jpg,0,0.007777957266222872
0523.jpg,0,0.006587851029877788
0524 (10).jpg,0,0.007669504605180513
0524 (2).jpg,1,0.6538919698873112
0524 (3).jpg,1,0.7599606485493869
0524 (4).jpg,0,0.012407701692396068
0524 (5).jpg,0,0.006351857280982461
0524 (6).jpg,0,0.006387538213499774
0524 (7).jpg,0,0.006469511498953631
0524 (8).jpg,0,0.007181658064897198
0524 (9).jpg,0,0.008268180861319205
0524.jpg,0,0.00854535689939791
0525 (10).jpg,0,0.006867445468390647
0525 (2).jpg,0,0.006780821115311005
0525 (3).jpg,0,0.006301815775938848
0525 (4).jpg,0,0.0063810289668084505
0525 (5).jpg,0,0.006200865718993571
0525 (6).jpg,0,0.00618725403475674
0525 (7).jpg,0,0.006193098212341943
0525 (8).jpg,0,0.008278241260785933
0525 (9).jpg,0,0.00727235069550274
0525.jpg,0,0.008656742051570744
0526 (10).jpg,0,0.006850723344478287
0526 (2).jpg,0,0.01744847267154014
0526 (3).jpg,0,0.009436178736539085
0526 (4).jpg,0,0.006307571632748282
0526 (5).jpg,0,0.00901280615662071
0526 (6).jpg,0,0.006522301688170458
0526 (7).jpg,0,0.00616687003975166
0526 (8).jpg,0,0.006595652799816319
0526 (9).jpg,0,0.008553572395848539
0526.jpg,0,0.007836196262494472
0527 (10).jpg,0,0.007282921377247952
0527 (2).jpg,0,0.007101524311674053
0527 (3).jpg,0,0.007343448650039912
0527 (4).jpg,0,0.0070791067798610125
0527 (5).jpg,0,0.006379001899707763
0527 (6).jpg,0,0.007019931208636177
0527 (7).jpg,0,0.006718564022810429
0527 (8).jpg,0,0.00689674469722376
0527 (9).jpg,0,0.006898018582075134
0527.jpg,0,0.0075520028596532795
0528 (10).jpg,0,0.006608729460612072
0528 (2).jpg,0,0.007074961748584318
0528 (3).jpg,1,0.8296195481210468
0528 (4).jpg,0,0.006452926552311135
0528 (5).jpg,0,0.006968663449951034
0528 (6).jpg,0,0.008797518025118951
0528 (7).jpg,0,0.006506987715653154
0528 (8).jpg,0,0.010433065683254571
0528 (9).jpg,0,0.0066568970855372675
0528.jpg,0,0.006214636004004747
0529 (10).jpg,0,0.0061776031590553785
0529 (2).jpg,0,0.006201156362631699
0529 (3).jpg,0,0.008719147998305404
0529 (4).jpg,0,0.007707180364583251
0529 (5).jpg,0,0.006199245558049076
0529 (6).jpg,0,0.006430180039246063
0529 (7).jpg,0,0.006180161645347814
0529 (8).jpg,0,0.007987026123878223
0529 (9).jpg,0,0.011594514612055799
0529.jpg,0,0.00677352669073673
0530 (10).jpg,0,0.006259804280516275
0530 (2).jpg,0,0.007242448258559784
0530 (3).jpg,0,0.006744125593657272
0530 (4).jpg,0,0.006684764046951496
0530 (5).jpg,0,0.006401473744957189
0530 (6).jpg,0,0.006171887343958163
0530 (7).jpg,0,0.006234857809628188
0530 (8).jpg,0,0.007239363915265394
0530 (9).jpg,0,0.006731702687982776
0530.jpg,0,0.008676421292383298
0531 (10).jpg,0,0.006710828185760195
0531 (2).jpg,0,0.04844623255845195
0531 (3).jpg,0,0.012352606485869095
0531 (4).jpg,0,0.006303952934139547
0531 (5).jpg,0,0.007450989344559595
0531 (6).jpg,0,0.006156334487236149
0531 (7).jpg,0,0.008078892645080034
0531 (8).jpg,0,0.007661483510567726
0531 (9).jpg,0,0.008326363839730153
0531.jpg,0,0.015433317334005301
0532 (10).jpg,0,0.006511409745920976
0532 (2).jpg,0,0.006721352350322071
0532 (3).jpg,0,0.008402474851943677
0532 (4).jpg,0,0.006373292332394138
0532 (5).jpg,0,0.006467320892287693
0532 (6).jpg,0,0.0063262333195444696
0532 (7).jpg,0,0.016532586489265467
0532 (8).jpg,0,0.006563488761889224
0532 (9).jpg,0,0.016234100961677295
0532.jpg,0,0.0069575736573110405
0533 (10).jpg,0,0.00781901769743107
0533 (2).jpg,0,0.00745384786998482
0533 (3).jpg,0,0.007699323233138007
0533 (4).jpg,0,0.023579181840195734
0533 (5).jpg,0,0.006885120713882558
0533 (6).jpg,0,0.006684483818065066
0533 (7).jpg,0,0.008780863809804708
0533 (8).jpg,0,0.025708421075486085
0533 (9).jpg,0,0.0081089318236819
0533.jpg,0,0.008841036835125594
0534 (10).jpg,0,0.006453708055171587
0534 (2).jpg,0,0.007212557758527588
0534 (3).jpg,0,0.006734101477765995
0534 (4).jpg,0,0.008020054907918888
0534 (5).jpg,0,0.006593844196021879
0534 (6).jpg,0,0.007425812328597652
0534 (7).jpg,0,0.006158877799049306
0534 (8).jpg,0,0.014730613584477031
0534 (9).jpg,0,0.007442713705827153
0534.jpg,0,0.006599805066241789
0535 (10).jpg,0,0.00630449419781631
0535 (2).jpg,0,0.007449407642824622
0535 (3).jpg,0,0.0070582067746586185
0535 (4).jpg,0,0.016882956211866796
0535 (5).jpg,0,0.006993244158321974
0535 (6).jpg,0,0.006182031356257985
0535 (7).jpg,0,0.006875367689053764
0535 (8).jpg,0,0.008328422424441128
0535 (9).jpg,0,0.007632819816304612
0535.jpg,0,0.11096017903019571
0536 (10).jpg,0,0.0065306876663625115
0536 (2).jpg,0,0.021239352364659733
0536 (3).jpg,0,0.006712885988231548
0536 (4).jpg,0,0.006622881312040216
0536 (5).jpg,0,0.011072126285373556
0536 (6).jpg,0,0.006237902805989478
0536 (7).jpg,0,0.006319953681996503
0536 (8).jpg,0,0.006589398471739736
0536 (9).jpg,0,0.007499472017326926
0536.jpg,0,0.009306871134396264
0537 (10).jpg,0,0.006651610372103226
0537 (2).jpg,0,0.006338572750620099
0537 (3).jpg,0,0.012301314107109591
0537 (4).jpg,0,0.006427207761786115
0537 (5).jpg,0,0.006227595445914245
0537 (6).jpg,0,0.007552050242249437
0537 (7).jpg,0,0.006393900787589677
0537 (8).jpg,0,0.007800578800379419
0537 (9).jpg,0,0.00888627664321503
0537.jpg,0,0.05972428938455077
0538 (10).jpg,0,0.007348956962812736
0538 (2).jpg,0,0.008626913374964167
0538 (3).jpg,0,0.007463242039302035
0538 (4).jpg,0,0.006636983136381463
0538 (5).jpg,0,0.006655002249224155
0538 (6).jpg,0,0.009490137050166474
0538 (7).jpg,0,0.008651965427224746
0538 (8).jpg,0,0.009312986218890314
0538 (9).jpg,0,0.010252297552413085
0538.jpg,0,0.009437208076794473
0539 (10).jpg,0,0.006861175560501926
0539 (2).jpg,0,0.007570750563088091
0539 (3).jpg,0,0.027375277780046652
0539 (4).jpg,0,0.006171562464465897
0539 (5).jpg,0,0.007543889686386314
0539 (6).jpg,0,0.006197401065314215
0539 (7).jpg,0,0.00618968462916948
0539 (8).jpg,0,0.006586069340570085
0539 (9).jpg,0,0.012450753602146411
0539.jpg,0,0.014059703580049203
0540 (10).jpg,0,0.07113485175146338
0540 (2).jpg,0,0.0140180455562333
0540 (3).jpg,1,0.9401847120469742
0540 (4).jpg,0,0.0063461622194032246
0540 (5).jpg,0,0.0065639127632993646
0540 (6).jpg,0,0.006160316518118862
0540 (7).jpg,0,0.007694983498745846
0540 (8).jpg,0,0.008038617524240224
0540 (9).jpg,1,0.9738307397459818
0540.jpg,0,0.010973043035705975
0541 (10).jpg,0,0.00616040289051093
0541 (2).jpg,0,0.23914974989744434
0541 (3).jpg,0,0.007741541485080648
0541 (4).jpg,0,0.00693872779322395
0541 (5).jpg,0,0.006458625695067465
0541 (6).jpg,0,0.006182021814758127
0541 (7).jpg,0,0.009005529302855305
0541 (8).jpg,0,0.006457881491741369
0541 (9).jpg,0,0.007259782788910857
0541.jpg,0,0.007619750014824744
0542 (10).jpg,0,0.007568606161408775
0542 (2).jpg,0,0.008692018311169027
0542 (3).jpg,0,0.008093537190871658
0542 (4).jpg,0,0.006533737295559889
0542 (5).jpg,0,0.006412138652253433
0542 (6).jpg,0,0.006383129641595979
0542 (7).jpg,0,0.007069435363599799
0542 (8).jpg,0,0.011006879945187058
0542 (9).jpg,0,0.019906345764100785
0542.jpg,0,0.006568415396656493
0543 (10).jpg,0,0.006309663118101929
0543 (2).jpg,0,0.011118098918354488
0543 (3).jpg,0,0.015181298294712733
0543 (4).jpg,0,0.006398209487003483
0543 (5).jpg,0,0.0073264411830952164
0543 (6).jpg,0,0.006613723604219165
0543 (7).jpg,0,0.010188859386771769
0543 (8).jpg,0,0.00785003355777747
0543 (9).jpg,0,0.009115830690605446
0543.jpg,0,0.0062576989216719895
0544 (10).jpg,0,0.03886472143134588
0544 (2).jpg,0,0.2258239719743891
0544 (3).jpg,1,0.9374915028805669
0544 (4).jpg,0,0.006283981234562751
0544 (5).jpg,0,0.006513220054555542
0544 (6).jpg,0,0.0072452405349886315
0544 (7).jpg,0,0.006770474755393452
0544 (8).jpg,0,0.006233649878162842
0544 (9).jpg,0,0.009430946513101493
0544.jpg,0,0.006666352294687316
0545 (10).jpg,0,0.00776998827658751
0545 (2).jpg,0,0.11926728198935338
0545 (3).jpg,0,0.11781206141127168
0545 (4).jpg,0,0.006669578835361279
0545 (5).jpg,0,0.030093392482832746
0545 (6).jpg,0,0.006146701868565164
0545 (7).jpg,0,0.007249617543889601
0545 (8).jpg,0,0.006221851668787007
0545 (9).jpg,0,0.009043861641706325
0545.jpg,0,0.010652814567280193
0546 (10).jpg,0,0.02537535618408993
0546 (2).jpg,0,0.0071920494384720875
0546 (3).jpg,0,0.012375570276355436
0546 (4).jpg,0,0.008422106961414308
0546 (5).jpg,0,0.017400296615833092
0546 (6).jpg,0,0.006210453568344899
0546 (7).jpg,0,0.006425102266698397
0546 (8).jpg,0,0.007258924208822935
0546 (9).jpg,0,0.006910977576197079
0546.jpg,0,0.007367949228631751
0547 (10).jpg,0,0.007014041301898371
0547 (2).jpg,0,0.006408988890359556
0547 (3).jpg,0,0.007431571707785887
0547 (4).jpg,0,0.01351332799706778
0547 (5).jpg,0,0.006570364248108964
0547 (6).jpg,0,0.0064351588412552676
0547 (7).jpg,0,0.007559924249476373
0547 (8).jpg,0,0.022908053868427068
0547 (9).jpg,0,0.00860117777347661
0547.jpg,0,0.028507129663443084
0548 (10).jpg,0,0.008573132083095795
0548 (2).jpg,0,0.008081926499870712
0548 (3).jpg,0,0.006282392297555682
0548 (4).jpg,0,0.006808919655349195
0548 (5).jpg,0,0.006275934891839826
0548 (6).jpg,0,0.007553119452236801
0548 (7).jpg,0,0.0063434209807348265
0548 (8).jpg,0,0.006462994461791298
0548 (9).jpg,0,0.010196598015212123
0548.jpg,0,0.006388624612841713
0549 (10).jpg,0,0.00679040130532933
0549 (2).jpg,0,0.025018006629516976
0549 (3).jpg,0,0.00874360763337249
0549 (4).jpg,0,0.006624687780113046
0549 (5).jpg,1,0.9443295614394025
0549 (6).jpg,0,0.006470400725259655
0549 (7).jpg,0,0.006388689655705751
0549 (8).jpg,0,0.006403493176373149
0549 (9).jpg,0,0.009328854127158408
0549.jpg,0,0.006588619554673829
0550 (10).jpg,0,0.009552267675962347
0550 (2).jpg,0,0.008020330590766745
0550 (3).jpg,0,0.014003378914076221
0550 (4).jpg,0,0.027017489174460303
0550 (5).jpg,0,0.006821549210163696
0550 (6).jpg,0,0.007068351886522785
0550 (7).jpg,0,0.006329613601811409
0550 (8).jpg,0,0.01216871695550877
0550 (9).jpg,0,0.007467982049874202
0550.jpg,0,0.006847872350047977
0551 (10).jpg,0,0.008213315993702381
0551 (2).jpg,0,0.007642251145263679
0551 (3).jpg,0,0.007091657657079952
0551 (4).jpg,0,0.007786530751143803
0551 (5).jpg,0,0.006367932962603493
0551 (6).jpg,0,0.006435160295257977
0551 (7).jpg,0,0.007067494379225063
0551 (8).jpg,0,0.006177091602896228
0551 (9).jpg,0,0.02101499695518799
0551.jpg,0,0.007301265618890746
0552 (10).jpg,0,0.006876634888941654
0552 (2).jpg,0,0.011519839536943487
0552 (3).jpg,0,0.014600368385584858
0552 (4).jpg,0,0.019257668067238054
0552 (5).jpg,0,0.009299584936737588
0552 (6).jpg,0,0.006929367773640512
0552 (7).jpg,0,0.010064045141130342
0552 (8).jpg,0,0.010043016353458247
0552 (9).jpg,0,0.013224075201693396
0552.jpg,0,0.0063336577144553425
0553 (10).jpg,0,0.006334266054581783
0553 (2).jpg,0,0.006296199613157257
0553 (3).jpg,0,0.006547581838632994
0553 (4).jpg,0,0.006212769240565473
0553 (5).jpg,0,0.0072113762921907215
0553 (6).jpg,0,0.006949759144852159
0553 (7).jpg,0,0.0066318215592838965
0553 (8).jpg,0,0.006908177592197005
0553 (9).jpg,0,0.009359905710488647
0553.jpg,0,0.0113522770367305
0554 (10).jpg,0,0.00633760677663093
0554 (2).jpg,0,0.0071102456981421815
0554 (3).jpg,0,0.00869073299223452
0554 (4).jpg,0,0.006247170881387137
0554 (5).jpg,0,0.007490977760819038
0554 (6).jpg,0,0.008169193676642188
0554 (7).jpg,0,0.006206299336378331
0554 (8).jpg,0,0.00952123099479916
0554 (9).jpg,0,0.0080110924469125
0554.jpg,0,0.07455070437270875
0555 (10).jpg,0,0.007332037448048628
0555 (2).jpg,0,0.03487719321523424
0555 (3).jpg,0,0.007078644619990564
0555 (4).jpg,0,0.21936063031111735
0555 (5).jpg,0,0.006451456579732954
0555 (6).jpg,0,0.007032795108467666
0555 (7).jpg,0,0.0065076703389002994
0555 (8).jpg,0,0.007720696664377112
0555 (9).jpg,0,0.006939449708480928
0555.jpg,0,0.009908699089981264
0556 (10).jpg,0,0.009626422446005664
0556 (2).jpg,0,0.010935300709168767
0556 (3).jpg,0,0.10185646431622518
0556 (4).jpg,0,0.006486805527961918
0556 (5).jpg,0,0.006181954427294256
0556 (6).jpg,0,0.006220258794550387
0556 (7).jpg,0,0.007486493304510824
0556 (8).jpg,0,0.008647049414499666
0556 (9).jpg,0,0.006416195056020842
0556.jpg,0,0.0071351066125545076
0557 (10).jpg,0,0.011191939951031843
0557 (2).jpg,0,0.011614735300443766
0557 (3).jpg,0,0.006331934592539939
0557 (4).jpg,0,0.0065478253911529
0557 (5).jpg,0,0.0075902557783141126
0557 (6).jpg,0,0.007933285346887768
0557 (7).jpg,0,0.0062431127332300725
0557 (8).jpg,0,0.006227468342587501
0557 (9).jpg,0,0.0103048102221736
0557.jpg,0,0.006277327444173632
0558 (10).jpg,0,0.006301409629495228
0558 (2).jpg,0,0.012383933665284117
0558 (3).jpg,0,0.006452868966153104
0558 (4).jpg,0,0.008456630510916866
0558 (5).jpg,0,0.017339653240061086
0558 (6).jpg,0,0.007838367430351448
0558 (7).jpg,0,0.006624406719389607
0558 (8).jpg,0,0.007357154887299337
0558 (9).jpg,0,0.013782428401232168
0558.jpg,0,0.007062998769374987
0559 (10).jpg,0,0.00684424009323658
0559 (2).jpg,0,0.009040228189115696
0559 (3).jpg,0,0.006715477771516596
0559 (4).jpg,0,0.006661043085165534
0559 (5).jpg,0,0.006207309988554734
0559 (6).jpg,0,0.006705034023363664
0559 (7).jpg,0,0.008385296058297841
0559 (8).jpg,0,0.0074816933931163105
0559 (9).jpg,0,0.009773866260972942
0559.jpg,0,0.030269103643853358
0560 (10).jpg,0,0.0071916003547931664
0560 (2).jpg,0,0.1536363389018267
0560 (3).jpg,0,0.007098097423225847
0560 (4).jpg,0,0.006176377253055502
0560 (5).jpg,0,0.010996143227677595
0560 (6).jpg,0,0.007221296772654991
0560 (7).jpg,0,0.006572472426389078
0560 (8).jpg,0,0.00899040927491677
0560 (9).jpg,0,0.007574478008382893
0560.jpg,0,0.00672736603385339
0561 (10).jpg,0,0.006802698238137377
0561 (2).jpg,0,0.009136573727516254
0561 (3).jpg,0,0.009611783919295137
0561 (4).jpg,0,0.007448748355421928
0561 (5).jpg,0,0.00634183571785422
0561 (6).jpg,0,0.0064843893111832755
0561 (7).jpg,0,0.006304983877816902
0561 (8).jpg,0,0.0063004830010527126
0561 (9).jpg,0,0.008152367562049182
0561.jpg,0,0.006919591102116071
0562 (10).jpg,0,0.0070073042815923196
0562 (2).jpg,0,0.006468088899332958
0562 (3).jpg,0,0.006240346062889838
0562 (4).jpg,0,0.10687345206566146
0562 (5).jpg,0,0.007038838168968647
0562 (6).jpg,0,0.006685350530561757
0562 (7).jpg,0,0.006450999559777608
0562 (8).jpg,0,0.007317999740947919
0562 (9).jpg,0,0.02071278647708921
0562.jpg,0,0.007625434963751106
0563 (10).jpg,0,0.006345081272402352
0563 (2).jpg,0,0.018577662898664186
0563 (3).jpg,0,0.006473932685483948
0563 (4).jpg,0,0.006205729975924051
0563 (5).jpg,0,0.008070847944422171
0563 (6).jpg,0,0.00627821855764862
0563 (7).jpg,0,0.006442910025953058
0563 (8).jpg,0,0.006291620346410603
0563 (9).jpg,0,0.010497948834023444
0563.jpg,0,0.012291069414785086
0564 (10).jpg,0,0.0062152176718949965
0564 (2).jpg,0,0.010596031012868783
0564 (3).jpg,0,0.006453546455872738
0564 (4).jpg,1,0.9801575635260814
0564 (5).jpg,0,0.009553064866951518
0564 (6).jpg,0,0.006544689049595374
0564 (7).jpg,0,0.006294673708429445
0564 (8).jpg,0,0.0066713464111454665
0564 (9).jpg,0,0.0063557545643507995
0564.jpg,0,0.007138341597305927
0565 (10).jpg,0,0.009444269405431584
0565 (2).jpg,0,0.008796782866618977
0565 (3).jpg,0,0.010691442038062104
0565 (4).jpg,0,0.006442133183572465
0565 (5).jpg,0,0.006380462865874769
0565 (6).jpg,0,0.00812485856113915
0565 (7).jpg,0,0.006286152629722642
0565 (8).jpg,0,0.009685207083841569
0565 (9).jpg,0,0.014406625274978798
0565.jpg,0,0.007641789155663976
0566 (10).jpg,0,0.006229662930396041
0566 (2).jpg,0,0.007356103419153253
0566 (3).jpg,0,0.011053175151523617
0566 (4).jpg,0,0.006769722205852192
0566 (5).jpg,1,0.836831228026109
0566 (6).jpg,0,0.006224050666593818
0566 (7).jpg,0,0.006317877901124519
0566 (8).jpg,0,0.007243940998404128
0566 (9).jpg,0,0.008067675059147034
0566.jpg,0,0.008470146140423242
0567 (10).jpg,0,0.014460587608063014
0567 (2).jpg,0,0.0087275497782689
0567 (3).jpg,0,0.016157304586107896
0567 (4).jpg,1,0.9562334140178689
0567 (5).jpg,0,0.006174668182816919
0567 (6).jpg,0,0.006502604131738736
0567 (7).jpg,0,0.006676684937589563
0567 (8).jpg,0,0.006548188796378849
0567 (9).jpg,0,0.008732345808532382
0567.jpg,0,0.3956450188756175
0568 (10).jpg,0,0.006389028235933393
0568 (2).jpg,0,0.006804392669270752
0568 (3).jpg,0,0.006578904828452935
0568 (4).jpg,0,0.007075412078933568
0568 (5).jpg,0,0.010683688019253694
0568 (6).jpg,0,0.006445753063968018
0568 (7).jpg,0,0.0061999044985689465
0568 (8).jpg,0,0.008878669327152464
0568 (9).jpg,1,0.5031303094596643
0568.jpg,0,0.008628266134002097
0569 (10).jpg,0,0.007251033499333106
0569 (2).jpg,1,0.882187461339415
0569 (3).jpg,0,0.006966079708639952
0569 (4).jpg,0,0.006244276180001066
0569 (5).jpg,0,0.006251751931052398
0569 (6).jpg,0,0.006173281939658375
0569 (7).jpg,0,0.006418593248955507
0569 (8).jpg,0,0.0074685551878333825
0569 (9).jpg,0,0.07259022962219717
0569.jpg,0,0.007326461755958912
0570 (10).jpg,0,0.007216853776885759
0570 (2).jpg,0,0.007628160225125537
0570 (3).jpg,0,0.009391389892784425
0570 (4).jpg,0,0.006528776064359482
0570 (5).jpg,0,0.006477001466111702
0570 (6).jpg,0,0.006420465464927746
0570 (7).jpg,0,0.007576738213800892
0570 (8).jpg,0,0.007901819228011116
0570 (9).jpg,0,0.04052235517394833
0570.jpg,0,0.009372548597831078
0571 (10).jpg,0,0.006629274357521388
0571 (2).jpg,0,0.006853916127389684
0571 (3).jpg,0,0.008818481080655936
0571 (4).jpg,0,0.006457242848092963
0571 (5).jpg,0,0.007971143469812503
0571 (6).jpg,0,0.010769718088983589
0571 (7).jpg,0,0.006335427459315809
0571 (8).jpg,0,0.026623684404049656
0571 (9).jpg,0,0.007032559435534443
0571.jpg,0,0.009227805206226838
0572 (10).jpg,0,0.022481232614762307
0572 (2).jpg,0,0.009080694978394538
0572 (3).jpg,0,0.007004054278924464
0572 (4).jpg,0,0.0067969501738715625
0572 (5).jpg,0,0.006874827995119422
0572 (6).jpg,0,0.006158593349013222
0572 (7).jpg,0,0.007214378898927449
0572 (8).jpg,0,0.006167580957147233
0572 (9).jpg,0,0.007829532951146278
0572.jpg,0,0.0068677184579473294
0573 (10).jpg,0,0.007046503881817793
0573 (2).jpg,0,0.009070681314097799
0573 (3).jpg,0,0.006451806649928136
0573 (4).jpg,0,0.006565412115186962
0573 (5).jpg,0,0.0082713423873789
0573 (6).jpg,0,0.006229894245179764
0573 (7).jpg,0,0.011933295866467377
0573 (8).jpg,0,0.00719948582179841
0573 (9).jpg,0,0.007959968482533315
0573.jpg,0,0.007666620728351979
0574 (10).jpg,0,0.006197533378158518
0574 (2).jpg,0,0.006586327168525027
0574 (3).jpg,0,0.3882536390643678
0574 (4).jpg,0,0.011239469351712687
0574 (5).jpg,0,0.007512735134739884
0574 (6).jpg,0,0.006279635171417492
0574 (7).jpg,0,0.009308364535732387
0574 (8).jpg,0,0.007066644018821765
0574 (9).jpg,0,0.006643336777372879
0574.jpg,0,0.006530078821683526
0575 (10).jpg,0,0.007483679556667227
0575 (2).jpg,0,0.0073965554167860085
0575 (3).jpg,0,0.00632297179989505
0575 (4).jpg,0,0.00853646910565338
0575 (5).jpg,0,0.027947734185616337
0575 (6).jpg,0,0.006387820227392457
0575 (7).jpg,0,0.006138266246822563
0575 (8).jpg,0,0.009031714190095838
0575 (9).jpg,0,0.007294035021354133
0575.jpg,0,0.017387388726266745
0576 (10).jpg,0,0.007569857983694837
0576 (2).jpg,0,0.010194145019397166
0576 (3).jpg,0,0.0070180295450483895
0576 (4).jpg,0,0.007186352984506506
0576 (5).jpg,0,0.00697692871594011
0576 (6).jpg,0,0.0071987034311471534
0576 (7).jpg,0,0.006809804233237611
0576 (8).jpg,0,0.008067397423421838
0576 (9).jpg,0,0.00745267651657433
0576.jpg,0,0.006298593286290327
0577 (10).jpg,0,0.006385949456120141
0577 (2).jpg,0,0.007674399635384154
0577 (3).jpg,0,0.008068978352824597
0577 (4).jpg,0,0.41214469026179235
0577 (5).jpg,0,0.00870248732900156
0577 (6).jpg,0,0.0067438701514173725
0577 (7).jpg,0,0.009658047075832597
0577 (8).jpg,0,0.009405397119174297
0577 (9).jpg,0,0.007421867984565944
0577.jpg,0,0.016088008737465256
0578 (10).jpg,0,0.006649602925220847
0578 (2).jpg,0,0.008738531073461207
0578 (3).jpg,0,0.007307157262472463
0578 (4).jpg,0,0.00631031763660634
0578 (5).jpg,0,0.006289155563659435
0578 (6).jpg,0,0.006360422161482089
0578 (7).jpg,0,0.006519339185974033
0578 (8).jpg,0,0.006953490698409143
0578 (9).jpg,0,0.0323271959270108
0578.jpg,1,0.9080269463345301
0579 (10).jpg,0,0.0063942123839653975
0579 (2).jpg,0,0.006696617178723545
0579 (3).jpg,0,0.011592641528681539
0579 (4).jpg,0,0.006975317856004648
0579 (5).jpg,0,0.006599676829320669
0579 (6).jpg,0,0.007580233929415652
0579 (7).jpg,0,0.0071509176637383175
0579 (8).jpg,0,0.011075725390215146
0579 (9).jpg,0,0.009776294135421686
0579.jpg,0,0.4297803230185371
0580 (10).jpg,0,0.00983868468855299
0580 (2).jpg,0,0.007552073301510469
0580 (3).jpg,0,0.008045758615270727
0580 (4).jpg,0,0.006625306526057738
0580 (5).jpg,0,0.007172876746873023
0580 (6).jpg,0,0.006320385102879805
0580 (7).jpg,0,0.007318770469444443
0580 (8).jpg,0,0.01370681856263357
0580 (9).jpg,0,0.0072185200943524356
0580.jpg,0,0.006449127607330412
0581 (10).jpg,0,0.006196700151780584
0581 (2).jpg,1,0.9173968007068127
0581 (3).jpg,0,0.006952961360991506
0581 (4).jpg,0,0.00702306470675142
0581 (5).jpg,0,0.010628730896100672
0581 (6).jpg,0,0.00652533766353518
0581 (7).jpg,0,0.00678365403874634
0581 (8).jpg,0,0.00655102741564681
0581 (9).jpg,0,0.0071116376667261115
0581.jpg,0,0.009852855192944147
0582 (10).jpg,0,0.006288054288422443
0582 (2).jpg,0,0.006637291092554358
0582 (3).jpg,0,0.006907949541187765
0582 (4).jpg,0,0.2533113525096245
0582 (5).jpg,0,0.012488730745405085
0582 (6).jpg,0,0.006166161544743943
0582 (7).jpg,0,0.006366427469283706
0582 (8).jpg,0,0.04381365547496041
0582 (9).jpg,0,0.009568856745443376
0582.jpg,0,0.00704372834777906
0583 (10).jpg,0,0.007772776162915887
0583 (2).jpg,0,0.00707385264965014
0583 (3).jpg,0,0.027379919585330925
0583 (4).jpg,0,0.013532983772331785
0583 (5).jpg,0,0.007929910141441465
0583 (6).jpg,0,0.006812710713901133
0583 (7).jpg,0,0.006496700958338598
0583 (8).jpg,0,0.006345144243859245
0583 (9).jpg,0,0.012418666395362927
0583.jpg,0,0.2078871961778179
0584 (10).jpg,0,0.008430177543768352
0584 (2).jpg,0,0.012811357903276525
0584 (3).jpg,0,0.0072404937390119495
0584 (4).jpg,0,0.0064595577712770105
0584 (5).jpg,0,0.012696101151335988
0584 (6).jpg,0,0.006222010481719409
0584 (7).jpg,0,0.00833641311324449
0584 (8).jpg,0,0.006273928212504271
0584 (9).jpg,0,0.00797601917634547
0584.jpg,0,0.0075010493246665515
0585 (10).jpg,0,0.008314906280480188
0585 (2).jpg,0,0.008813260484082775
0585 (3).jpg,0,0.00718067486580675
0585 (4).jpg,0,0.006881279696238192
0585 (5).jpg,0,0.007060271385485783
0585 (6).jpg,0,0.0068220927580979855
0585 (7).jpg,0,0.009389615168829716
0585 (8).jpg,0,0.0063660078100040264
0585 (9).jpg,0,0.01210304386781762
0585.jpg,0,0.03790801770666198
0586 (10).jpg,0,0.010135791409909018
0586 (2).jpg,0,0.010830918439156768
0586 (3).jpg,0,0.006445763670815723
0586 (4).jpg,0,0.0064689109146092655
0586 (5).jpg,0,0.007892388203795748
0586 (6).jpg,0,0.0074921288090577035
0586 (7).jpg,0,0.007976490886239815
0586 (8).jpg,0,0.0067104949134815005
0586 (9).jpg,0,0.00826096477655201
0586.jpg,0,0.0067092781481064645
0587 (10).jpg,0,0.013788958894643355
0587 (2).jpg,0,0.008607848205432768
0587 (3).jpg,0,0.01951144328427666
0587 (4).jpg,0,0.006236914448648192
0587 (5).jpg,0,0.0067062229226673405
0587 (6).jpg,0,0.007063885852804959
0587 (7).jpg,0,0.00961703906820232
0587 (8).jpg,0,0.006487076371109742
0587 (9).jpg,0,0.008118910265048586
0587.jpg,0,0.00930587686002014
0588 (10).jpg,0,0.007338923528604775
0588 (2).jpg,0,0.007096730144148956
0588 (3).jpg,0,0.006704483616224733
0588 (4).jpg,0,0.006154475090221215
0588 (5).jpg,0,0.0066233095868164435
0588 (6).jpg,0,0.006883712082301508
0588 (7).jpg,0,0.009503589521299536
0588 (8).jpg,0,0.00971633843825404
0588 (9).jpg,0,0.0072022097636906665
0588.jpg,0,0.006385206804035196
0589 (10).jpg,0,0.006229163257048156
0589 (2).jpg,0,0.015281198512170732
0589 (3).jpg,0,0.007160117484328294
0589 (4).jpg,0,0.00659632958935793
0589 (5).jpg,0,0.007632501011496363
0589 (6).jpg,0,0.006211959053514312
0589 (7).jpg,0,0.006365301241622499
0589 (8).jpg,0,0.0067007861774845984
0589 (9).jpg,0,0.00749045951685524
0589.jpg,0,0.006220861149011837
0590 (10).jpg,0,0.007239681630925928
0590 (2).jpg,0,0.007563748901649692
0590 (3).jpg,0,0.006236703531107776
0590 (4).jpg,0,0.006423622806772092
0590 (5).jpg,0,0.00679093049957157
0590 (6).jpg,0,0.007317655568306949
0590 (7).jpg,0,0.007503898375706581
0590 (8).jpg,0,0.010739043813944514
0590 (9).jpg,0,0.009640848889924284
0590.jpg,1,0.9690714383772954
0591 (10).jpg,0,0.00834765908248034
0591 (2).jpg,0,0.006355628492246417
0591 (3).jpg,0,0.007195290649091489
0591 (4).jpg,0,0.008224506525708374
0591 (5).jpg,0,0.006840368926287841
0591 (6).jpg,0,0.006886781233862321
0591 (7).jpg,0,0.00737916776739891
0591 (8).jpg,0,0.008026562114595886
0591 (9).jpg,0,0.007850413712974994
0591.jpg,0,0.006275181354321204
0592 (10).jpg,0,0.3321517237714226
0592 (2).jpg,0,0.006489467678253536
0592 (3).jpg,0,0.008182841196708045
0592 (4).jpg,0,0.006591931797884834
0592 (5).jpg,0,0.00904640654876776
0592 (6).jpg,0,0.0063397461576897175
0592 (7).jpg,0,0.006307167392051466
0592 (8).jpg,0,0.0064882291737447155
0592 (9).jpg,0,0.024418430337327653
0592.jpg,0,0.07305670267381853
0593 (10).jpg,0,0.006223230322897811
0593 (2).jpg,0,0.2546552061390344
0593 (3).jpg,0,0.006438001378535937
0593 (4).jpg,0,0.0076091370976922885
0593 (5).jpg,0,0.009424357312302133
0593 (6).jpg,0,0.009510354734897612
0593 (7).jpg,0,0.0073272208955602195
0593 (8).jpg,0,0.00627825061084417
0593 (9).jpg,0,0.009938091047005975
0593.jpg,0,0.007044920109589622
0594 (10).jpg,0,0.007646074824103798
0594 (2).jpg,0,0.007399748663203142
0594 (3).jpg,0,0.0068931237059637746
0594 (4).jpg,0,0.006416490795061211
0594 (5).jpg,0,0.017617850870683335
0594 (6).jpg,0,0.00626443768493846
0594 (7).jpg,0,0.006421871324935343
0594 (8).jpg,0,0.007727745951228226
0594 (9).jpg,1,0.896807813497078
0594.jpg,0,0.039388608942307585
0595 (10).jpg,0,0.00646892870146891
0595 (2).jpg,0,0.009595931396857988
0595 (3).jpg,0,0.007545308321954038
0595 (4).jpg,0,0.00839598903432715
0595 (5).jpg,0,0.007160306193135178
0595 (6).jpg,0,0.010003007889283877
0595 (7).jpg,0,0.006877741753123248
0595 (8).jpg,0,0.006979279720307838
0595 (9).jpg,0,0.2451804645433496
0595.jpg,0,0.007799959659779224
0596 (10).jpg,0,0.0067635701555488585
0596 (2).jpg,0,0.007434304115655363
0596 (3).jpg,0,0.006576020886130097
0596 (4).jpg,0,0.01723816973747641
0596 (5).jpg,0,0.009129250121617508
0596 (6).jpg,0,0.006993495204420396
0596 (7).jpg,0,0.006361870965959342
0596 (8).jpg,0,0.00631435358108408
0596 (9).jpg,0,0.008147783903466614
0596.jpg,0,0.009620863493051168
0597 (10).jpg,0,0.007754204046426115
0597 (2).jpg,0,0.01184424747004485
0597 (3).jpg,0,0.007122275438732503
0597 (4).jpg,0,0.006548541452805037
0597 (5).jpg,0,0.009112497983217404
0597 (6).jpg,0,0.006757984034996996
0597 (7).jpg,0,0.006345456728955197
0597 (8).jpg,0,0.0077989553604664915
0597 (9).jpg,0,0.0069212624096858435
0597.jpg,0,0.006683200519597143
0598 (10).jpg,0,0.0067438723759130435
0598 (2).jpg,0,0.006920965907465506
0598 (3).jpg,0,0.006400291561662943
0598 (4).jpg,0,0.006239175236608527
0598 (5).jpg,0,0.006394556914439687
0598 (6).jpg,0,0.006837829873883068
0598 (7).jpg,0,0.011848276714504958
0598 (8).jpg,0,0.008394382744612919
0598 (9).jpg,1,0.7872065084978334
0598.jpg,0,0.009526788214049944
0599 (10).jpg,0,0.006467735439397704
0599 (2).jpg,0,0.0065713333382004645
0599 (3).jpg,1,0.5994603488680029
0599 (4).jpg,0,0.01070761224923155
0599 (5).jpg,0,0.007767015813949684
0599 (6).jpg,0,0.008071319981538457
0599 (7).jpg,0,0.006347945600392469
0599 (8).jpg,0,0.007853717752454931
0599 (9).jpg,0,0.006447522410855836
0599.jpg,0,0.007337824725216767
0600 (10).jpg,0,0.006274441320823586
0600 (2).jpg,0,0.006559281701265123
0600 (3).jpg,0,0.007139900182472698
0600 (4).jpg,0,0.006667608539507661
0600 (5).jpg,0,0.00672975585073966
0600 (6).jpg,0,0.006558531496254294
0600 (7).jpg,0,0.01015029652986933
0600 (8).jpg,0,0.007641834164441587
0600 (9).jpg,0,0.013053513806373773
0600.jpg,0,0.012072570153326015
0601 (10).jpg,0,0.007177111621178029
0601 (2).jpg,0,0.007452205289572354
0601 (3).jpg,0,0.010948250947531095
0601 (4).jpg,0,0.007484473370066998
0601 (5).jpg,0,0.0061990193380789755
0601 (6).jpg,0,0.014597584955226003
0601 (7).jpg,0,0.006424776266060628
0601 (8).jpg,0,0.06287055712736657
0601 (9).jpg,0,0.007539643143914334
0601.jpg,0,0.01780487510558505
0602 (10).jpg,0,0.006201833614398878
0602 (2).jpg,0,0.29273778971591313
0602 (3).jpg,0,0.006639984848684176
0602 (4).jpg,0,0.006520048567137393
0602 (5).jpg,0,0.007151492311902182
0602 (6).jpg,0,0.00664514428642858
0602 (7).jpg,0,0.007706745941483069
0602 (8).jpg,0,0.007005491525296132
0602 (9).jpg,0,0.008050531556143391
0602.jpg,0,0.008872587449818822
0603 (10).jpg,0,0.00633103755891309
0603 (2).jpg,0,0.006457524917551153
0603 (3).jpg,0,0.008474546272033322
0603 (4).jpg,0,0.010219027393043255
0603 (5).jpg,0,0.007988987002303483
0603 (6).jpg,0,0.006720928209665353
0603 (7).jpg,0,0.007212990273111485
0603 (8).jpg,0,0.014352223288021793
0603 (9).jpg,0,0.07527827596976595
0603.jpg,0,0.014273785645326293
0604 (10).jpg,0,0.007347950463226785
0604 (2).jpg,0,0.0075527988687429685
0604 (3).jpg,0,0.008687282665895026
0604 (4).jpg,0,0.09980015575355952
0604 (5).jpg,0,0.0064590398535894315
0604 (6).jpg,0,0.007373587250157067
0604 (7).jpg,0,0.006378705790712963
0604 (8).jpg,0,0.009616671062378741
0604 (9).jpg,0,0.006411680705404168
0604.jpg,0,0.0077639382733999795
0605 (10).jpg,0,0.03645412992914115
0605 (2).jpg,0,0.006466940383369988
0605 (3).jpg,0,0.00680621946237959
0605 (4).jpg,0,0.006646548931506845
0605 (5).jpg,0,0.007217683396611089
0605 (6).jpg,0,0.006894135380010209
0605 (7).jpg,0,0.006802357997400616
0605 (8).jpg,0,0.007724165260112758
0605 (9).jpg,0,0.007809068056360606
0605.jpg,0,0.010792067583224717
0606 (10).jpg,0,0.008697103239208465
0606 (2).jpg,0,0.07087023619648171
0606 (3).jpg,0,0.006324641540225621
0606 (4).jpg,0,0.007675246307317308
0606 (5).jpg,0,0.007074066948947579
0606 (6).jpg,0,0.006463467211028461
0606 (7).jpg,0,0.006289550420258764
0606 (8).jpg,0,0.007462017877942743
0606 (9).jpg,0,0.007447536778865997
0606.jpg,0,0.0069222847619037926
0607 (10).jpg,0,0.18120027942035624
0607 (2).jpg,0,0.006693977169122762
0607 (3).jpg,0,0.006814068322023658
0607 (4).jpg,0,0.006950872415009807
0607 (5).jpg,0,0.006423626052342741
0607 (6).jpg,0,0.05733320464914615
0607 (7).jpg,0,0.007758265918887695
0607 (8).jpg,0,0.006494993395933801
0607 (9).jpg,0,0.007129356799843612
0607.jpg,0,0.009023394731607287
0608 (10).jpg,0,0.008148918579969664
0608 (2).jpg,0,0.007264954816968492
0608 (3).jpg,0,0.009702716413610344
0608 (4).jpg,0,0.007754442032864733
0608 (5).jpg,0,0.0065076671018235045
0608 (6).jpg,0,0.006977625299779157
0608 (7).jpg,0,0.008717305508963677
0608 (8).jpg,0,0.2271336222668382
0608 (9).jpg,0,0.011596747554209535
0608.jpg,0,0.0063028291033750215
0609 (10).jpg,0,0.00621769221749794
0609 (2).jpg,0,0.028401715185460023
0609 (3).jpg,0,0.006678587272716044
0609 (4).jpg,0,0.006324131165891435
0609 (5).jpg,0,0.06149168538065156
0609 (6).jpg,0,0.011145592128615617
0609 (7).jpg,0,0.0064474379053912016
0609 (8).jpg,0,0.00676328073391351
0609 (9).jpg,0,0.0068967489877138745
0609.jpg,0,0.006408954316614705
0610 (10).jpg,0,0.009948819934614425
0610 (2).jpg,0,0.006450561639719208
0610 (3).jpg,0,0.009165003334015398
0610 (4).jpg,0,0.00712796057231241
0610 (5).jpg,0,0.008101305630002305
0610 (6).jpg,0,0.00623750929073512
0610 (7).jpg,0,0.008855085367745066
0610 (8).jpg,0,0.006252133110159317
0610 (9).jpg,0,0.07704830524700357
0610.jpg,0,0.006353984780554284
0611 (10).jpg,0,0.006319960094145005
0611 (2).jpg,0,0.014747389188149463
0611 (3).jpg,0,0.007260693825893236
0611 (4).jpg,0,0.0064514183866749494
0611 (5).jpg,0,0.007767857046186709
0611 (6).jpg,0,0.006816777372494661
0611 (7).jpg,0,0.006289502300036861
0611 (8).jpg,0,0.007306918392848996
0611 (9).jpg,0,0.007773921004126045
0611.jpg,0,0.0063128293291154535
0612 (10).jpg,0,0.006496363693447399
0612 (2).jpg,0,0.013102256455763335
0612 (3).jpg,0,0.006222368903978781
0612 (4).jpg,0,0.007451584617482985
0612 (5).jpg,0,0.006492088334046498
0612 (6).jpg,0,0.006410447690267027
0612 (7).jpg,0,0.0061644997806786
0612 (8).jpg,0,0.006234533040648524
0612 (9).jpg,0,0.00749909543575916
0612.jpg,0,0.006291125460530402
0613 (10).jpg,0,0.007828925509990441
0613 (2).jpg,0,0.008094906800644933
0613 (3).jpg,0,0.006810565957668426
0613 (4).jpg,0,0.006309197421695041
0613 (5).jpg,0,0.006556160281026385
0613 (6).jpg,0,0.006332021060955922
0613 (7).jpg,0,0.006289720176834253
0613 (8).jpg,0,0.008183997008188828
0613 (9).jpg,0,0.0063237271576700015
0613.jpg,1,0.8421983788149779
0614 (10).jpg,0,0.006829289754303446
0614 (2).jpg,0,0.006502802456851441
0614 (3).jpg,0,0.006976606313176839
0614 (4).jpg,0,0.006720446020243715
0614 (5).jpg,0,0.008590254753439563
0614 (6).jpg,0,0.006399789997987444
0614 (7).jpg,0,0.0064136912095748184
0614 (8).jpg,0,0.012381414259439968
0614 (9).jpg,0,0.024553555322922114
0614.jpg,0,0.01402808572642177
0615 (10).jpg,0,0.006333654565072056
0615 (2).jpg,1,0.9269349096716358
0615 (3).jpg,0,0.006369396851032061
0615 (4).jpg,0,0.006326607246254009
0615 (5).jpg,0,0.006736523109958221
0615 (6).jpg,0,0.006293235791297546
0615 (7).jpg,0,0.0068132505344108115
0615 (8).jpg,0,0.006203170831201415
0615 (9).jpg,0,0.11889637627079383
0615.jpg,0,0.006427995951479513
0616 (10).jpg,0,0.008550373668381586
0616 (2).jpg,0,0.006496156481474176
0616 (3).jpg,0,0.008592723132523586
0616 (4).jpg,0,0.007786387232494115
0616 (5).jpg,0,0.006399351208348593
0616 (6).jpg,0,0.006208124290266848
0616 (7).jpg,0,0.006656605732863939
0616 (8).jpg,0,0.0076041343142647915
0616 (9).jpg,0,0.03066262835479325
0616.jpg,0,0.04157116215914799
0617 (10).jpg,0,0.007120238432867278
0617 (2).jpg,0,0.00694248676281966
0617 (3).jpg,0,0.00618183170831594
0617 (4).jpg,0,0.007140859575237553
0617 (5).jpg,0,0.006679165293948563
0617 (6).jpg,0,0.006273824511016537
0617 (7).jpg,0,0.007558354037999939
0617 (8).jpg,0,0.008389117593222552
0617 (9).jpg,0,0.007543009386059157
0617.jpg,0,0.006378164517561514
0618 (10).jpg,0,0.007742821758504172
0618 (2).jpg,0,0.008529842778064746
0618 (3).jpg,1,0.7407688033547689
0618 (4).jpg,0,0.006943926642453355
0618 (5).jpg,0,0.013940184914661093
0618 (6).jpg,0,0.00863055605406555
0618 (7).jpg,0,0.006798911410920803
0618 (8).jpg,0,0.020580439840891043
0618 (9).jpg,0,0.006316614855734859
0618.jpg,0,0.006281101290161379
0619 (10).jpg,0,0.006220191301113428
0619 (2).jpg,0,0.008143599701857721
0619 (3).jpg,0,0.010899581374837332
0619 (4).jpg,0,0.0062239071521016055
0619 (5).jpg,0,0.0065438812100008245
0619 (6).jpg,0,0.006137796968782806
0619 (7).jpg,0,0.007398518988725544
0619 (8).jpg,0,0.006171667587693138
0619 (9).jpg,0,0.008642327234190996
0619.jpg,0,0.03280109580124416
0620 (10).jpg,0,0.006979200689002979
0620 (2).jpg,0,0.006661832835115474
0620 (3).jpg,0,0.0067573269323315845
0620 (4).jpg,0,0.006337830425370416
0620 (5).jpg,0,0.006580317762015984
0620 (6).jpg,0,0.006308231709185682
0620 (7).jpg,0,0.006290559551546938
0620 (8).jpg,0,0.008153700177875462
0620 (9).jpg,0,0.0070346123938073045
0620.jpg,0,0.007369765085150683
0621 (10).jpg,0,0.006546526540558408
0621 (2).jpg,0,0.009558090777945418
0621 (3).jpg,0,0.006733449649566725
0621 (4).jpg,0,0.006275319203105555
0621 (5).jpg,0,0.006567774693539518
0621 (6).jpg,0,0.0065099262960701286
0621 (7).jpg,0,0.007548378207319128
0621 (8).jpg,0,0.006186184922668715
0621 (9).jpg,0,0.02253363798211963
0621.jpg,0,0.006272953497705543
0622 (10).jpg,0,0.007437921275158503
0622 (2).jpg,0,0.006649931934198876
0622 (3).jpg,0,0.01061807042458781
0622 (4).jpg,0,0.006184180898831859
0622 (5).jpg,0,0.008649072369600448
0622 (6).jpg,0,0.008032658348227797
0622 (7).jpg,0,0.007524459638008585
0622 (8).jpg,0,0.006666481791185015
0622 (9).jpg,0,0.010259354724687541
0622.jpg,0,0.0076409027955585684
0623 (10).jpg,0,0.008172006077666725
0623 (2).jpg,0,0.007473128893275835
0623 (3).jpg,1,0.6832737954476993
0623 (4).jpg,0,0.006169695368988874
0623 (5).jpg,0,0.006513726132774751
0623 (6).jpg,0,0.006682187839297527
0623 (7).jpg,0,0.007454717008932001
0623 (8).jpg,0,0.006211263832708804
0623 (9).jpg,0,0.006728499390557292
0623.jpg,0,0.006777860945451801
0624 (10).jpg,0,0.016536805300596067
0624 (2).jpg,0,0.007166737146947666
0624 (3).jpg,0,0.007572672287016758
0624 (4).jpg,0,0.006624155420051143
0624 (5).jpg,0,0.014865076968988538
0624 (6).jpg,0,0.006280647227691096
0624 (7).jpg,0,0.0062270696255021735
0624 (8).jpg,0,0.008792786090647209
0624 (9).jpg,0,0.0087484535999424
0624.jpg,0,0.008203215612158246
0625 (10).jpg,0,0.012761323689415432
0625 (2).jpg,0,0.008848920804332229
0625 (3).jpg,0,0.032119331580847975
0625 (4).jpg,0,0.21788928706418864
0625 (5).jpg,0,0.006653942108445433
0625 (6).jpg,0,0.006918800327996921
0625 (7).jpg,0,0.006260327965521887
0625 (8).jpg,0,0.006214363727229886
0625 (9).jpg,0,0.23966458304477078
0625.jpg,0,0.011247696616830645
0626 (10).jpg,0,0.006764780446270741
0626 (2).jpg,0,0.0072112846891295105
0626 (3).jpg,0,0.00740934704295563
0626 (4).jpg,0,0.0062554674258299805
0626 (5).jpg,0,0.0064390654350762605
0626 (6).jpg,0,0.007253433263731202
0626 (7).jpg,0,0.01060428489906646
0626 (8).jpg,0,0.008479354143394919
0626 (9).jpg,0,0.08338351066129374
0626.jpg,0,0.009903843361167666
0627 (10).jpg,0,0.006863676819936031
0627 (2).jpg,0,0.00747409908576438
0627 (3).jpg,0,0.0909525138396786
0627 (4).jpg,0,0.00625968096106081
0627 (5).jpg,0,0.006753520542046385
0627 (6).jpg,0,0.00665981847447303
0627 (7).jpg,0,0.006454747545599736
0627 (8).jpg,0,0.007087114502693045
0627 (9).jpg,0,0.015902336020529935
0627.jpg,0,0.006730536362903463
0628 (10).jpg,0,0.00684974107018026
0628 (2).jpg,0,0.006329802770166893
0628 (3).jpg,0,0.01091579057530652
0628 (4).jpg,0,0.0064873713866484516
0628 (5).jpg,0,0.012851060403039946
0628 (6).jpg,0,0.010588211156864745
0628 (7).jpg,0,0.006723718292417774
0628 (8).jpg,0,0.006202390893586615
0628 (9).jpg,0,0.04231356007983779
0628.jpg,0,0.29974762357497303
0629 (10).jpg,0,0.012905545764581684
0629 (2).jpg,0,0.006949773224572606
0629 (3).jpg,0,0.0070837668411950295
0629 (4).jpg,0,0.012935065208259131
0629 (5).jpg,0,0.01788198910111054
0629 (6).jpg,0,0.00623135041827682
0629 (7).jpg,0,0.014183095933475543
0629 (8).jpg,0,0.007070298772001816
0629 (9).jpg,0,0.006306878045546537
0629.jpg,0,0.007472438199888545
0630 (10).jpg,0,0.006754290126455552
0630 (2).jpg,0,0.007053026296163621
0630 (3).jpg,0,0.006549545781358513
0630 (4).jpg,0,0.006342423618453538
0630 (5).jpg,0,0.006603851124142404
0630 (6).jpg,0,0.006395545825516252
0630 (7).jpg,0,0.008829026641677626
0630 (8).jpg,0,0.006926814972827233
0630 (9).jpg,0,0.00708038433130072
0630.jpg,0,0.006816233385680329
0631 (10).jpg,0,0.007103914760295656
0631 (2).jpg,0,0.006401844909341022
0631 (3).jpg,0,0.006305207919214897
0631 (4).jpg,0,0.006283064362175994
0631 (5).jpg,0,0.017208194044577324
0631 (6).jpg,0,0.006490104571953141
0631 (7).jpg,0,0.006361761473491946
0631 (8).jpg,0,0.007329341000158454
0631 (9).jpg,0,0.006400103428769115
0631.jpg,0,0.013048816752551463
0632 (10).jpg,0,0.007563936315961425
0632 (2).jpg,0,0.03389298584059813
0632 (3).jpg,0,0.011385046509213775
0632 (4).jpg,0,0.006741447314502116
0632 (5).jpg,0,0.007387637417354051
0632 (6).jpg,0,0.0061983824807980755
0632 (7).jpg,0,0.006418355529015693
0632 (8).jpg,0,0.020032911406277772
0632 (9).jpg,0,0.0068084176749576356
0632.jpg,0,0.006863314137568473
0633 (10).jpg,0,0.006932514256964566
0633 (2).jpg,0,0.007026907705213942
0633 (3).jpg,0,0.007709546354015072
0633 (4).jpg,0,0.006183156563942187
0633 (5).jpg,0,0.006456027473127685
0633 (6).jpg,0,0.006276314743654617
0633 (7).jpg,0,0.00695374385170436
0633 (8).jpg,0,0.007533410564245122
0633 (9).jpg,0,0.007171509602077995
0633.jpg,0,0.006945695248202706
0634 (10).jpg,0,0.008817369925496572
0634 (2).jpg,0,0.006500088430641505
0634 (3).jpg,0,0.007245877326798066
0634 (4).jpg,0,0.008133555638710687
0634 (5).jpg,0,0.0087979790781392
0634 (6).jpg,0,0.006263859576723823
0634 (7).jpg,0,0.00887647486099471
0634 (8).jpg,0,0.0077961726368448725
0634 (9).jpg,0,0.02921084979580249
0634.jpg,0,0.12493059986564571
0635 (10).jpg,0,0.007670640659179258
0635 (2).jpg,0,0.0071929298201707905
0635 (3).jpg,0,0.00658290392126627
0635 (4).jpg,0,0.006778397608742746
0635 (5).jpg,0,0.0073432762640742175
0635 (6).jpg,0,0.014291974244600922
0635 (7).jpg,0,0.008203290741377663
0635 (8).jpg,0,0.012179177772221795
0635 (9).jpg,0,0.00985859556146683
0635.jpg,0,0.006567599960568976
0636 (10).jpg,0,0.007869361639698603
0636 (2).jpg,0,0.010516748591984378
0636 (3).jpg,0,0.010575866809020718
0636 (4).jpg,0,0.006318152401603278
0636 (5).jpg,0,0.007689479432729234
0636 (6).jpg,0,0.006156221764871533
0636 (7).jpg,0,0.007003869065552922
0636 (8).jpg,0,0.00789995818212428
0636 (9).jpg,0,0.022427935013840616
0636.jpg,1,0.9496416868595168
0637 (10).jpg,0,0.007444466984926687
0637 (2).jpg,0,0.006779269369516304
0637 (3).jpg,0,0.013671581852270479
0637 (4).jpg,0,0.006439095523111992
0637 (5).jpg,0,0.010692321594766819
0637 (6).jpg,0,0.006156146006045493
0637 (7).jpg,0,0.00786985880549763
0637 (8).jpg,0,0.008844000339160598
0637 (9).jpg,0,0.006675567615082228
0637.jpg,0,0.1044234188576599
0638 (10).jpg,0,0.00661618472742181
0638 (2).jpg,0,0.006567983439662505
0638 (3).jpg,0,0.006617942877792969
0638 (4).jpg,0,0.006771532945977525
0638 (5).jpg,0,0.007776040172281487
0638 (6).jpg,0,0.010289318764940386
0638 (7).jpg,0,0.007837017252843843
0638 (8).jpg,0,0.006248507385081562
0638 (9).jpg,0,0.0075316102930783994
0638.jpg,0,0.009749794612357391
0639 (10).jpg,0,0.007166004437232297
0639 (2).jpg,0,0.006272207110790279
0639 (3).jpg,0,0.006293322938767027
0639 (4).jpg,0,0.031142101735539215
0639 (5).jpg,0,0.006637117176060079
0639 (6).jpg,0,0.015577159782555656
0639 (7).jpg,0,0.007056145323810174
0639 (8).jpg,0,0.006802259812602332
0639 (9).jpg,0,0.008920856110080502
0639.jpg,0,0.00947550116190742
0640 (10).jpg,0,0.006830994183638416
0640 (2).jpg,0,0.008830075283532454
0640 (3).jpg,0,0.01068165515278095
0640 (4).jpg,0,0.006228527680508066
0640 (5).jpg,0,0.007915537898234687
0640 (6).jpg,0,0.007662127558541686
0640 (7).jpg,0,0.008717616089217074
0640 (8).jpg,0,0.0064978473175888625
0640 (9).jpg,0,0.009972532928141101
0640.jpg,1,0.5510680409171085
0641 (10).jpg,0,0.006325151552578864
0641 (2).jpg,0,0.006620176782643011
0641 (3).jpg,0,0.006826072268147932
0641 (4).jpg,0,0.014244895990673682
0641 (5).jpg,0,0.008091132492362287
0641 (6).jpg,0,0.007059379792593645
0641 (7).jpg,0,0.009162763130679187
0641 (8).jpg,0,0.006490809502808308
0641 (9).jpg,0,0.0067809971776026925
0641.jpg,0,0.00776414621521046
0642 (10).jpg,0,0.006660801513384993
0642 (2).jpg,0,0.007145157618619283
0642 (3).jpg,0,0.006799346044621965
0642 (4).jpg,0,0.43045632085896407
0642 (5).jpg,0,0.0088411194028285
0642 (6).jpg,0,0.006263548237909021
0642 (7).jpg,0,0.0064632993144188924
0642 (8).jpg,0,0.26881050296713505
0642 (9).jpg,0,0.006641090048337
0642.jpg,0,0.0064685765932317755
0643 (10).jpg,0,0.008172679442005514
0643 (2).jpg,0,0.007540238401834273
0643 (3).jpg,0,0.013108704426273512
0643 (4).jpg,0,0.006435999542630051
0643 (5).jpg,0,0.007474026832338047
0643 (6).jpg,0,0.006543013543678473
0643 (7).jpg,0,0.0063952655592571985
0643 (8).jpg,0,0.007433917905846991
0643 (9).jpg,0,0.006221820984795905
0643.jpg,0,0.008302044408747303
0644 (10).jpg,0,0.007430827932042472
0644 (2).jpg,0,0.010073213177788727
0644 (3).jpg,0,0.006534764276422593
0644 (4).jpg,0,0.008574382525278312
0644 (5).jpg,0,0.008734945861386217
0644 (6).jpg,0,0.006515599523729111
0644 (7).jpg,0,0.0061965527903651545
0644 (8).jpg,0,0.014714309461808937
0644 (9).jpg,0,0.007831353380063534
0644.jpg,0,0.008431274453879685
0645 (10).jpg,0,0.007046712666421065
0645 (2).jpg,0,0.07534398751469897
0645 (3).jpg,0,0.006544574596408184
0645 (4).jpg,0,0.007554887519842672
0645 (5).jpg,0,0.007250698749470672
0645 (6).jpg,0,0.009752901919412237
0645 (7).jpg,0,0.14315449337102806
0645 (8).jpg,0,0.01583798647381387
0645 (9).jpg,0,0.012871820407534576
0645.jpg,0,0.008923805654077011
0646 (10).jpg,0,0.018072240654727782
0646 (2).jpg,0,0.006204411616685735
0646 (3).jpg,0,0.00851043601924008
0646 (4).jpg,0,0.006562276595542961
0646 (5).jpg,0,0.011064311658174042
0646 (6).jpg,0,0.006282584217926215
0646 (7).jpg,0,0.006186335201851815
0646 (8).jpg,0,0.006874435978950944
0646 (9).jpg,0,0.006429495832683906
0646.jpg,0,0.007047415756971436
0647 (10).jpg,0,0.00644888604153812
0647 (2).jpg,0,0.021076991220920882
0647 (3).jpg,0,0.006869711160555201
0647 (4).jpg,0,0.006234739560802641
0647 (5).jpg,0,0.00726504023489388
0647 (6).jpg,0,0.0067382164584627695
0647 (7).jpg,0,0.006256946392896988
0647 (8).jpg,0,0.006988123553440881
0647 (9).jpg,0,0.006953426935644303
0647.jpg,0,0.00839598744627701
0648 (10).jpg,0,0.006754423518336135
0648 (2).jpg,0,0.02037529992480935
0648 (3).jpg,0,0.006787415161922756
0648 (4).jpg,0,0.014163709212087375
0648 (5).jpg,0,0.0064325049250887585
0648 (6).jpg,0,0.006253049493332916
0648 (7).jpg,0,0.006912559897824544
0648 (8).jpg,0,0.006202542894984524
0648 (9).jpg,0,0.006826251999998049
0648.jpg,0,0.008393044284812645
0649 (10).jpg,0,0.006416105555539998
0649 (2).jpg,0,0.0081610561802585
0649 (3).jpg,0,0.015301656322030689
0649 (4).jpg,0,0.006550466829254918
0649 (5).jpg,0,0.007531544543060902
0649 (6).jpg,0,0.007433225822090637
0649 (7).jpg,0,0.0065055638389469725
0649 (8).jpg,0,0.006533302689924685
0649 (9).jpg,0,0.006523673167071973
0649.jpg,0,0.00790044325596796
0650 (10).jpg,0,0.009516399710459329
0650 (2).jpg,0,0.007786773702692416
0650 (3).jpg,0,0.0063043096851377765
0650 (4).jpg,0,0.007362959751190031
0650 (5).jpg,0,0.006753847515724055
0650 (6).jpg,0,0.006988060257803475
0650 (7).jpg,0,0.00673860998082071
0650 (8).jpg,0,0.0074671124084295
0650 (9).jpg,0,0.01390840965536383
0650.jpg,0,0.013661935128988273
0651 (10).jpg,0,0.3488343762473998
0651 (2).jpg,0,0.006399586891244895
0651 (3).jpg,0,0.006573408668455742
0651 (4).jpg,0,0.006609533331070211
0651 (5).jpg,0,0.013396396111575478
0651 (6).jpg,0,0.0072199005000182954
0651 (7).jpg,0,0.006469043183121936
0651 (8).jpg,0,0.0074354459908747735
0651 (9).jpg,0,0.08800821463517322
0651.jpg,0,0.00964138833231682
0652 (10).jpg,0,0.006193047082941736
0652 (2).jpg,0,0.06789483557429998
0652 (3).jpg,0,0.00856661972098693
0652 (4).jpg,0,0.027970722492339468
0652 (5).jpg,0,0.008948343754256231
0652 (6).jpg,0,0.013136834392119129
0652 (7).jpg,0,0.006844960254871574
0652 (8).jpg,0,0.00943594268774196
0652 (9).jpg,0,0.006508656573689989
0652.jpg,0,0.01090555105063881
0653 (10).jpg,0,0.007323109411654383
0653 (2).jpg,0,0.0063333660980184284
0653 (3).jpg,0,0.012492651286679193
0653 (4).jpg,0,0.006303459996573498
0653 (5).jpg,0,0.006336512317348864
0653 (6).jpg,0,0.006554614103723085
0653 (7).jpg,0,0.006797682223397666
0653 (8).jpg,0,0.0062729016241594784
0653 (9).jpg,0,0.008447603025031085
0653.jpg,1,0.44209129970373534
0654 (10).jpg,0,0.006270073030807566
0654 (2).jpg,0,0.007085335146953138
0654 (3).jpg,0,0.0066005967792684
0654 (4).jpg,0,0.008493512175081892
0654 (5).jpg,0,0.008403899676890954
0654 (6).jpg,0,0.007239248392562814
0654 (7).jpg,0,0.0068182538481067105
0654 (8).jpg,0,0.006622606918701604
0654 (9).jpg,0,0.020463021502869314
0654.jpg,0,0.18652798505210785
0655 (10).jpg,0,0.008883660448676679
0655 (2).jpg,0,0.008662671288521346
0655 (3).jpg,0,0.007513072906402919
0655 (4).jpg,0,0.006472169590908164
0655 (5).jpg,0,0.007183666468805799
0655 (6).jpg,0,0.007091922322426682
0655 (7).jpg,0,0.006231121582047463
0655 (8).jpg,0,0.006285821215054724
0655 (9).jpg,0,0.006559422357664761
0655.jpg,0,0.12675348084118254
0656 (10).jpg,0,0.00981032201948021
0656 (2).jpg,0,0.006882291242825859
0656 (3).jpg,0,0.008156911692723328
0656 (4).jpg,0,0.00635933334173589
0656 (5).jpg,0,0.0068178083475918675
0656 (6).jpg,0,0.006381981087423835
0656 (7).jpg,0,0.006484482886252151
0656 (8).jpg,0,0.006652059274644281
0656 (9).jpg,0,0.008146706329983263
0656.jpg,0,0.009839147553007015
0657 (10).jpg,0,0.006372470567874565
0657 (2).jpg,0,0.020353790066358277
0657 (3).jpg,0,0.006306422693834984
0657 (4).jpg,0,0.006969838676805959
0657 (5).jpg,0,0.00685055654724725
0657 (6).jpg,0,0.014563413294922181
0657 (7).jpg,0,0.007089922228545049
0657 (8).jpg,0,0.0075559547736420785
0657 (9).jpg,0,0.008995148951395113
0657.jpg,0,0.10652101413828174
0658 (10).jpg,0,0.013977779364101722
0658 (2).jpg,0,0.006283491706402308
0658 (3).jpg,0,0.09462006923852886
0658 (4).jpg,0,0.019828054052981773
0658 (5).jpg,0,0.006826349220680832
0658 (6).jpg,0,0.006233475820132894
0658 (7).jpg,0,0.006263969138941496
0658 (8).jpg,0,0.006507571215929475
0658 (9).jpg,0,0.008377459806049694
0658.jpg,1,0.617143624031907
0659 (10).jpg,0,0.006655800773367516
0659 (2).jpg,0,0.00748162922205317
0659 (3).jpg,0,0.008410829526716847
0659 (4).jpg,0,0.006188314643501559
0659 (5).jpg,0,0.006355073193050893
0659 (6).jpg,0,0.006964499542306115
0659 (7).jpg,0,0.006193218157813209
0659 (8).jpg,0,0.006851279777460846
0659 (9).jpg,0,0.01624988678083621
0659.jpg,0,0.007472307734122226
0660 (10).jpg,0,0.035506511673248066
0660 (2).jpg,0,0.007874068272511985
0660 (3).jpg,0,0.006780085965082588
0660 (4).jpg,0,0.006785390866303763
0660 (5).jpg,0,0.007650647831582098
0660 (6).jpg,0,0.00653310407701251
0660 (7).jpg,0,0.006836199488369919
0660 (8).jpg,0,0.008791406398337039
0660 (9).jpg,0,0.008911442345529414
0660.jpg,0,0.006971607120719466
0661 (10).jpg,0,0.009454631783081606
0661 (2).jpg,0,0.006780173853693389
0661 (3).jpg,0,0.0067757652397260155
0661 (4).jpg,0,0.30998570515672597
0661 (5).jpg,0,0.00647109402578215
0661 (6).jpg,0,0.008358455919856228
0661 (7).jpg,0,0.0074744947499571805
0661 (8).jpg,0,0.007221538896084823
0661 (9).jpg,0,0.01085993485207572
0661.jpg,0,0.007898460074854374
0662 (10).jpg,0,0.006376741822533218
0662 (2).jpg,0,0.008768149935404914
0662 (3).jpg,0,0.006201103485428194
0662 (4).jpg,0,0.006660292602827122
0662 (5).jpg,0,0.006689897702164715
0662 (6).jpg,0,0.006828108356070428
0662 (7).jpg,0,0.006348191015607073
0662 (8).jpg,0,0.006472596030624884
0662 (9).jpg,0,0.024944689986429017
0662.jpg,0,0.00993325006345417
0663 (10).jpg,0,0.00625447681351094
0663 (2).jpg,0,0.0063330047873803395
0663 (3).jpg,0,0.027743396449952003
0663 (4).jpg,0,0.00696175157956122
0663 (5).jpg,0,0.0076930098170252155
0663 (6).jpg,0,0.0063216082160577735
0663 (7).jpg,0,0.0062254169965575085
0663 (8).jpg,0,0.00712030857660379
0663 (9).jpg,0,0.007783200180148198
0663.jpg,0,0.006730931774929901
0664 (10).jpg,0,0.0077480651356778
0664 (2).jpg,0,0.006228404872477176
0664 (3).jpg,1,0.44808610522205505
0664 (4).jpg,0,0.006398222502083295
0664 (5).jpg,0,0.006322906754520604
0664 (6).jpg,0,0.006439090120270095
0664 (7).jpg,0,0.009319664184769004
0664 (8).jpg,0,0.008670620078132664
0664 (9).jpg,0,0.007568505887901612
0664.jpg,0,0.025571740187074372
0665 (10).jpg,0,0.008266485633518844
0665 (2).jpg,0,0.012946441957727057
0665 (3).jpg,0,0.0070911191321276715
0665 (4).jpg,0,0.006607098962389763
0665 (5).jpg,0,0.0064875445659830925
0665 (6).jpg,0,0.006586926744039784
0665 (7).jpg,0,0.045264213551114235
0665 (8).jpg,0,0.006289366665037902
0665 (9).jpg,0,0.2158277656127472
0665.jpg,0,0.008925558646062294
0666 (10).jpg,0,0.04405728109352928
0666 (2).jpg,0,0.012154569834777067
0666 (3).jpg,0,0.007403853329913608
0666 (4).jpg,0,0.006375180879408013
0666 (5).jpg,0,0.007112368746637879
0666 (6).jpg,0,0.0063394892238857825
0666 (7).jpg,0,0.00625583880916184
0666 (8).jpg,0,0.006258234871978712
0666 (9).jpg,1,0.9734511982283313
0666.jpg,0,0.009718863734381035
0667 (10).jpg,0,0.007055044471133941
0667 (2).jpg,0,0.01680071567036496
0667 (3).jpg,0,0.008048466404070597
0667 (4).jpg,0,0.008116438064475949
0667 (5).jpg,0,0.006651025522365655
0667 (6).jpg,0,0.006173560073336749
0667 (7).jpg,0,0.008007566203399671
0667 (8).jpg,0,0.006305989863716929
0667 (9).jpg,0,0.0606090198042895
0667.jpg,0,0.009287301803588168
0668 (10).jpg,0,0.0069480542222501995
0668 (2).jpg,0,0.006562080485698712
0668 (3).jpg,0,0.006298198673761191
0668 (4).jpg,0,0.006170381716320071
0668 (5).jpg,0,0.0068076927188884286
0668 (6).jpg,0,0.00657241786672103
0668 (7).jpg,0,0.006219018278724726
0668 (8).jpg,0,0.006173909924532346
0668 (9).jpg,0,0.008845959824527539
0668.jpg,0,0.046915235319860527
0669 (10).jpg,0,0.006475988956372107
0669 (2).jpg,1,0.55716747341405
0669 (3).jpg,0,0.006798865124524449
0669 (4).jpg,0,0.006773420497452711
0669 (5).jpg,0,0.007924476140546942
0669 (6).jpg,1,0.7190649478879862
0669 (7).jpg,0,0.006859684751102494
0669 (8).jpg,0,0.009690015774172995
0669 (9).jpg,0,0.013212831762961463
0669.jpg,0,0.006465001355761256
0670 (10).jpg,0,0.006171945554507097
0670 (2).jpg,0,0.0070642701968045805
0670 (3).jpg,0,0.010720228112603898
0670 (4).jpg,0,0.006314120916743477
0670 (5).jpg,0,0.0063893195832316375
0670 (6).jpg,0,0.006312997200786096
0670 (7).jpg,0,0.006952462875241166
0670 (8).jpg,0,0.0075818618952910085
0670 (9).jpg,0,0.006662559935012123
0670.jpg,0,0.007800945058349708
0671 (10).jpg,0,0.00692944508501881
0671 (2).jpg,0,0.006891027123576128
0671 (3).jpg,0,0.006651799144216314
0671 (4).jpg,0,0.007977216952908964
0671 (5).jpg,0,0.006553035553649436
0671 (6).jpg,0,0.006207826985879113
0671 (7).jpg,0,0.006293609523370895
0671 (8).jpg,0,0.009178121388592952
0671 (9).jpg,0,0.007195772176750534
0671.jpg,0,0.006372836270238568
0672 (10).jpg,0,0.006592326837568426
0672 (2).jpg,0,0.009567425847188924
0672 (3).jpg,0,0.006429062732294276
0672 (4).jpg,0,0.006370160194051359
0672 (5).jpg,0,0.29408972901655234
0672 (6).jpg,0,0.0073078385717604485
0672 (7).jpg,0,0.012987364336533616
0672 (8).jpg,0,0.006573508836503882
0672 (9).jpg,0,0.023640203155700583
0672.jpg,0,0.007610331002427918
0673 (10).jpg,0,0.006759159801630361
0673 (2).jpg,0,0.012994846001850063
0673 (3).jpg,0,0.00704551893745851
0673 (4).jpg,0,0.006673516123912781
0673 (5).jpg,0,0.006869861616693363
0673 (6).jpg,0,0.006193012213329425
0673 (7).jpg,0,0.0063349054787213725
0673 (8).jpg,0,0.006462959358289104
0673 (9).jpg,1,0.980913533842346
0673.jpg,0,0.010209776609717386
0674 (10).jpg,0,0.008686486559677926
0674 (2).jpg,0,0.006196736091531509
0674 (3).jpg,0,0.00643317351622357
0674 (4).jpg,0,0.006426638342430769
0674 (5).jpg,0,0.008469971376580024
0674 (6).jpg,0,0.008376846552435624
0674 (7).jpg,0,0.008574353965722344
0674 (8).jpg,0,0.008095814378847951
0674 (9).jpg,0,0.008873083343678902
0674.jpg,0,0.006607977881058122
0675 (10).jpg,0,0.00711707462766344
0675 (2).jpg,0,0.006701736682313129
0675 (3).jpg,0,0.007748029723883074
0675 (4).jpg,0,0.007769078992457262
0675 (5).jpg,0,0.01781537740659114
0675 (6).jpg,0,0.006268273884299713
0675 (7).jpg,0,0.006614320773613787
0675 (8).jpg,0,0.006648465528378945
0675 (9).jpg,0,0.007134628611140023
0675.jpg,0,0.11895881370489066
0676 (10).jpg,0,0.016344943066821018
0676 (2).jpg,0,0.007714665417625752
0676 (3).jpg,0,0.008911674669388121
0676 (4).jpg,0,0.006447141543191715
0676 (5).jpg,0,0.009588297901787715
0676 (6).jpg,0,0.006751169285311558
0676 (7).jpg,0,0.006755389783282801
0676 (8).jpg,0,0.009526106842901477
0676 (9).jpg,0,0.017099250997498337
0676.jpg,0,0.007373968958814796
0677 (10).jpg,0,0.010130543709508506
0677 (2).jpg,0,0.006316317247492434
0677 (3).jpg,0,0.007258582714688354
0677 (4).jpg,0,0.00654378972016691
0677 (5).jpg,0,0.012391664319892606
0677 (6).jpg,0,0.006733747434219631
0677 (7).jpg,0,0.006271184727269913
0677 (8).jpg,1,0.49496977647415785
0677 (9).jpg,0,0.007678366639070147
0677.jpg,0,0.006523327503211267
0678 (10).jpg,0,0.00686317959997228
0678 (2).jpg,0,0.006833430574029178
0678 (3).jpg,0,0.11632327327211181
0678 (4).jpg,0,0.006255858240394809
0678 (5).jpg,0,0.006609008946905073
0678 (6).jpg,0,0.00619789757926304
0678 (7).jpg,0,0.009280166255960332
0678 (8).jpg,0,0.046543767742549196
0678 (9).jpg,0,0.00789350425083707
0678.jpg,0,0.034581028681564895
0679 (10).jpg,0,0.011784984408131478
0679 (2).jpg,0,0.010176975175193646
0679 (3).jpg,0,0.00787391417020102
0679 (4).jpg,0,0.006224233953082002
0679 (5).jpg,0,0.006472102847531194
0679 (6).jpg,0,0.0063469153581546395
0679 (7).jpg,0,0.006243819736786431
0679 (8).jpg,1,0.9609765668084046
0679 (9).jpg,0,0.008891430751306568
0679.jpg,0,0.016117403453411724
0680 (10).jpg,0,0.006647841156587833
0680 (2).jpg,0,0.028758611980536433
0680 (3).jpg,0,0.006949966986847947
0680 (4).jpg,0,0.006272660301279561
0680 (5).jpg,0,0.008143697227766072
0680 (6).jpg,0,0.008992193765980367
0680 (7).jpg,0,0.006252823641183754
0680 (8).jpg,0,0.008640564154628307
0680 (9).jpg,0,0.008861126316326394
0680.jpg,0,0.006358876225161377
0681 (10).jpg,0,0.012036734668360256
0681 (2).jpg,0,0.007176951971971835
0681 (3).jpg,0,0.007173081984351266
0681 (4).jpg,0,0.006374022715081897
0681 (5).jpg,0,0.00711464967971386
0681 (6).jpg,0,0.006417993012538168
0681 (7).jpg,0,0.006879269284759507
0681 (8).jpg,0,0.011266852458759993
0681 (9).jpg,0,0.00675045775892573
0681.jpg,0,0.007062006730714882
0682 (10).jpg,0,0.006794825128422799
0682 (2).jpg,0,0.01177968346740191
0682 (3).jpg,0,0.006356009218856285
0682 (4).jpg,0,0.006403108712253304
0682 (5).jpg,0,0.012904889157148184
0682 (6).jpg,0,0.006335703201017987
0682 (7).jpg,0,0.008206668715864047
0682 (8).jpg,0,0.009158669475407551
0682 (9).jpg,0,0.008566313226164657
0682.jpg,0,0.007714067259083011
0683 (10).jpg,0,0.0072190157779776325
0683 (2).jpg,0,0.009664264488254104
0683 (3).jpg,0,0.01441530236667636
0683 (4).jpg,0,0.007149787371772138
0683 (5).jpg,0,0.00714004223446496
0683 (6).jpg,0,0.006346449145590242
0683 (7).jpg,0,0.008036799563469
0683 (8).jpg,0,0.006293655422790824
0683 (9).jpg,0,0.006377730191279775
0683.jpg,0,0.009917165881107701
0684 (10).jpg,0,0.006903707906487058
0684 (2).jpg,0,0.006338336623137719
0684 (3).jpg,0,0.009259347646395725
0684 (4).jpg,0,0.006719811245864139
0684 (5).jpg,0,0.006502110051206909
0684 (6).jpg,0,0.0074392535417361514
0684 (7).jpg,0,0.006572828752759528
0684 (8).jpg,0,0.006571375959918587
0684 (9).jpg,0,0.01003032228852353
0684.jpg,0,0.010952084505388064
0685 (10).jpg,0,0.017592588984606403
0685 (2).jpg,0,0.0065667072291084785
0685 (3).jpg,0,0.007028846143919945
0685 (4).jpg,0,0.00635235008713032
0685 (5).jpg,0,0.006706313291293552
0685 (6).jpg,0,0.006228804263014268
0685 (7).jpg,0,0.006361547363070628
0685 (8).jpg,0,0.006432983557974487
0685 (9).jpg,0,0.11851609801849747
0685.jpg,0,0.008330556608962121
0686 (10).jpg,1,0.9724574202078636
0686 (2).jpg,0,0.008748798146370659
0686 (3).jpg,0,0.008599368150889021
0686 (4).jpg,0,0.007206737439566151
0686 (5).jpg,0,0.006948171180727248
0686 (6).jpg,0,0.00809623296504288
0686 (7).jpg,0,0.008131801652294622
0686 (8).jpg,0,0.006815190272302983
0686 (9).jpg,0,0.0075333353662800475
0686.jpg,0,0.01868135628217878
0687 (10).jpg,0,0.007127521751077923
0687 (2).jpg,0,0.00619435899543162
0687 (3).jpg,0,0.007195426434444785
0687 (4).jpg,0,0.006192023980286667
0687 (5).jpg,0,0.22071160124061223
0687 (6).jpg,0,0.00636882652196656
0687 (7).jpg,0,0.006887193070645083
0687 (8).jpg,0,0.011270319217624834
0687 (9).jpg,1,0.98761233742405
0687.jpg,0,0.007669612428680314
0688 (10).jpg,0,0.007617083155739612
0688 (2).jpg,0,0.006647637202474794
0688 (3).jpg,0,0.013453892452378649
0688 (4).jpg,0,0.006553025052359973
0688 (5).jpg,0,0.009442054190820478
0688 (6).jpg,0,0.006214616875825989
0688 (7).jpg,0,0.006341316399274224
0688 (8).jpg,0,0.006370353181689856
0688 (9).jpg,0,0.014825979820214791
0688.jpg,0,0.047875413029979295
0689 (10).jpg,0,0.007020213826396483
0689 (2).jpg,0,0.006691664179097959
0689 (3).jpg,0,0.026532920926902324
0689 (4).jpg,0,0.01810089416088147
0689 (5).jpg,0,0.007148063190987537
0689 (6).jpg,0,0.006610965880129649
0689 (7).jpg,0,0.006711583245145334
0689 (8).jpg,0,0.006615660786138596
0689 (9).jpg,0,0.008568784058263253
0689.jpg,0,0.016518495070806525
0690 (10).jpg,0,0.007601012053240829
0690 (2).jpg,0,0.006532028366110005
0690 (3).jpg,1,0.8401916842278306
0690 (4).jpg,0,0.009216553273701147
0690 (5).jpg,0,0.006496524334855735
0690 (6).jpg,0,0.0063506838141520125
0690 (7).jpg,0,0.034921837094450306
0690 (8).jpg,0,0.007512279850641548
0690 (9).jpg,0,0.007861957800038625
0690.jpg,0,0.007506407797096911
0691 (10).jpg,0,0.006704356543357601
0691 (2).jpg,1,0.930718631758322
0691 (3).jpg,0,0.009457764375819014
0691 (4).jpg,0,0.0775796866370763
0691 (5).jpg,0,0.006599978322250196
0691 (6).jpg,0,0.006405803081067596
0691 (7).jpg,0,0.006798725625337373
0691 (8).jpg,0,0.007821283166979694
0691 (9).jpg,0,0.009547960470026014
0691.jpg,0,0.006500266563316723
0692 (10).jpg,0,0.007899898482168873
0692 (2).jpg,0,0.006822885758744779
0692 (3).jpg,0,0.006423561719628303
0692 (4).jpg,0,0.006378246749919564
0692 (5).jpg,0,0.008195562471797882
0692 (6).jpg,0,0.006803936335461333
0692 (7).jpg,0,0.006446701887251972
0692 (8).jpg,0,0.007667030881869725
0692 (9).jpg,0,0.015310616660459677
0692.jpg,0,0.0063946489857763964
0693 (10).jpg,0,0.006818433711656384
0693 (2).jpg,0,0.007095970759086792
0693 (3).jpg,0,0.006525194746519029
0693 (4).jpg,0,0.007747046775368966
0693 (5).jpg,0,0.010888630571791034
0693 (6).jpg,0,0.00668860158736834
0693 (7).jpg,0,0.006326982069206078
0693 (8).jpg,0,0.0071058523571942925
0693 (9).jpg,0,0.007590473392645026
0693.jpg,0,0.015402768944144064
0694 (10).jpg,0,0.009608535342437621
0694 (2).jpg,0,0.012591828384029547
0694 (3).jpg,0,0.2220830865478374
0694 (4).jpg,0,0.0063361273593498975
0694 (5).jpg,0,0.006210521799055873
0694 (6).jpg,0,0.009401647280571104
0694 (7).jpg,0,0.006632294942432147
0694 (8).jpg,0,0.007464798261727256
0694 (9).jpg,0,0.008194627804864473
0694.jpg,0,0.009533533005492102
0695 (10).jpg,0,0.007035204672732079
0695 (2).jpg,0,0.1450111499737718
0695 (3).jpg,0,0.006744583068899759
0695 (4).jpg,0,0.006984083317896726
0695 (5).jpg,0,0.009861470820208103
0695 (6).jpg,0,0.010662531960736197
0695 (7).jpg,0,0.007214794179499473
0695 (8).jpg,0,0.01208959138425579
0695 (9).jpg,0,0.007481741826774466
0695.jpg,0,0.008246808434316034
0696 (10).jpg,0,0.008687934604230316
0696 (2).jpg,0,0.006399829418382238
0696 (3).jpg,0,0.006737669988787554
0696 (4).jpg,0,0.00630818718575263
0696 (5).jpg,0,0.00626847357447221
0696 (6).jpg,0,0.006981303766250512
0696 (7).jpg,0,0.007060753685641371
0696 (8).jpg,0,0.007417362493411591
0696 (9).jpg,0,0.008998490790518851
0696.jpg,0,0.009190538791684503
0697 (10).jpg,0,0.01163927573142772
0697 (2).jpg,0,0.006276934753608869
0697 (3).jpg,0,0.07214309646611645
0697 (4).jpg,0,0.006453540643295324
0697 (5).jpg,0,0.0068312139779198415
0697 (6).jpg,0,0.007096298279108158
0697 (7).jpg,0,0.007183932710391317
0697 (8).jpg,0,0.008901019284661667
0697 (9).jpg,0,0.006602994456446559
0697.jpg,0,0.006713108725299856
0698 (10).jpg,0,0.006401033435103815
0698 (2).jpg,0,0.016903297338091088
0698 (3).jpg,0,0.10851256441562061
0698 (4).jpg,0,0.007566696988118152
0698 (5).jpg,0,0.006677381268948423
0698 (6).jpg,0,0.006272944101916606
0698 (7).jpg,0,0.0062934548175753524
0698 (8).jpg,0,0.007034642911774187
0698 (9).jpg,0,0.006265186744766582
0698.jpg,0,0.007390410757787897
0699 (10).jpg,0,0.00876957022002648
0699 (2).jpg,0,0.009280160916947874
0699 (3).jpg,0,0.007190166894113712
0699 (4).jpg,0,0.006985810600752514
0699 (5).jpg,0,0.11243086092305528
0699 (6).jpg,0,0.006319818823708444
0699 (7).jpg,0,0.006300044970080506
0699 (8).jpg,0,0.0067603042711848
0699 (9).jpg,0,0.007345946054022728
0699.jpg,0,0.00942816793990953
0700 (10).jpg,0,0.10718023051361673
0700 (2).jpg,0,0.008093288802592531
0700 (3).jpg,0,0.00664918690729414
0700 (4).jpg,0,0.006312465862905526
0700 (5).jpg,0,0.008396619777120282
0700 (6).jpg,0,0.006580297629553735
0700 (7).jpg,0,0.0063142165772847834
0700 (8).jpg,0,0.0069346000521145895
0700 (9).jpg,0,0.0073661491455591825
0700.jpg,0,0.008459607406124121
0701 (10).jpg,0,0.013053509904535295
0701 (2).jpg,0,0.009337874157129632
0701 (3).jpg,0,0.015955563514587115
0701 (4).jpg,0,0.007705934895305841
0701 (5).jpg,0,0.006664322751212559
0701 (6).jpg,0,0.0078038378664941795
0701 (7).jpg,0,0.007097890488353855
0701 (8).jpg,0,0.006378256233266831
0701 (9).jpg,0,0.006636323685309132
0701.jpg,0,0.007668226951416345
0702 (10).jpg,0,0.00628348424787574
0702 (2).jpg,0,0.007079264197669073
0702 (3).jpg,0,0.008029647071692705
0702 (4).jpg,0,0.0061708326920210214
0702 (5).jpg,0,0.006895167677149949
0702 (6).jpg,0,0.008207746055644763
0702 (7).jpg,0,0.00663813507550722
0702 (8).jpg,0,0.006374530754043065
0702 (9).jpg,0,0.00892275438608931
0702.jpg,0,0.008073556241345974
0703 (10).jpg,0,0.02226067030263528
0703 (2).jpg,0,0.016041979076792837
0703 (3).jpg,0,0.007600940889148141
0703 (4).jpg,0,0.0064740074133219925
0703 (5).jpg,0,0.006150896264618057
0703 (6).jpg,0,0.006416612195733937
0703 (7).jpg,0,0.006263425572991866
0703 (8).jpg,0,0.006178232419193709
0703 (9).jpg,0,0.19988507041198247
0703.jpg,0,0.010871249930742611
0704 (10).jpg,0,0.0064098229518521396
0704 (2).jpg,1,0.6012973306494486
0704 (3).jpg,0,0.009387204246214299
0704 (4).jpg,0,0.00651796691134543
0704 (5).jpg,0,0.006703240627174001
0704 (6).jpg,0,0.006733047358597197
0704 (7).jpg,0,0.006310144651961452
0704 (8).jpg,0,0.009459798224832106
0704 (9).jpg,0,0.010003306703192874
0704.jpg,0,0.0062917471861793734
0705 (10).jpg,1,0.9300108832838841
0705 (2).jpg,0,0.0069065579867579096
0705 (3).jpg,0,0.007134848248380737
0705 (4).jpg,0,0.006312137097641502
0705 (5).jpg,0,0.09368030473278109
0705 (6).jpg,0,0.00617031243332958
0705 (7).jpg,0,0.00675948979879884
0705 (8).jpg,0,0.011126301747291508
0705 (9).jpg,0,0.006733384432399155
0705.jpg,0,0.010890848252149593
0706 (10).jpg,0,0.006380559498024893
0706 (2).jpg,0,0.00695584683215489
0706 (3).jpg,0,0.007311346021225033
0706 (4).jpg,0,0.006725824287777637
0706 (5).jpg,0,0.006881878714650877
0706 (6).jpg,0,0.006280490146078119
0706 (7).jpg,0,0.006239815024747695
0706 (8).jpg,0,0.007289629385339484
0706 (9).jpg,0,0.006516851307678568
0706.jpg,0,0.011192230246344113
0707 (10).jpg,0,0.006283375497634902
0707 (2).jpg,0,0.02692664475048204
0707 (3).jpg,0,0.011313220387766429
0707 (4).jpg,0,0.006805976605251804
0707 (5).jpg,0,0.007201692840133633
0707 (6).jpg,0,0.006554586336685754
0707 (7).jpg,0,0.006903389689392334
0707 (8).jpg,0,0.007273612331545561
0707 (9).jpg,0,0.006811125206391723
0707.jpg,0,0.021504574013319375
0708 (10).jpg,0,0.0061773965428597285
0708 (2).jpg,0,0.006330488742370209
0708 (3).jpg,0,0.006745039261901923
0708 (4).jpg,0,0.007901006871597421
0708 (5).jpg,0,0.013942050537617958
0708 (6).jpg,0,0.006154024288670168
0708 (7).jpg,0,0.006252826640706292
0708 (8).jpg,0,0.0067009087396576366
0708 (9).jpg,1,0.6713055597620273
0708.jpg,0,0.010241498155402151
0709 (10).jpg,0,0.008789652314896966
0709 (2).jpg,0,0.006890773541869341
0709 (3).jpg,0,0.010208802895294494
0709 (4).jpg,0,0.0074257982690750495
0709 (5).jpg,0,0.006267696563172963
0709 (6).jpg,0,0.006852515932260984
0709 (7).jpg,0,0.0066065961334453305
0709 (8).jpg,0,0.006952384736559821
0709 (9).jpg,0,0.0076653603491383705
0709.jpg,0,0.007237295728152872
0710 (10).jpg,0,0.007287951826667869
0710 (2).jpg,0,0.007126637556904832
0710 (3).jpg,0,0.006858907444107763
0710 (4).jpg,0,0.006304984692800119
0710 (5).jpg,1,0.8763937120533909
0710 (6).jpg,0,0.006384401936163491
0710 (7).jpg,0,0.007135299077425009
0710 (8).jpg,0,0.008072063128050882
0710 (9).jpg,0,0.007169768467515229
0710.jpg,0,0.008475952628866593
0711 (10).jpg,0,0.006799862239706903
0711 (2).jpg,0,0.05435598850688705
0711 (3).jpg,0,0.09185956333560405
0711 (4).jpg,0,0.007146980833088011
0711 (5).jpg,0,0.007127081356179519
0711 (6).jpg,0,0.008054242283592986
0711 (7).jpg,0,0.007106073167266434
0711 (8).jpg,0,0.006945886748459226
0711 (9).jpg,0,0.007530809305399483
0711.jpg,1,0.6859540480639335
0712 (10).jpg,0,0.007281399486215713
0712 (2).jpg,0,0.009928440254638064
0712 (3).jpg,0,0.01836483371764376
0712 (4).jpg,0,0.0067886718247565075
0712 (5).jpg,0,0.010402089821853628
0712 (6).jpg,0,0.006377210307399314
0712 (7).jpg,0,0.007621803272070288
0712 (8).jpg,0,0.0065345659024349
0712 (9).jpg,0,0.04991759598248375
0712.jpg,0,0.02189362905304287
0713 (10).jpg,0,0.006413650717475809
0713 (2).jpg,0,0.007462455401445918
0713 (3).jpg,0,0.006737869655349851
0713 (4).jpg,0,0.00621432536035624
0713 (5).jpg,0,0.007015101390413342
0713 (6).jpg,0,0.022169244296952325
0713 (7).jpg,0,0.006267294954525297
0713 (8).jpg,0,0.01477899914959943
0713 (9).jpg,0,0.006720571081791056
0713.jpg,0,0.00734072843610484
0714 (10).jpg,0,0.006195434251110829
0714 (2).jpg,0,0.007479697236360422
0714 (3).jpg,0,0.006809133185706153
0714 (4).jpg,0,0.006254095994199873
0714 (5).jpg,0,0.006414679797343757
0714 (6).jpg,0,0.006194148493029342
0714 (7).jpg,0,0.008408996428890241
0714 (8).jpg,0,0.0062751516519666106
0714 (9).jpg,0,0.007857566060893682
0714.jpg,0,0.41154074374519706
0715 (10).jpg,0,0.006941679082890881
0715 (2).jpg,0,0.006560944527509058
0715 (3).jpg,0,0.008697681328677272
0715 (4).jpg,0,0.006184012964940726
0715 (5).jpg,0,0.006278268336716365
0715 (6).jpg,0,0.0066545941117866735
0715 (7).jpg,0,0.007896539638253663
0715 (8).jpg,0,0.00695686953204061
0715 (9).jpg,0,0.006935241365070312
0715.jpg,0,0.0068088611012669924
0716 (10).jpg,0,0.007645843768589295
0716 (2).jpg,0,0.015372256687386739
0716 (3).jpg,0,0.008012467428147044
0716 (4).jpg,0,0.006406401639181875
0716 (5).jpg,0,0.008277542379263227
0716 (6).jpg,0,0.007091079712266415
0716 (7).jpg,0,0.0069396631553288795
0716 (8).jpg,0,0.009576875876987618
0716 (9).jpg,0,0.01735558549900262
0716.jpg,0,0.006260533779870308
0717 (10).jpg,0,0.00634998774553083
0717 (2).jpg,0,0.007055582295706306
0717 (3).jpg,0,0.006874229748976027
0717 (4).jpg,0,0.014404421769705954
0717 (5).jpg,0,0.011203870969399036
0717 (6).jpg,0,0.006269215296593271
0717 (7).jpg,0,0.006629372956857632
0717 (8).jpg,0,0.006415480735899882
0717 (9).jpg,0,0.007037858357366132
0717.jpg,0,0.013118365818133195
0718 (10).jpg,0,0.006391449579974547
0718 (2).jpg,0,0.007004141473579918
0718 (3).jpg,0,0.011814207614119793
0718 (4).jpg,0,0.007230875400061018
0718 (5).jpg,0,0.008559314526807702
0718 (6).jpg,0,0.006259888023473342
0718 (7).jpg,0,0.006574550633278138
0718 (8).jpg,0,0.008441959039937169
0718 (9).jpg,0,0.00684558709967777
0718.jpg,0,0.007017120450123764
0719 (10).jpg,0,0.014295571284737938
0719 (2).jpg,0,0.1057280288230919
0719 (3).jpg,1,0.9897303695710762
0719 (4).jpg,0,0.006569959335427794
0719 (5).jpg,0,0.007137571586013268
0719 (6).jpg,0,0.007476027746690565
0719 (7).jpg,0,0.006767172217750562
0719 (8).jpg,0,0.006211059678247265
0719 (9).jpg,0,0.009105525213111306
0719.jpg,0,0.011651045219554254
0720 (10).jpg,0,0.006416492268916117
0720 (2).jpg,0,0.00869246219864857
0720 (3).jpg,0,0.020548972121840526
0720 (4).jpg,0,0.0065231128213125095
0720 (5).jpg,0,0.0066260314660601125
0720 (6).jpg,0,0.006625187942612745
0720 (7).jpg,0,0.006291447141092031
0720 (8).jpg,0,0.0063991818745434146
0720 (9).jpg,0,0.006352867429227214
0720.jpg,0,0.008259605780596747
0721 (10).jpg,0,0.007734007964245047
0721 (2).jpg,0,0.008564437043310438
0721 (3).jpg,0,0.006994148953530029
0721 (4).jpg,0,0.008744322642913877
0721 (5).jpg,0,0.009211411305710968
0721 (6).jpg,0,0.0062929048387720815
0721 (7).jpg,0,0.008533827652876297
0721 (8).jpg,0,0.010184300344564688
0721 (9).jpg,0,0.006557349718617831
0721.jpg,0,0.007169184116890912
0722 (10).jpg,0,0.0110825520001786
0722 (2).jpg,0,0.007330721871524243
0722 (3).jpg,0,0.012940509699333396
0722 (4).jpg,0,0.0065015347996943175
0722 (5).jpg,0,0.006744932610933793
0722 (6).jpg,0,0.006181574074878357
0722 (7).jpg,0,0.006317323616204843
0722 (8).jpg,0,0.00646996411266387
0722 (9).jpg,0,0.0068328228041363084
0722.jpg,0,0.00654270439357788
0723 (10).jpg,0,0.009718799073978207
0723 (2).jpg,0,0.006581626275279997
0723 (3).jpg,0,0.134248594952545
0723 (4).jpg,0,0.006577256269516391
0723 (5).jpg,0,0.006754221164189469
0723 (6).jpg,0,0.006745623833450298
0723 (7).jpg,0,0.006810871614183533
0723 (8).jpg,0,0.006519073862355046
0723 (9).jpg,0,0.00731504586672676
0723.jpg,0,0.008291704934016413
0724 (10).jpg,0,0.006795748151885931
0724 (2).jpg,0,0.007743780893009596
0724 (3).jpg,0,0.012816199717952318
0724 (4).jpg,0,0.006805814962107903
0724 (5).jpg,0,0.008611938458853042
0724 (6).jpg,0,0.006954036901033404
0724 (7).jpg,0,0.006228220072096295
0724 (8).jpg,0,0.00662902315035668
0724 (9).jpg,0,0.0072588228995425575
0724.jpg,0,0.016196349350445328
0725 (10).jpg,0,0.008070452983741812
0725 (2).jpg,0,0.008418679391818019
0725 (3).jpg,0,0.006754857384361407
0725 (4).jpg,0,0.017391902615602698
0725 (5).jpg,0,0.00947869790123754
0725 (6).jpg,0,0.006571171198727246
0725 (7).jpg,0,0.006352410243193949
0725 (8).jpg,0,0.006595880018922671
0725 (9).jpg,0,0.016476777372687434
0725.jpg,0,0.007947999890091532
0726 (10).jpg,0,0.007002815853054369
0726 (2).jpg,0,0.006284653875144763
0726 (3).jpg,0,0.0873975728187289
0726 (4).jpg,0,0.007108681956396022
0726 (5).jpg,0,0.016032556789243205
0726 (6).jpg,0,0.006155661889953734
0726 (7).jpg,0,0.009600001993686262
0726 (8).jpg,0,0.017708229748154253
0726 (9).jpg,0,0.007023652164235253
0726.jpg,0,0.006930097194651184
0727 (10).jpg,0,0.00634619518499692
0727 (2).jpg,0,0.015861537086577414
0727 (3).jpg,0,0.0072884534945928175
0727 (4).jpg,0,0.006374223216817213
0727 (5).jpg,0,0.006382172739828798
0727 (6).jpg,0,0.010511501264043592
0727 (7).jpg,0,0.0076455148917978855
0727 (8).jpg,0,0.020889935211775852
0727 (9).jpg,0,0.007463845851739835
0727.jpg,0,0.033569240156582074
0728 (10).jpg,0,0.009113810767845083
0728 (2).jpg,0,0.006900747294736723
0728 (3).jpg,0,0.007114591975370769
0728 (4).jpg,0,0.006487899846582725
0728 (5).jpg,0,0.006269235456979063
0728 (6).jpg,0,0.006162976742689561
0728 (7).jpg,0,0.010254108329081005
0728 (8).jpg,0,0.07520309966812232
0728 (9).jpg,0,0.011185426789297046
0728.jpg,0,0.007255952713769733
0729 (10).jpg,0,0.0065271529762627595
0729 (2).jpg,0,0.00908182782455344
0729 (3).jpg,0,0.007106919721600025
0729 (4).jpg,0,0.007651237502808235
0729 (5).jpg,0,0.006693395309075351
0729 (6).jpg,0,0.006916625829964189
0729 (7).jpg,0,0.00717101609301617
0729 (8).jpg,0,0.009461436721948328
0729 (9).jpg,0,0.007837164882764739
0729.jpg,0,0.008809120391198608
0730 (10).jpg,0,0.006883046991796144
0730 (2).jpg,0,0.0064676039419273084
0730 (3).jpg,0,0.006505599514187396
0730 (4).jpg,0,0.010002003888300953
0730 (5).jpg,0,0.007221815178300831
0730 (6).jpg,0,0.006336168576548064
0730 (7).jpg,0,0.006728230412009362
0730 (8).jpg,0,0.006953511113540271
0730 (9).jpg,1,0.9403251407958059
0730.jpg,0,0.02958287535564868
0731 (10).jpg,0,0.008505706603303966
0731 (2).jpg,0,0.007970128639072187
0731 (3).jpg,1,0.758977967038673
0731 (4).jpg,0,0.00626157792919571
0731 (5).jpg,0,0.006313842639841125
0731 (6).jpg,0,0.006372513555600423
0731 (7).jpg,0,0.0066036990217764255
0731 (8).jpg,0,0.007046462524243075
0731 (9).jpg,0,0.0072575181784646815
0731.jpg,0,0.006383744951172134
0732 (10).jpg,0,0.006202613643398567
0732 (2).jpg,0,0.01739882511689953
0732 (3).jpg,0,0.011215643550661078
0732 (4).jpg,0,0.006884627174978506
0732 (5).jpg,0,0.007129579353490769
0732 (6).jpg,1,0.875861434863954
0732 (7).jpg,0,0.07284787677886062
0732 (8).jpg,0,0.006324501676149487
0732 (9).jpg,0,0.00947097220487646
0732.jpg,0,0.008063994682456957
0733 (10).jpg,0,0.006949785718561697
0733 (2).jpg,0,0.00979478821139458
0733 (3).jpg,0,0.006222698503786004
0733 (4).jpg,0,0.006280653828975668
0733 (5).jpg,0,0.006207792536592792
0733 (6).jpg,0,0.006669186513115456
0733 (7).jpg,0,0.010107407910350748
0733 (8).jpg,0,0.006504451477771642
0733 (9).jpg,0,0.00756281281600427
0733.jpg,0,0.006642323105541386
0734 (10).jpg,0,0.006956735105623639
0734 (2).jpg,0,0.00616160289987945
0734 (3).jpg,0,0.00862056431464687
0734 (4).jpg,0,0.006767941067525447
0734 (5).jpg,0,0.0064554101541142205
0734 (6).jpg,0,0.006187166938388216
0734 (7).jpg,0,0.006494076150932157
0734 (8).jpg,0,0.007896451815088208
0734 (9).jpg,0,0.007485356600232347
0734.jpg,0,0.007994806384195483
0735 (10).jpg,0,0.006367737123497479
0735 (2).jpg,0,0.006949729689149999
0735 (3).jpg,0,0.10279875707150436
0735 (4).jpg,0,0.008310355251871954
0735 (5).jpg,0,0.06279122666031557
0735 (6).jpg,0,0.006223277244799749
0735 (7).jpg,0,0.007308517446325123
0735 (8).jpg,0,0.006632869464942272
0735 (9).jpg,0,0.0063936368602583145
0735.jpg,0,0.008116417446727859
0736 (10).jpg,0,0.08127490229213481
0736 (2).jpg,0,0.007087044944148147
0736 (3).jpg,0,0.04439834228142716
0736 (4).jpg,0,0.006481248772846625
0736 (5).jpg,0,0.01507990158706106
0736 (6).jpg,0,0.006505082770946445
0736 (7).jpg,0,0.0077722941568643235
0736 (8).jpg,0,0.013679164170712577
0736 (9).jpg,0,0.007362531910240364
0736.jpg,0,0.021737958681392902
0737 (10).jpg,0,0.007289371225960486
0737 (2).jpg,0,0.006577473954134462
0737 (3).jpg,0,0.014807830493819221
0737 (4).jpg,0,0.006496167842987122
0737 (5).jpg,0,0.007501107268208185
0737 (6).jpg,0,0.006518115838179216
0737 (7).jpg,0,0.007065657485612748
0737 (8).jpg,0,0.007285699599045613
0737 (9).jpg,0,0.00775826845984806
0737.jpg,0,0.00884686550604295
0738 (10).jpg,0,0.00640897904809378
0738 (2).jpg,0,0.006610626011012477
0738 (3).jpg,0,0.0071152136964710766
0738 (4).jpg,0,0.006353368609605852
0738 (5).jpg,0,0.007097143507612434
0738 (6).jpg,0,0.006464308061626633
0738 (7).jpg,0,0.006253714578849543
0738 (8).jpg,0,0.007488131806528099
0738 (9).jpg,1,0.9752093824521424
0738.jpg,0,0.006699646502411753
0739 (10).jpg,0,0.0075597413059942265
0739 (2).jpg,0,0.006519858275990616
0739 (3).jpg,0,0.008491587781915874
0739 (4).jpg,0,0.007411067697885081
0739 (5).jpg,0,0.008995611098017784
0739 (6).jpg,0,0.0063694092491286885
0739 (7).jpg,0,0.006779872174880717
0739 (8).jpg,0,0.006592209394626479
0739 (9).jpg,1,0.5393568591400245
0739.jpg,0,0.006871731989774243
0740 (10).jpg,0,0.007768337755918313
0740 (2).jpg,0,0.009262479153456068
0740 (3).jpg,1,0.6291728785655256
0740 (4).jpg,0,0.007212069862862134
0740 (5).jpg,0,0.007747997923814412
0740 (6).jpg,0,0.006201314033866103
0740 (7).jpg,0,0.00651562320489294
0740 (8).jpg,0,0.006426488752784264
0740 (9).jpg,1,0.9899700218402072
0740.jpg,0,0.007477882829456929
0741 (10).jpg,0,0.006413062871814386
0741 (2).jpg,0,0.006972461561271386
0741 (3).jpg,0,0.006293911501005103
0741 (4).jpg,0,0.006462303516334948
0741 (5).jpg,0,0.008371599290094185
0741 (6).jpg,0,0.007356004602196956
0741 (7).jpg,0,0.006381267996597085
0741 (8).jpg,0,0.008190356907695897
0741 (9).jpg,0,0.05716393462610308
0741.jpg,0,0.00879567438405538
0742 (10).jpg,0,0.006583400809911348
0742 (2).jpg,0,0.03681365961070088
0742 (3).jpg,0,0.0067494690711129915
0742 (4).jpg,0,0.006336983671199403
0742 (5).jpg,0,0.007848648338157693
0742 (6).jpg,0,0.0064848785273951695
0742 (7).jpg,0,0.010379757860088157
0742 (8).jpg,0,0.006970962141641338
0742 (9).jpg,0,0.008041367464873205
0742.jpg,0,0.008087807165097593
0743 (10).jpg,0,0.00898152405222105
0743 (2).jpg,0,0.006725314770578991
0743 (3).jpg,0,0.016706899829080413
0743 (4).jpg,0,0.006697842907469397
0743 (5).jpg,0,0.006579314988505575
0743 (6).jpg,0,0.006256156408435741
0743 (7).jpg,0,0.006728754174611947
0743 (8).jpg,0,0.12629007364420933
0743 (9).jpg,0,0.012525985301779861
0743.jpg,0,0.02753238519600262
0744 (10).jpg,0,0.006882304620908186
0744 (2).jpg,0,0.008962837606194108
0744 (3).jpg,0,0.006851396635148334
0744 (4).jpg,0,0.006867704843983578
0744 (5).jpg,0,0.006601494114663316
0744 (6).jpg,0,0.0066955674051703915
0744 (7).jpg,0,0.006275904486465493
0744 (8).jpg,0,0.00693970829187468
0744 (9).jpg,0,0.015549061267088094
0744.jpg,0,0.007380482406720413
0745 (10).jpg,0,0.006457055348279858
0745 (2).jpg,0,0.007585114220086064
0745 (3).jpg,0,0.010723720910294148
0745 (4).jpg,0,0.0063222313131132855
0745 (5).jpg,1,0.5081043878711132
0745 (6).jpg,0,0.007043707030846248
0745 (7).jpg,0,0.007096912785763214
0745 (8).jpg,0,0.016096087977763688
0745 (9).jpg,0,0.006583983408439119
0745.jpg,0,0.016397066812850337
0746 (10).jpg,0,0.006513239303827608
0746 (2).jpg,0,0.006373420741555168
0746 (3).jpg,0,0.006647640621537744
0746 (4).jpg,0,0.0067004902719648195
0746 (5).jpg,0,0.00709121123346396
0746 (6).jpg,1,0.6971956260938319
0746 (7).jpg,0,0.006814243310553467
0746 (8).jpg,0,0.008053030967687266
0746 (9).jpg,0,0.006554454459773543
0746.jpg,0,0.08326261083169628
0747 (10).jpg,0,0.006973554817513838
0747 (2).jpg,0,0.006233209002404793
0747 (3).jpg,0,0.029270631240012876
0747 (4).jpg,0,0.006997602501279911
0747 (5).jpg,0,0.006744992178503646
0747 (6).jpg,0,0.0069947639715512685
0747 (7).jpg,0,0.006303571919614441
0747 (8).jpg,0,0.28274250113542054
0747 (9).jpg,0,0.00795279027541082
0747.jpg,0,0.008747557899014368
0748 (10).jpg,0,0.00840637539990488
0748 (2).jpg,0,0.017800893811446457
0748 (3).jpg,0,0.010229638095482595
0748 (4).jpg,0,0.006453756958318624
0748 (5).jpg,0,0.09423582769445614
0748 (6).jpg,0,0.006392370353791629
0748 (7).jpg,0,0.0071241897044429315
0748 (8).jpg,0,0.006267487370827847
0748 (9).jpg,0,0.013988399729123285
0748.jpg,0,0.016524217584966628
0749 (10).jpg,0,0.0062918228468221305
0749 (2).jpg,0,0.013060848457817471
0749 (3).jpg,0,0.008081268455055093
0749 (4).jpg,0,0.006404738508586176
0749 (5).jpg,0,0.008202112903706786
0749 (6).jpg,0,0.00727862089353461
0749 (7).jpg,0,0.0066880049263867035
0749 (8).jpg,1,0.6642788853025399
0749 (9).jpg,0,0.006225068446029043
0749.jpg,0,0.00945725764812155
0750 (10).jpg,0,0.006335955040712387
0750 (2).jpg,0,0.0072181759496767655
0750 (3).jpg,0,0.006542777715714747
0750 (4).jpg,0,0.00972126959136409
0750 (5).jpg,0,0.00701113236315192
0750 (6).jpg,0,0.00637671612712712
0750 (7).jpg,0,0.006709672109381032
0750 (8).jpg,0,0.006833054335459631
0750 (9).jpg,0,0.016170363732908585
0750.jpg,0,0.007445292678926949
0751 (10).jpg,0,0.0070242644880159355
0751 (2).jpg,0,0.009031268046311441
0751 (3).jpg,0,0.008256823449934496
0751 (4).jpg,0,0.006733699515163053
0751 (5).jpg,0,0.006492131534895607
0751 (6).jpg,0,0.006773605598688608
0751 (7).jpg,0,0.008371626100591098
0751 (8).jpg,0,0.0062571648814953385
0751 (9).jpg,0,0.029486197739913348
0751.jpg,0,0.006176076683855833
0752 (10).jpg,0,0.03964415788239869
0752 (2).jpg,0,0.01271834985975042
0752 (3).jpg,0,0.006894906573299548
0752 (4).jpg,0,0.007546865190471119
0752 (5).jpg,0,0.006891365277042341
0752 (6).jpg,0,0.00628812864315275
0752 (7).jpg,0,0.006534037498294098
0752 (8).jpg,0,0.006687292827079952
0752 (9).jpg,0,0.011924735296342177
0752.jpg,0,0.006381655110024995
0753 (10).jpg,0,0.006725889005525091
0753 (2).jpg,0,0.008464198607025105
0753 (3).jpg,0,0.12605741884965097
0753 (4).jpg,0,0.007272657941432763
0753 (5).jpg,0,0.007935011838701118
0753 (6).jpg,0,0.006387615453665242
0753 (7).jpg,0,0.007046488273399909
0753 (8).jpg,0,0.015014098363939484
0753 (9).jpg,0,0.008325302592217844
0753.jpg,0,0.006533175457220363
0754 (10).jpg,0,0.010035519466602017
0754 (2).jpg,0,0.006427358823073811
0754 (3).jpg,0,0.007204644202976219
0754 (4).jpg,0,0.0067743445103714515
0754 (5).jpg,0,0.007347530035615493
0754 (6).jpg,0,0.007168937740364488
0754 (7).jpg,0,0.00617075168501932
0754 (8).jpg,0,0.033045256935133896
0754 (9).jpg,0,0.008081021742675613
0754.jpg,0,0.008131869464673801
0755 (10).jpg,0,0.009965328846731963
0755 (2).jpg,0,0.008910501659242316
0755 (3).jpg,0,0.034685856798260944
0755 (4).jpg,0,0.007671162684419993
0755 (5).jpg,0,0.006540289362869527
0755 (6).jpg,0,0.01042225611192144
0755 (7).jpg,0,0.006207342844328827
0755 (8).jpg,0,0.006376461906104006
0755 (9).jpg,0,0.00739933020118598
0755.jpg,0,0.007413932162783579
0756 (10).jpg,1,0.4646386830125706
0756 (2).jpg,0,0.2244461706374571
0756 (3).jpg,1,0.9652240773503785
0756 (4).jpg,0,0.006259363651128307
0756 (5).jpg,0,0.006654205214758629
0756 (6).jpg,0,0.006540485264983674
0756 (7).jpg,0,0.008173548562218929
0756 (8).jpg,0,0.01516191354077289
0756 (9).jpg,0,0.012041055053285803
0756.jpg,0,0.09790261708825808
0757 (10).jpg,0,0.0067959493599505675
0757 (2).jpg,0,0.006983377656918529
0757 (3).jpg,0,0.006469609524448133
0757 (4).jpg,0,0.0431557143357925
0757 (5).jpg,0,0.006456692990563695
0757 (6).jpg,0,0.006208364520975287
0757 (7).jpg,0,0.006308506090127359
0757 (8).jpg,0,0.00636456604070049
0757 (9).jpg,0,0.008258963447354576
0757.jpg,0,0.0555719256867713
0758 (10).jpg,0,0.006403214613725486
0758 (2).jpg,0,0.007342601741059528
0758 (3).jpg,0,0.00665200215360229
0758 (4).jpg,0,0.0062460985171973555
0758 (5).jpg,0,0.006430312461716314
0758 (6).jpg,0,0.014549267698287823
0758 (7).jpg,0,0.00621673115476593
0758 (8).jpg,0,0.008672143220071973
0758 (9).jpg,0,0.007054719408945701
0758.jpg,0,0.006504931146174563
0759 (10).jpg,0,0.006951533166432531
0759 (2).jpg,0,0.006428101448497704
0759 (3).jpg,0,0.027900513956764548
0759 (4).jpg,0,0.0064427419834758295
0759 (5).jpg,0,0.006850937868110183
0759 (6).jpg,0,0.007013940183716909
0759 (7).jpg,0,0.006277917005154648
0759 (8).jpg,0,0.007169270771024879
0759 (9).jpg,0,0.006696040401984689
0759.jpg,0,0.008128402307127677
0760 (10).jpg,0,0.0071729164110439945
0760 (2).jpg,0,0.009884799884108347
0760 (3).jpg,0,0.0065931711570089155
0760 (4).jpg,0,0.006290412758844117
0760 (5).jpg,0,0.006468836584011011
0760 (6).jpg,0,0.006990768147398217
0760 (7).jpg,0,0.007747192739009953
0760 (8).jpg,1,0.9241140628127293
0760 (9).jpg,0,0.012809281089358563
0760.jpg,0,0.008161038006673177
0761 (10).jpg,0,0.007840418373543856
0761 (2).jpg,0,0.007408257122000856
0761 (3).jpg,0,0.00957697301246544
0761 (4).jpg,0,0.006419526988106408
0761 (5).jpg,0,0.010422488097969217
0761 (6).jpg,0,0.006622719315159652
0761 (7).jpg,0,0.0065258237611169065
0761 (8).jpg,0,0.006290434141636721
0761 (9).jpg,0,0.007550443912706769
0761.jpg,0,0.007221979648169418
0762 (10).jpg,0,0.010129769242176508
0762 (2).jpg,0,0.006817734239688448
0762 (3).jpg,0,0.006303839287852394
0762 (4).jpg,0,0.006411756887825971
0762 (5).jpg,0,0.016113415106391298
0762 (6).jpg,0,0.006290422009113982
0762 (7).jpg,0,0.006202927062686652
0762 (8).jpg,0,0.006783076471866279
0762 (9).jpg,0,0.006732603661729224
0762.jpg,0,0.00782517157533526
0763 (10).jpg,0,0.006457157610127551
0763 (2).jpg,0,0.006177372666907728
0763 (3).jpg,1,0.8909012537477776
0763 (4).jpg,0,0.006204176002878364
0763 (5).jpg,0,0.00841488372367262
0763 (6).jpg,0,0.006188253106937966
0763 (7).jpg,0,0.0063250817965048054
0763 (8).jpg,0,0.014343379390388173
0763 (9).jpg,0,0.009369202853585069
0763.jpg,0,0.007643681144915471
0764 (10).jpg,0,0.006209064502633307
0764 (2).jpg,0,0.006623098387152541
0764 (3).jpg,0,0.006646426652197936
0764 (4).jpg,0,0.006262111937563472
0764 (5).jpg,0,0.006284551351371044
0764 (6).jpg,0,0.00620721862028161
0764 (7).jpg,0,0.006698475293836842
0764 (8).jpg,0,0.010550977214849752
0764 (9).jpg,0,0.16997988466287417
0764.jpg,0,0.0075732414805737246
0765 (10).jpg,0,0.17866264799327766
0765 (2).jpg,0,0.012529272724201276
0765 (3).jpg,0,0.015581495014969728
0765 (4).jpg,0,0.009078591644866406
0765 (5).jpg,0,0.009401617812557021
0765 (6).jpg,0,0.006428190590527083
0765 (7).jpg,0,0.006508325148000805
0765 (8).jpg,0,0.006368472122400386
0765 (9).jpg,1,0.9612899802465592
0765.jpg,0,0.010632582584849932
0766 (10).jpg,0,0.006330267129572066
0766 (2).jpg,0,0.008823623938843365
0766 (3).jpg,0,0.00717495508550898
0766 (4).jpg,0,0.006166633429964384
0766 (5).jpg,0,0.006420338861804302
0766 (6).jpg,0,0.006779097146312257
0766 (7).jpg,0,0.006346369023408034
0766 (8).jpg,0,0.006340740118550057
0766 (9).jpg,0,0.13075490463705647
0766.jpg,0,0.006735124882627062
0767 (10).jpg,0,0.009629928053224521
0767 (2).jpg,0,0.007919471036687333
0767 (3).jpg,0,0.007115628258902834
0767 (4).jpg,0,0.006200837303483049
0767 (5).jpg,0,0.0100508163323199
0767 (6).jpg,0,0.0064759378892493
0767 (7).jpg,0,0.006213767064193993
0767 (8).jpg,0,0.006748211122567465
0767 (9).jpg,0,0.007132510660985499
0767.jpg,0,0.009296361975069186
0768 (10).jpg,0,0.12738224597004286
0768 (2).jpg,0,0.006417404941395311
0768 (3).jpg,0,0.011937169466837061
0768 (4).jpg,0,0.006816528072393753
0768 (5).jpg,0,0.006882724563794714
0768 (6).jpg,0,0.010567980868832844
0768 (7).jpg,0,0.006248388006190565
0768 (8).jpg,0,0.006597906802141021
0768 (9).jpg,0,0.007163268796334279
0768.jpg,0,0.00901199146383393
0769 (10).jpg,0,0.00780711498986683
0769 (2).jpg,0,0.006511252062829494
0769 (3).jpg,0,0.007536349928227566
0769 (4).jpg,0,0.006453162539337994
0769 (5).jpg,0,0.007810902383746774
0769 (6).jpg,0,0.0072001910942023324
0769 (7).jpg,0,0.006964958168368255
0769 (8).jpg,0,0.00861327543527859
0769 (9).jpg,0,0.007941353424876625
0769.jpg,0,0.006371887069307982
0770 (10).jpg,0,0.03745120871485953
0770 (2).jpg,0,0.006927757869213377
0770 (3).jpg,0,0.0065953040861463485
0770 (4).jpg,0,0.006590111282426588
0770 (5).jpg,0,0.008549024822286597
0770 (6).jpg,0,0.006765014173649969
0770 (7).jpg,0,0.00832668680376641
0770 (8).jpg,0,0.006773613780763184
0770 (9).jpg,0,0.02648649189890722
0770.jpg,0,0.04313984747809808
0771 (10).jpg,0,0.00821560191168762
0771 (2).jpg,0,0.009262128693565085
0771 (3).jpg,0,0.006911878022545926
0771 (4).jpg,0,0.006477463453190609
0771 (5).jpg,0,0.0068485489801027
0771 (6).jpg,0,0.006593891407930214
0771 (7).jpg,0,0.006433890965434547
0771 (8).jpg,0,0.007707682861251881
0771 (9).jpg,0,0.008458481754543782
0771.jpg,0,0.008612708758551546
0772 (10).jpg,0,0.006329614446828791
0772 (2).jpg,0,0.008626866286269066
0772 (3).jpg,0,0.029374077941096886
0772 (4).jpg,0,0.008462932018231869
0772 (5).jpg,0,0.007949339099678552
0772 (6).jpg,0,0.006761619649939639
0772 (7).jpg,0,0.006195248246033827
0772 (8).jpg,0,0.007107236691726801
0772 (9).jpg,0,0.008673143361099244
0772.jpg,1,0.8499816247678736
0773 (10).jpg,0,0.0071586490506093305
0773 (2).jpg,0,0.039502470089223536
0773 (3).jpg,0,0.006201049670966557
0773 (4).jpg,0,0.008827362254229195
0773 (5).jpg,0,0.008223621761209499
0773 (6).jpg,0,0.006332272574537287
0773 (7).jpg,0,0.006541800451782273
0773 (8).jpg,0,0.019850328445094538
0773 (9).jpg,0,0.008495409610279355
0773.jpg,1,0.50849345536484
0774 (10).jpg,0,0.006295472781520055
0774 (2).jpg,0,0.0193270497706765
0774 (3).jpg,0,0.006244004583584189
0774 (4).jpg,0,0.006364922933152557
0774 (5).jpg,0,0.007353848939252274
0774 (6).jpg,0,0.006944921696511703
0774 (7).jpg,0,0.007706008105888058
0774 (8).jpg,0,0.04591956388311561
0774 (9).jpg,0,0.008349309814668979
0774.jpg,0,0.052365830915256206
0775 (10).jpg,0,0.009846844640987467
0775 (2).jpg,0,0.007098203426798512
0775 (3).jpg,0,0.007402913143067031
0775 (4).jpg,0,0.006890406670877233
0775 (5).jpg,0,0.007496764979676201
0775 (6).jpg,0,0.007426773165559449
0775 (7).jpg,0,0.007240841278606401
0775 (8).jpg,0,0.0063022702665519
0775 (9).jpg,0,0.0073581866214047454
0775.jpg,0,0.008195421687761358
0776 (10).jpg,0,0.006449031378627418
0776 (2).jpg,0,0.006816678020498392
0776 (3).jpg,0,0.007070663388354377
0776 (4).jpg,0,0.006174839320924367
0776 (5).jpg,0,0.006439777267736752
0776 (6).jpg,0,0.017997380384158514
0776 (7).jpg,0,0.006267027203185694
0776 (8).jpg,0,0.009722344900995175
0776 (9).jpg,0,0.007704270561133085
0776.jpg,0,0.006872760928892662
0777 (10).jpg,0,0.04048787146950349
0777 (2).jpg,0,0.007565619188841006
0777 (3).jpg,0,0.006744346459352627
0777 (4).jpg,0,0.04114213739087447
0777 (5).jpg,0,0.006492703535265213
0777 (6).jpg,0,0.007891470956247093
0777 (7).jpg,0,0.00638140035478015
0777 (8).jpg,0,0.006684782284596376
0777 (9).jpg,0,0.01838042798896721
0777.jpg,0,0.007499522582069407
0778 (10).jpg,0,0.006789548760869598
0778 (2).jpg,0,0.006661682537846268
0778 (3).jpg,0,0.008507043003213277
0778 (4).jpg,0,0.006555047067875114
0778 (5).jpg,0,0.007131565613875377
0778 (6).jpg,0,0.0062745963402986585
0778 (7).jpg,0,0.006490065661573448
0778 (8).jpg,0,0.007134891820337451
0778 (9).jpg,0,0.007783737552553897
0778.jpg,0,0.09138529724595193
0779 (10).jpg,0,0.008750647021710281
0779 (2).jpg,0,0.09341366570386624
0779 (3).jpg,0,0.009178441911783412
0779 (4).jpg,0,0.007227380841367819
0779 (5).jpg,0,0.021564669676414194
0779 (6).jpg,0,0.006643867017104622
0779 (7).jpg,0,0.008935753497243192
0779 (8).jpg,0,0.006862826334958549
0779 (9).jpg,0,0.006526834403879245
0779.jpg,0,0.007059336401367636
0780 (10).jpg,0,0.006837987601361385
0780 (2).jpg,0,0.006897858176457397
0780 (3).jpg,0,0.03752575248793477
0780 (4).jpg,0,0.006329445203605618
0780 (5).jpg,0,0.01237750849842667
0780 (6).jpg,0,0.006185607695755618
0780 (7).jpg,0,0.008677106310318414
0780 (8).jpg,0,0.007356296658957724
0780 (9).jpg,0,0.008837174794426129
0780.jpg,0,0.008318030638218154
0781 (10).jpg,0,0.13624516842610793
0781 (2).jpg,0,0.006282864211433675
0781 (3).jpg,0,0.00858820384037335
0781 (4).jpg,0,0.007195385643816645
0781 (5).jpg,0,0.006984192630956998
0781 (6).jpg,0,0.006368681612193716
0781 (7).jpg,0,0.006153287086414936
0781 (8).jpg,0,0.006198554785353756
0781 (9).jpg,0,0.006297691843951551
0781.jpg,0,0.007028637464454974
0782 (10).jpg,1,0.7896543902084708
0782 (2).jpg,0,0.007919063356311049
0782 (3).jpg,0,0.011992002040814633
0782 (4).jpg,0,0.007082479465384435
0782 (5).jpg,0,0.00712694317151164
0782 (6).jpg,0,0.006356186249312725
0782 (7).jpg,0,0.006203973025092081
0782 (8).jpg,0,0.01605025171009238
0782 (9).jpg,0,0.008628634113909498
0782.jpg,0,0.006815599126434806
0783 (10).jpg,0,0.010382512813455888
0783 (2).jpg,0,0.019811284398031846
0783 (3).jpg,0,0.0064205243212527375
0783 (4).jpg,0,0.006955161348921562
0783 (5).jpg,0,0.0064291944139248285
0783 (6).jpg,0,0.006567077332077956
0783 (7).jpg,0,0.008440586288170172
0783 (8).jpg,0,0.0069554671955107195
0783 (9).jpg,0,0.010308248773726263
0783.jpg,0,0.02376705505320699
0784 (10).jpg,0,0.0067976413651116025
0784 (2).jpg,0,0.010940928463255926
0784 (3).jpg,0,0.007552573758339189
0784 (4).jpg,0,0.00866052965468682
0784 (5).jpg,0,0.0062856439966463085
0784 (6).jpg,0,0.006290884712665643
0784 (7).jpg,0,0.006167351368967892
0784 (8).jpg,0,0.0064310421418116385
0784 (9).jpg,0,0.006529011336733578
0784.jpg,0,0.008567983413362967
0785 (10).jpg,0,0.006184725028440744
0785 (2).jpg,0,0.007538055692978344
0785 (3).jpg,0,0.00712653220994326
0785 (4).jpg,0,0.006669330859888807
0785 (5).jpg,0,0.0066502469341441555
0785 (6).jpg,0,0.006683146819328241
0785 (7).jpg,0,0.032940105939625
0785 (8).jpg,0,0.0070051484530337235
0785 (9).jpg,0,0.006927498835304685
0785.jpg,0,0.00739030870474121
0786 (10).jpg,0,0.0063923490020932035
0786 (2).jpg,0,0.006331334183450404
0786 (3).jpg,0,0.006238645462445991
0786 (4).jpg,0,0.006175998767096902
0786 (5).jpg,0,0.00695878523188807
0786 (6).jpg,0,0.006391273489506577
0786 (7).jpg,0,0.0066418092954323394
0786 (8).jpg,0,0.04382168289471452
0786 (9).jpg,0,0.006777287414690456
0786.jpg,0,0.00829870319673055
0787 (10).jpg,0,0.007593969608316201
0787 (2).jpg,0,0.008133578998329958
0787 (3).jpg,0,0.1325403525146606
0787 (4).jpg,0,0.006345210219240341
0787 (5).jpg,0,0.008091810605090193
0787 (6).jpg,0,0.006430527886825279
0787 (7).jpg,0,0.008798558183060669
0787 (8).jpg,0,0.007143440731446322
0787 (9).jpg,0,0.008993070481650043
0787.jpg,0,0.0062711825929136645
0788 (10).jpg,0,0.006843005465071504
0788 (2).jpg,0,0.006943677254063375
0788 (3).jpg,0,0.1589093163745117
0788 (4).jpg,0,0.007739009780979278
0788 (5).jpg,0,0.0062415763935550995
0788 (6).jpg,0,0.008931206620373128
0788 (7).jpg,0,0.007150441315414361
0788 (8).jpg,0,0.0062265697701763675
0788 (9).jpg,0,0.007301122278133532
0788.jpg,0,0.006322143857806994
0789 (10).jpg,0,0.00860769175330902
0789 (2).jpg,0,0.012591768594447925
0789 (3).jpg,0,0.09140763820094117
0789 (4).jpg,0,0.006313336310688926
0789 (5).jpg,0,0.008081831611152777
0789 (6).jpg,0,0.00648738366518706
0789 (7).jpg,0,0.007731426846624705
0789 (8).jpg,0,0.006173414459245744
0789 (9).jpg,0,0.006466904748645144
0789.jpg,0,0.010298431753296528
0790 (10).jpg,0,0.007301779293145085
0790 (2).jpg,0,0.00842430005909765
0790 (3).jpg,0,0.017615138739938196
0790 (4).jpg,0,0.008486227231399777
0790 (5).jpg,0,0.014047513604485848
0790 (6).jpg,1,0.7573737522905876
0790 (7).jpg,0,0.0076248566707353945
0790 (8).jpg,0,0.010129765076273802
0790 (9).jpg,0,0.0113077004494113
0790.jpg,0,0.00960655402119102
0791 (10).jpg,0,0.006631534262524528
0791 (2).jpg,0,0.007647434171859907
0791 (3).jpg,0,0.008555832318117776
0791 (4).jpg,0,0.006331841330067558
0791 (5).jpg,0,0.006715648347188003
0791 (6).jpg,0,0.0061540341148711205
0791 (7).jpg,0,0.006845051815937798
0791 (8).jpg,0,0.006334950610188755
0791 (9).jpg,0,0.012345612993425266
0791.jpg,0,0.020457315333892116
0792 (10).jpg,0,0.009375663772027715
0792 (2).jpg,0,0.006309286863855915
0792 (3).jpg,0,0.006552113828971817
0792 (4).jpg,0,0.006301729420897616
0792 (5).jpg,0,0.006765206101523872
0792 (6).jpg,0,0.006538112476659676
0792 (7).jpg,1,0.8621635586899368
0792 (8).jpg,0,0.00652774758357716
0792 (9).jpg,0,0.06207769089504533
0792.jpg,0,0.01083098188917291
0793 (10).jpg,0,0.006428814042057481
0793 (2).jpg,0,0.008551914897705896
0793 (3).jpg,0,0.006698002899310553
0793 (4).jpg,0,0.006543536465535541
0793 (5).jpg,0,0.009206488055827189
0793 (6).jpg,0,0.007312329810301539
0793 (7).jpg,0,0.009589473703561833
0793 (8).jpg,0,0.007823119571281862
0793 (9).jpg,0,0.009672195272812448
0793.jpg,0,0.02198208553790479
0794 (10).jpg,0,0.006307192243563502
0794 (2).jpg,0,0.007996768182311164
0794 (3).jpg,1,0.9898960327782699
0794 (4).jpg,0,0.006962362844163246
0794 (5).jpg,0,0.006594877179371915
0794 (6).jpg,0,0.006740405086235597
0794 (7).jpg,0,0.007578117004771534
0794 (8).jpg,0,0.012086619288491205
0794 (9).jpg,0,0.00786683735418696
0794.jpg,0,0.011670102964377106
0795 (10).jpg,0,0.0077486295555338446
0795 (2).jpg,0,0.007876122402946628
0795 (3).jpg,0,0.006865082900088061
0795 (4).jpg,0,0.02044740448425114
0795 (5).jpg,0,0.0062468153431098055
0795 (6).jpg,0,0.007430691429558055
0795 (7).jpg,0,0.006578226417079176
0795 (8).jpg,0,0.007303866481992684
0795 (9).jpg,0,0.007082392360135705
0795.jpg,0,0.011668689778251898
0796 (10).jpg,0,0.006597581454788234
0796 (2).jpg,0,0.006465516363095037
0796 (3).jpg,0,0.006459730303073242
0796 (4).jpg,0,0.011286515962597379
0796 (5).jpg,0,0.00660202066326874
0796 (6).jpg,0,0.006195071029830575
0796 (7).jpg,0,0.007868314601761914
0796 (8).jpg,0,0.0073477512745613455
0796 (9).jpg,0,0.008473012072554425
0796.jpg,0,0.0075489134958496695
0797 (10).jpg,0,0.006185512487677292
0797 (2).jpg,0,0.006709792699859252
0797 (3).jpg,0,0.006251521904504369
0797 (4).jpg,0,0.006588696555357188
0797 (5).jpg,0,0.009347982462956789
0797 (6).jpg,0,0.00617627572849916
0797 (7).jpg,0,0.007217788750158024
0797 (8).jpg,0,0.010359242828536707
0797 (9).jpg,0,0.008270277008631432
0797.jpg,0,0.07898251666184328
0798 (10).jpg,0,0.006936965579738266
0798 (2).jpg,0,0.00633048851532527
0798 (3).jpg,0,0.0374904504152838
0798 (4).jpg,0,0.006153318211315851
0798 (5).jpg,0,0.006411487798950928
0798 (6).jpg,0,0.008505412569882489
0798 (7).jpg,0,0.006665513135578259
0798 (8).jpg,0,0.008786780021636303
0798 (9).jpg,0,0.049976371024195276
0798.jpg,0,0.012631030110441619
0799 (10).jpg,0,0.014169116321362014
0799 (2).jpg,0,0.011191247632764464
0799 (3).jpg,0,0.007815040219014758
0799 (4).jpg,0,0.006491090069828556
0799 (5).jpg,0,0.014110702316635993
0799 (6).jpg,0,0.0062863114284087505
0799 (7).jpg,0,0.006640960493920882
0799 (8).jpg,0,0.007358295931228766
0799 (9).jpg,0,0.006386621125347664
0799.jpg,0,0.007749833168804154
0800 (10).jpg,0,0.006256534375355666
0800 (2).jpg,0,0.009277872070663447
0800 (3).jpg,0,0.0083583749209968
0800 (4).jpg,0,0.006149273904709009
0800 (5).jpg,0,0.007651190155359065
0800 (6).jpg,0,0.0061904616731226735
0800 (7).jpg,0,0.10045687889532122
0800 (8).jpg,0,0.007386394452353422
0800 (9).jpg,0,0.007532510260538567
0800.jpg,0,0.009818778420518013
0801 (10).jpg,0,0.006246379752314637
0801 (2).jpg,1,0.9888561454700119
0801 (3).jpg,0,0.006798999864225903
0801 (4).jpg,0,0.006415713948656764
0801 (5).jpg,0,0.008122076805132146
0801 (6).jpg,0,0.008031785662679189
0801 (7).jpg,0,0.00788856929542418
0801 (8).jpg,0,0.007694759964033466
0801 (9).jpg,0,0.008941600767148719
0801.jpg,1,0.9194252675124728
0802 (10).jpg,0,0.007336011078799529
0802 (2).jpg,0,0.006806851300065765
0802 (3).jpg,0,0.006382779547671852
0802 (4).jpg,0,0.006224420980638877
0802 (5).jpg,0,0.006397157699070249
0802 (6).jpg,0,0.008795779307811639
0802 (7).jpg,0,0.00616233321244104
0802 (8).jpg,0,0.006358005075115323
0802 (9).jpg,0,0.007167823359655078
0802.jpg,0,0.006581334113645651
0803 (10).jpg,0,0.012757989892989156
0803 (2).jpg,0,0.006684311587268867
0803 (3).jpg,0,0.007419397583912613
0803 (4).jpg,0,0.006160168339128943
0803 (5).jpg,0,0.009203385272806529
0803 (6).jpg,0,0.006182514695036172
0803 (7).jpg,0,0.006241835518334399
0803 (8).jpg,0,0.006224905677232156
0803 (9).jpg,0,0.006331934036223545
0803.jpg,0,0.039663692082334084
0804 (10).jpg,0,0.008955572053332455
0804 (2).jpg,0,0.006323777596770498
0804 (3).jpg,0,0.006699932282090911
0804 (4).jpg,0,0.006729845679885737
0804 (5).jpg,0,0.006796155629670248
0804 (6).jpg,0,0.007617169058237371
0804 (7).jpg,0,0.006278752849445905
0804 (8).jpg,0,0.026746014249218884
0804 (9).jpg,0,0.0101765704135319
0804.jpg,0,0.0063152592487944114
0805 (10).jpg,0,0.006785641620556203
0805 (2).jpg,0,0.006689348919348056
0805 (3).jpg,0,0.006991997958590513
0805 (4).jpg,0,0.0071270616535911374
0805 (5).jpg,0,0.02862155067783552
0805 (6).jpg,0,0.006824237132805128
0805 (7).jpg,0,0.0064966713960984334
0805 (8).jpg,0,0.00807344629177007
0805 (9).jpg,0,0.006710765758085083
0805.jpg,0,0.006814026284412994
0806 (10).jpg,0,0.009110465582436812
0806 (2).jpg,0,0.006423589310700279
0806 (3).jpg,0,0.006734060835996663
0806 (4).jpg,0,0.006199253755971099
0806 (5).jpg,0,0.02360613734645904
0806 (6).jpg,0,0.0064182149701851
0806 (7).jpg,0,0.00650768900984848
0806 (8).jpg,0,0.006299767063645419
0806 (9).jpg,0,0.01820801681000803
0806.jpg,0,0.12964577284167003
0807 (10).jpg,0,0.008107603720937172
0807 (2).jpg,0,0.008414373491955899
0807 (3).jpg,0,0.008221824487202673
0807 (4).jpg,0,0.006917438861375994
0807 (5).jpg,0,0.017604922127116764
0807 (6).jpg,0,0.006303551558178745
0807 (7).jpg,0,0.0063220582136177
0807 (8).jpg,0,0.006845993148375056
0807 (9).jpg,0,0.008123071345213576
0807.jpg,0,0.008756169174771934
0808 (10).jpg,0,0.017455536688185773
0808 (2).jpg,0,0.011753170770984511
0808 (3).jpg,0,0.006420386462417876
0808 (4).jpg,0,0.006234016050816915
0808 (5).jpg,0,0.006727195034162114
0808 (6).jpg,0,0.006276848754490378
0808 (7).jpg,0,0.007259475227125895
0808 (8).jpg,0,0.007255233931604882
0808 (9).jpg,0,0.00627935409509665
0808.jpg,0,0.03740193010418796
0809 (10).jpg,0,0.007768552296850339
0809 (2).jpg,0,0.008060523752808016
0809 (3).jpg,1,0.9139082328584412
0809 (4).jpg,0,0.0064081705761091365
0809 (5).jpg,0,0.00885274369967446
0809 (6).jpg,0,0.006402569216319641
0809 (7).jpg,0,0.006432629150136512
0809 (8).jpg,0,0.008943569243105208
0809 (9).jpg,0,0.007786953502751825
0809.jpg,0,0.007050999983212289
0810 (10).jpg,0,0.007972055826511091
0810 (2).jpg,0,0.010874633042915671
0810 (3).jpg,0,0.009119642858599349
0810 (4).jpg,0,0.008249387177693267
0810 (5).jpg,0,0.17159403191101688
0810 (6).jpg,0,0.007615702918502879
0810 (7).jpg,0,0.00802454832636409
0810 (8).jpg,0,0.006891205074439114
0810 (9).jpg,0,0.007668243799554845
0810.jpg,0,0.0064375621156418745
0811 (10).jpg,0,0.0066816401475565
0811 (2).jpg,0,0.006718198626539645
0811 (3).jpg,0,0.007354867630759771
0811 (4).jpg,0,0.0064675102986017545
0811 (5).jpg,0,0.008144869313715011
0811 (6).jpg,0,0.006360259736245762
0811 (7).jpg,0,0.006200991500296696
0811 (8).jpg,0,0.006209390527217978
0811 (9).jpg,0,0.006469557101788639
0811.jpg,0,0.008192927431387845
0812 (10).jpg,0,0.0068191505982279285
0812 (2).jpg,0,0.018149550928759167
0812 (3).jpg,0,0.007538070204475222
0812 (4).jpg,0,0.006545854804844397
0812 (5).jpg,0,0.006767954454298331
0812 (6).jpg,0,0.01877248717094836
0812 (7).jpg,0,0.007193197030637659
0812 (8).jpg,0,0.11056977489498962
0812 (9).jpg,0,0.009178010911785897
0812.jpg,0,0.015709715269368506
0813 (10).jpg,0,0.007294438162715453
0813 (2).jpg,0,0.016463526330765685
0813 (3).jpg,0,0.008490351665417301
0813 (4).jpg,0,0.006519742428541202
0813 (5).jpg,0,0.007359197947313032
0813 (6).jpg,0,0.00965704798721806
0813 (7).jpg,0,0.006436403844494756
0813 (8).jpg,0,0.007195171213264978
0813 (9).jpg,0,0.00790536237402
0813.jpg,0,0.05032444088665289
0814 (10).jpg,0,0.007242265250960629
0814 (2).jpg,0,0.006902280698687641
0814 (3).jpg,0,0.0068078733329539325
0814 (4).jpg,0,0.0061640377059402375
0814 (5).jpg,0,0.006355195140219454
0814 (6).jpg,0,0.006549296435008951
0814 (7).jpg,0,0.006254496207319295
0814 (8).jpg,0,0.00654905732207193
0814 (9).jpg,0,0.007712363819958182
0814.jpg,0,0.007684330406464128
0815 (10).jpg,0,0.01215559627589346
0815 (2).jpg,0,0.006815163251102798
0815 (3).jpg,0,0.00615866265618087
0815 (4).jpg,0,0.006305801783981256
0815 (5).jpg,0,0.007983412818297276
0815 (6).jpg,0,0.006193437354058085
0815 (7).jpg,0,0.007289553148281475
0815 (8).jpg,0,0.00639947784890333
0815 (9).jpg,0,0.006548767598178284
0815.jpg,0,0.007427065012744369
0816 (10).jpg,0,0.006454281681982068
0816 (2).jpg,0,0.010209941215695567
0816 (3).jpg,0,0.006907992188186756
0816 (4).jpg,0,0.009862369212497436
0816 (5).jpg,0,0.0073819862284059306
0816 (6).jpg,0,0.00635033928880324
0816 (7).jpg,0,0.006615841635105875
0816 (8).jpg,0,0.00673456480205156
0816 (9).jpg,0,0.007754548794202119
0816.jpg,0,0.0071390736777160796
0817 (10).jpg,0,0.010998281494242933
0817 (2).jpg,1,0.784648870677864
0817 (3).jpg,0,0.010139188292816965
0817 (4).jpg,0,0.0065263279957379905
0817 (5).jpg,0,0.017509524424564615
0817 (6).jpg,0,0.007300399926271311
0817 (7).jpg,0,0.007061135808204734
0817 (8).jpg,0,0.006805390669191505
0817 (9).jpg,0,0.021022772156324428
0817.jpg,0,0.01610165833743023
0818 (10).jpg,0,0.008279602768365603
0818 (2).jpg,0,0.007266052128005904
0818 (3).jpg,0,0.007450116001029418
0818 (4).jpg,0,0.0061648933690174506
0818 (5).jpg,0,0.008390458417987188
0818 (6).jpg,0,0.006640285267193909
0818 (7).jpg,0,0.007393423500388473
0818 (8).jpg,0,0.0062637806002253035
0818 (9).jpg,0,0.008128839196890848
0818.jpg,0,0.0075024561001556635
0819 (10).jpg,0,0.008984992953350613
0819 (2).jpg,0,0.007444081424978641
0819 (3).jpg,0,0.009270481068447087
0819 (4).jpg,0,0.006714689524514715
0819 (5).jpg,0,0.010807970505940295
0819 (6).jpg,0,0.008566221338504747
0819 (7).jpg,0,0.006523109945227956
0819 (8).jpg,0,0.007217287896090879
0819 (9).jpg,0,0.0067511780663016075
0819.jpg,0,0.14792419793935319
0820 (10).jpg,0,0.007709925808899422
0820 (2).jpg,1,0.43696594111741743
0820 (3).jpg,0,0.00832551291239787
0820 (4).jpg,0,0.006410511643790196
0820 (5).jpg,0,0.008661604409745774
0820 (6).jpg,0,0.008193221212290318
0820 (7).jpg,0,0.006391084089377658
0820 (8).jpg,0,0.04192719183612045
0820 (9).jpg,0,0.012108370310411648
0820.jpg,0,0.007977005275197444
0821 (10).jpg,0,0.006345157793393385
0821 (2).jpg,0,0.00965475152680184
0821 (3).jpg,0,0.009220634625179252
0821 (4).jpg,0,0.03148787758967828
0821 (5).jpg,0,0.006563531490805405
0821 (6).jpg,0,0.0071112753229346385
0821 (7).jpg,0,0.01084878969661579
0821 (8).jpg,0,0.008219828851140719
0821 (9).jpg,0,0.01308389590978543
0821.jpg,0,0.01983971768142795
0822 (10).jpg,0,0.00674474963334024
0822 (2).jpg,0,0.00623534521076701
0822 (3).jpg,0,0.03040480603773042
0822 (4).jpg,1,0.9640223086050284
0822 (5).jpg,0,0.008191806309832421
0822 (6).jpg,0,0.0062174488152677895
0822 (7).jpg,0,0.00868166367902703
0822 (8).jpg,0,0.010483542470268595
0822 (9).jpg,0,0.027009003510208913
0822.jpg,0,0.006595130585166302
0823 (10).jpg,0,0.020919265109864207
0823 (2).jpg,0,0.01034922655360252
0823 (3).jpg,0,0.008426736691189877
0823 (4).jpg,0,0.006220254837720444
0823 (5).jpg,0,0.006518297039969778
0823 (6).jpg,0,0.008525716877971946
0823 (7).jpg,0,0.01898672534055854
0823 (8).jpg,0,0.006359711754228632
0823 (9).jpg,0,0.011166571584769337
0823.jpg,1,0.7158488300873427
0824 (10).jpg,0,0.006267093216048259
0824 (2).jpg,1,0.7926556779435195
0824 (3).jpg,0,0.006405508484108528
0824 (4).jpg,0,0.006729754374906167
0824 (5).jpg,0,0.00848821421212941
0824 (6).jpg,0,0.0063179015266325925
0824 (7).jpg,0,0.006270527312048813
0824 (8).jpg,0,0.006315273594875209
0824 (9).jpg,0,0.008167768792569577
0824.jpg,0,0.026092896118816364
0825 (10).jpg,0,0.0076604915640435195
0825 (2).jpg,0,0.006297933883837062
0825 (3).jpg,0,0.006717548999154988
0825 (4).jpg,0,0.00644612241708839
0825 (5).jpg,0,0.0300054581810702
0825 (6).jpg,0,0.006384926577476245
0825 (7).jpg,0,0.007717315639051477
0825 (8).jpg,0,0.03975360538469818
0825 (9).jpg,0,0.006616691742891605
0825.jpg,1,0.9140346943909945
0826 (10).jpg,0,0.007791266959399236
0826 (2).jpg,0,0.006786807978821122
0826 (3).jpg,0,0.008722752298066154
0826 (4).jpg,0,0.0064442876069097125
0826 (5).jpg,0,0.006453255807907362
0826 (6).jpg,0,0.0063676300981535825
0826 (7).jpg,0,0.007180807876916353
0826 (8).jpg,0,0.006937156468529405
0826 (9).jpg,0,0.027631578523239064
0826.jpg,0,0.006210301683606824
0827 (10).jpg,0,0.009138872359365481
0827 (2).jpg,0,0.008533781102616963
0827 (3).jpg,0,0.006327924516661052
0827 (4).jpg,0,0.0066363132870895574
0827 (5).jpg,0,0.006629986457030987
0827 (6).jpg,0,0.0337768771740607
0827 (7).jpg,0,0.007192539213300534
0827 (8).jpg,0,0.008342550162609286
0827 (9).jpg,0,0.009522105863421088
0827.jpg,0,0.007000828946004125
0828 (10).jpg,0,0.007222131481155342
0828 (2).jpg,1,0.6495804700335792
0828 (3).jpg,0,0.007128616334311892
0828 (4).jpg,0,0.014335199351381838
0828 (5).jpg,0,0.007488588130092845
0828 (6).jpg,0,0.006212528771964461
0828 (7).jpg,0,0.015891534304147484
0828 (8).jpg,0,0.012026438004478671
0828 (9).jpg,0,0.021068923859390964
0828.jpg,0,0.007875778481954691
0829 (10).jpg,0,0.42460155416920153
0829 (2).jpg,0,0.006486658046830766
0829 (3).jpg,0,0.00637453039980432
0829 (4).jpg,0,0.008694275598674988
0829 (5).jpg,0,0.007534877959988855
0829 (6).jpg,0,0.012735632274193736
0829 (7).jpg,0,0.0070330099262699
0829 (8).jpg,0,0.006364409116544209
0829 (9).jpg,0,0.008839246295468409
0829.jpg,0,0.006914146054123023
0830 (10).jpg,0,0.007582104477895767
0830 (2).jpg,0,0.006466854250411227
0830 (3).jpg,0,0.008166347514267952
0830 (4).jpg,0,0.0063012200632059714
0830 (5).jpg,0,0.008805935468630718
0830 (6).jpg,0,0.0063295413433651325
0830 (7).jpg,0,0.006225561834841387
0830 (8).jpg,0,0.006267771940312105
0830 (9).jpg,0,0.007076920813488478
0830.jpg,0,0.006441487575383474
0831 (10).jpg,0,0.006431937702440701
0831 (2).jpg,0,0.0065915376066467595
0831 (3).jpg,0,0.010989752302730346
0831 (4).jpg,0,0.006416131153331145
0831 (5).jpg,0,0.007319050810869677
0831 (6).jpg,0,0.00881534655442992
0831 (7).jpg,0,0.006270787220855825
0831 (8).jpg,0,0.007958280655148456
0831 (9).jpg,0,0.008965118313812134
0831.jpg,0,0.007952715002614233
0832 (10).jpg,0,0.00651858749361084
0832 (2).jpg,0,0.007753529263293628
0832 (3).jpg,0,0.026525119869474124
0832 (4).jpg,0,0.006243250592233976
0832 (5).jpg,0,0.007218778529308538
0832 (6).jpg,0,0.006963967428729215
0832 (7).jpg,0,0.0072997275767776905
0832 (8).jpg,0,0.006392685745747685
0832 (9).jpg,0,0.008157292701754106
0832.jpg,0,0.007572146878280529
0833 (10).jpg,0,0.009308500226257522
0833 (2).jpg,0,0.023754858281557118
0833 (3).jpg,0,0.007738954993343758
0833 (4).jpg,0,0.006337669626441686
0833 (5).jpg,0,0.006766200815542743
0833 (6).jpg,0,0.006991366443644713
0833 (7).jpg,0,0.008107478509733599
0833 (8).jpg,0,0.008492759748126662
0833 (9).jpg,0,0.017708133263126664
0833.jpg,0,0.018504940653167178
0834 (10).jpg,1,0.7156255572815367
0834 (2).jpg,0,0.007190191837991108
0834 (3).jpg,0,0.007273665261521288
0834 (4).jpg,0,0.00649661152878384
0834 (5).jpg,0,0.010109262970653078
0834 (6).jpg,0,0.007731072113453664
0834 (7).jpg,0,0.007382858285063728
0834 (8).jpg,0,0.006534575015662119
0834 (9).jpg,0,0.006643650273149916
0834.jpg,0,0.010707331087482654
0835 (10).jpg,0,0.006316976272388421
0835 (2).jpg,0,0.014679202662343621
0835 (3).jpg,0,0.011846699444311952
0835 (4).jpg,0,0.008302484600581445
0835 (5).jpg,0,0.006670675499808674
0835 (6).jpg,0,0.006400796421169808
0835 (7).jpg,0,0.006899014403512814
0835 (8).jpg,0,0.008343772769605495
0835 (9).jpg,0,0.006657828899317875
0835.jpg,0,0.006632204440274219
0836 (10).jpg,0,0.006437951910294465
0836 (2).jpg,0,0.006404336235206184
0836 (3).jpg,0,0.006809642012059042
0836 (4).jpg,0,0.006211044780517197
0836 (5).jpg,0,0.007839654543548572
0836 (6).jpg,0,0.007340616127842866
0836 (7).jpg,0,0.0067302181612957064
0836 (8).jpg,0,0.00629630337083193
0836 (9).jpg,0,0.008386394453690067
0836.jpg,0,0.007293208933318484
0837 (10).jpg,0,0.006450436355623284
0837 (2).jpg,0,0.007940061657932741
0837 (3).jpg,0,0.009033952328607571
0837 (4).jpg,0,0.0064916494778634575
0837 (5).jpg,0,0.008324445212750827
0837 (6).jpg,0,0.006266123229577795
0837 (7).jpg,0,0.0071087523315205795
0837 (8).jpg,0,0.007084887380980981
0837 (9).jpg,0,0.006431320452803221
0837.jpg,0,0.007512923573137897
0838 (10).jpg,0,0.006565763453314003
0838 (2).jpg,0,0.011392732424218038
0838 (3).jpg,0,0.014010541706943458
0838 (4).jpg,0,0.006183742762575533
0838 (5).jpg,0,0.006495089976131872
0838 (6).jpg,0,0.006348827515419592
0838 (7).jpg,0,0.006872514487135114
0838 (8).jpg,0,0.015906820178335786
0838 (9).jpg,0,0.007131410885550849
0838.jpg,0,0.006614762588139892
0839 (10).jpg,0,0.00643213769750633
0839 (2).jpg,0,0.006381310629505782
0839 (3).jpg,0,0.006778432137566456
0839 (4).jpg,0,0.006437165912911397
0839 (5).jpg,0,0.008938271929872732
0839 (6).jpg,0,0.10797345889582584
0839 (7).jpg,0,0.008148776899079885
0839 (8).jpg,0,0.006524973311602583
0839 (9).jpg,0,0.011404018509593643
0839.jpg,0,0.06941198513142623
0840 (10).jpg,0,0.007948619394081329
0840 (2).jpg,0,0.006396858363684374
0840 (3).jpg,0,0.0069632810914989005
0840 (4).jpg,0,0.006475006813517775
0840 (5).jpg,0,0.00655633839001261
0840 (6).jpg,0,0.006636893167686296
0840 (7).jpg,0,0.0063991219193145045
0840 (8).jpg,0,0.009203144410691734
0840 (9).jpg,0,0.006945320869435714
0840.jpg,0,0.008152424333563413
0841 (10).jpg,0,0.006352674751811522
0841 (2).jpg,0,0.006456904134262151
0841 (3).jpg,0,0.010342298068074893
0841 (4).jpg,0,0.00910469241810187
0841 (5).jpg,0,0.03782694719234315
0841 (6).jpg,0,0.007035477502431534
0841 (7).jpg,0,0.00645353590142219
0841 (8).jpg,0,0.02497864085664445
0841 (9).jpg,0,0.00712337037970576
0841.jpg,0,0.42551851846922295
0842 (10).jpg,0,0.008297721189060286
0842 (2).jpg,0,0.006324026465493571
0842 (3).jpg,0,0.007433228785930538
0842 (4).jpg,0,0.008701666462476347
0842 (5).jpg,0,0.00637225338764309
0842 (6).jpg,0,0.006368242416994834
0842 (7).jpg,0,0.009469643446557909
0842 (8).jpg,0,0.008016795133325648
0842 (9).jpg,1,0.9850164035278327
0842.jpg,0,0.009993943321530415
0843 (10).jpg,0,0.006322754528361132
0843 (2).jpg,0,0.0073654611143285425
0843 (3).jpg,0,0.007193886227343236
0843 (4).jpg,0,0.006328590931030276
0843 (5).jpg,0,0.0066893112460785845
0843 (6).jpg,0,0.006652956761270293
0843 (7).jpg,0,0.009688917221889828
0843 (8).jpg,0,0.0063247293817655275
0843 (9).jpg,0,0.006836546794410399
0843.jpg,0,0.010335881363733977
0844 (10).jpg,0,0.009218136798281627
0844 (2).jpg,0,0.0077500504794783594
0844 (3).jpg,0,0.00844935877659658
0844 (4).jpg,0,0.0063556992757724685
0844 (5).jpg,0,0.006355998742500504
0844 (6).jpg,0,0.006652601800424292
0844 (7).jpg,0,0.006285891323915424
0844 (8).jpg,0,0.006454277486714294
0844 (9).jpg,0,0.007755526421340806
0844.jpg,0,0.007484269314170267
0845 (10).jpg,0,0.006943512734500593
0845 (2).jpg,0,0.008819265215878398
0845 (3).jpg,0,0.008625573548572237
0845 (4).jpg,0,0.008509744870880699
0845 (5).jpg,0,0.006266234955924294
0845 (6).jpg,0,0.006219761937856852
0845 (7).jpg,0,0.006295922062783601
0845 (8).jpg,0,0.008540932490897688
0845 (9).jpg,0,0.008046201496923392
0845.jpg,0,0.010180881375053847
0846 (10).jpg,0,0.006251778356046127
0846 (2).jpg,0,0.006359878658564974
0846 (3).jpg,0,0.008878567220577461
0846 (4).jpg,0,0.0062600720881758175
0846 (5).jpg,0,0.010752391519761706
0846 (6).jpg,0,0.006613558473276628
0846 (7).jpg,0,0.0083705628413294
0846 (8).jpg,0,0.010508154769459445
0846 (9).jpg,0,0.007649606142796141
0846.jpg,0,0.010422314021921104
0847 (10).jpg,0,0.006548659649601083
0847 (2).jpg,0,0.0064205669386113665
0847 (3).jpg,0,0.0062444611590662035
0847 (4).jpg,0,0.006301261001702321
0847 (5).jpg,1,0.9422765631263773
0847 (6).jpg,0,0.006136751190569391
0847 (7).jpg,0,0.008678657375322443
0847 (8).jpg,0,0.00782024321514284
0847 (9).jpg,0,0.007402699135949341
0847.jpg,0,0.0077661460588471605
0848 (10).jpg,0,0.011504655596449719
0848 (2).jpg,0,0.006653535724318824
0848 (3).jpg,0,0.009198729571830015
0848 (4).jpg,0,0.006567161556034665
0848 (5).jpg,0,0.007441394463206468
0848 (6).jpg,0,0.0073630410834755085
0848 (7).jpg,0,0.0066721604800821024
0848 (8).jpg,0,0.006574841977250088
0848 (9).jpg,0,0.022125204139310222
0848.jpg,0,0.010365328425764436
0849 (10).jpg,0,0.008653750137956795
0849 (2).jpg,0,0.006271272149655526
0849 (3).jpg,0,0.010519699631904574
0849 (4).jpg,0,0.008576659264166975
0849 (5).jpg,0,0.007136341112769056
0849 (6).jpg,0,0.0063989990013753675
0849 (7).jpg,0,0.006418655861862915
0849 (8).jpg,0,0.020084129163577012
0849 (9).jpg,0,0.007198565399829011
0849.jpg,0,0.3402919313385601
0850 (10).jpg,0,0.006283044103466652
0850 (2).jpg,0,0.0064552275249367096
0850 (3).jpg,0,0.032403644677816146
0850 (4).jpg,0,0.006792136843224184
0850 (5).jpg,0,0.007887078217143982
0850 (6).jpg,0,0.006784072687908606
0850 (7).jpg,0,0.006539502276067883
0850 (8).jpg,0,0.006371490544348405
0850 (9).jpg,0,0.007370790487255496
0850.jpg,0,0.007192719788959607
0851 (10).jpg,0,0.006624232038148914
0851 (2).jpg,0,0.006729487376293036
0851 (3).jpg,1,0.8668205874536756
0851 (4).jpg,0,0.3784511117748984
0851 (5).jpg,0,0.006592422897803171
0851 (6).jpg,0,0.006403932705065277
0851 (7).jpg,0,0.006824140323279674
0851 (8).jpg,0,0.006547858179017035
0851 (9).jpg,0,0.007602204891569469
0851.jpg,0,0.00799411128629706
0852 (10).jpg,0,0.006796167643778836
0852 (2).jpg,0,0.006400790701896997
0852 (3).jpg,0,0.006528919013978009
0852 (4).jpg,0,0.0062269863665789325
0852 (5).jpg,0,0.007346902523966259
0852 (6).jpg,0,0.006306568307275443
0852 (7).jpg,0,0.006444360105955323
0852 (8).jpg,0,0.006395762584247923
0852 (9).jpg,0,0.011042567260597337
0852.jpg,0,0.01233139454573533
0853 (10).jpg,0,0.007079068801481503
0853 (2).jpg,0,0.008703339032262126
0853 (3).jpg,0,0.00665374485404842
0853 (4).jpg,0,0.006880517261816679
0853 (5).jpg,0,0.011569319429333706
0853 (6).jpg,0,0.007865356443689164
0853 (7).jpg,0,0.006558609131416082
0853 (8).jpg,0,0.006294844037336186
0853 (9).jpg,0,0.006719831874220787
0853.jpg,0,0.006390679050994872
0854 (10).jpg,0,0.013131149472186136
0854 (2).jpg,0,0.0077631860100481264
0854 (3).jpg,0,0.008588119813308806
0854 (4).jpg,0,0.00624485319190872
0854 (5).jpg,0,0.006332746042543519
0854 (6).jpg,0,0.006144201012196826
0854 (7).jpg,0,0.007740398665042859
0854 (8).jpg,0,0.007964817705047787
0854 (9).jpg,0,0.007356078009682257
0854.jpg,0,0.006439675817524678
0855 (10).jpg,1,0.9874149280423765
0855 (2).jpg,0,0.12025830506953834
0855 (3).jpg,0,0.00832181734068783
0855 (4).jpg,0,0.009143459136177003
0855 (5).jpg,0,0.009587106337783995
0855 (6).jpg,0,0.006381369147625106
0855 (7).jpg,0,0.009001853195362081
0855 (8).jpg,0,0.006299216935120748
0855 (9).jpg,0,0.008134877366318106
0855.jpg,0,0.008286826072292197
0856 (10).jpg,0,0.006177401885007039
0856 (2).jpg,0,0.006797387092451789
0856 (3).jpg,0,0.027989369043096197
0856 (4).jpg,0,0.008701420267329507
0856 (5).jpg,0,0.011299936742218374
0856 (6).jpg,0,0.006345256111400503
0856 (7).jpg,0,0.00914574670304663
0856 (8).jpg,0,0.017195151649354534
0856 (9).jpg,0,0.006412040653642029
0856.jpg,0,0.020300723690082897
0857 (10).jpg,0,0.007696956216348606
0857 (2).jpg,0,0.007975087839164162
0857 (3).jpg,0,0.006696372834766616
0857 (4).jpg,0,0.0063165672208154375
0857 (5).jpg,0,0.013126874327552216
0857 (6).jpg,0,0.006669077353069871
0857 (7).jpg,1,0.6092459066608552
0857 (8).jpg,0,0.0062033175504492746
0857 (9).jpg,0,0.006603727207886976
0857.jpg,0,0.00686108119329622
0858 (10).jpg,0,0.006672024535245179
0858 (2).jpg,0,0.006522496243130565
0858 (3).jpg,0,0.00632631546481362
0858 (4).jpg,0,0.006357080594671763
0858 (5).jpg,0,0.0071940904505712385
0858 (6).jpg,0,0.009449084978774929
0858 (7).jpg,0,0.006351041777570872
0858 (8).jpg,0,0.006523204086699109
0858 (9).jpg,0,0.008977122563030267
0858.jpg,0,0.016803794073190305
0859 (10).jpg,0,0.006554886789264429
0859 (2).jpg,0,0.006254318581976783
0859 (3).jpg,0,0.006275369996629756
0859 (4).jpg,0,0.009853262967621724
0859 (5).jpg,0,0.007004880482405714
0859 (6).jpg,0,0.006603050685576169
0859 (7).jpg,0,0.007241513575267078
0859 (8).jpg,0,0.010713847097391566
0859 (9).jpg,0,0.04825471235068421
0859.jpg,0,0.007585178506654158
0860 (10).jpg,0,0.06499690947227432
0860 (2).jpg,0,0.013133004779194978
0860 (3).jpg,0,0.011253862503625289
0860 (4).jpg,0,0.011692213187035987
0860 (5).jpg,0,0.006736794743977289
0860 (6).jpg,0,0.024851477291283647
0860 (7).jpg,0,0.006856442179610526
0860 (8).jpg,0,0.006379244715176074
0860 (9).jpg,0,0.13445780339400853
0860.jpg,0,0.007370612810464115
0861 (10).jpg,0,0.006821014083375306
0861 (2).jpg,0,0.006347241006500489
0861 (3).jpg,0,0.011611104030533862
0861 (4).jpg,0,0.008037989481135575
0861 (5).jpg,0,0.02175492615715934
0861 (6).jpg,0,0.007770771147266215
0861 (7).jpg,0,0.006593220166266263
0861 (8).jpg,0,0.007546317734407855
0861 (9).jpg,0,0.01095356701262162
0861.jpg,0,0.01975558189936605
0862 (10).jpg,0,0.008927465304236559
0862 (2).jpg,0,0.011163779888419816
0862 (3).jpg,0,0.007282095530037927
0862 (4).jpg,0,0.007053257784958605
0862 (5).jpg,0,0.007342109446617693
0862 (6).jpg,0,0.006390190511273792
0862 (7).jpg,0,0.006511186930980236
0862 (8).jpg,0,0.006693854779911189
0862 (9).jpg,0,0.008037423214317739
0862.jpg,0,0.007731759222047155
0863 (10).jpg,0,0.010516422384821865
0863 (2).jpg,0,0.006810695667860323
0863 (3).jpg,0,0.007360274738976121
0863 (4).jpg,0,0.006431859296396896
0863 (5).jpg,0,0.006891121410987639
0863 (6).jpg,0,0.00696914124252499
0863 (7).jpg,0,0.006158936020110493
0863 (8).jpg,0,0.010845080660951969
0863 (9).jpg,0,0.009415907040956377
0863.jpg,0,0.009562560704470174
0864 (10).jpg,0,0.006674622702452823
0864 (2).jpg,1,0.5163769359250405
0864 (3).jpg,0,0.00641625378013055
0864 (4).jpg,0,0.007142991297464422
0864 (5).jpg,0,0.008777515949082063
0864 (6).jpg,0,0.006148322898859315
0864 (7).jpg,0,0.007155344679835006
0864 (8).jpg,0,0.017889267906322188
0864 (9).jpg,0,0.007406511836162466
0864.jpg,1,0.9872914786311228
0865 (10).jpg,0,0.006540766590467995
0865 (2).jpg,0,0.19918922066280428
0865 (3).jpg,0,0.007264143234045469
0865 (4).jpg,0,0.007290932363933551
0865 (5).jpg,0,0.006641246068612411
0865 (6).jpg,0,0.04209576145517266
0865 (7).jpg,0,0.006822257633622919
0865 (8).jpg,0,0.006620458241273767
0865 (9).jpg,0,0.009718303730337356
0865.jpg,1,0.510276929513387
0866 (10).jpg,0,0.008464305227318641
0866 (2).jpg,0,0.007398371857612521
0866 (3).jpg,0,0.05541100937210237
0866 (4).jpg,0,0.011188254442419557
0866 (5).jpg,0,0.006262848591638551
0866 (6).jpg,0,0.006619612732487378
0866 (7).jpg,0,0.006441483649375919
0866 (8).jpg,0,0.007789506020592251
0866 (9).jpg,0,0.009873835395495372
0866.jpg,0,0.007276861029059282
0867 (10).jpg,0,0.006448958000572332
0867 (2).jpg,0,0.006908997213707672
0867 (3).jpg,0,0.01009640213863744
0867 (4).jpg,0,0.008026465179088706
0867 (5).jpg,0,0.009134822550266779
0867 (6).jpg,0,0.006655076201747354
0867 (7).jpg,0,0.00656397310035402
0867 (8).jpg,0,0.007692087514181226
0867 (9).jpg,0,0.006744271006425575
0867.jpg,0,0.006565567583303454
0868 (10).jpg,1,0.44667676346160606
0868 (2).jpg,0,0.010227872825186324
0868 (3).jpg,0,0.03717490293457926
0868 (4).jpg,0,0.006603023409788092
0868 (5).jpg,0,0.006358605114564982
0868 (6).jpg,0,0.006246263741643853
0868 (7).jpg,0,0.006339194132162257
0868 (8).jpg,0,0.009230413136277815
0868 (9).jpg,0,0.007700038953277099
0868.jpg,0,0.02362188117606945
0869 (10).jpg,0,0.008111803524317748
0869 (2).jpg,0,0.012080240027281043
0869 (3).jpg,0,0.006415290815227866
0869 (4).jpg,0,0.006583032585243471
0869 (5).jpg,0,0.4244614555379149
0869 (6).jpg,0,0.01128808182026852
0869 (7).jpg,0,0.00638840990782397
0869 (8).jpg,0,0.007640020886555865
0869 (9).jpg,0,0.014394493579458533
0869.jpg,0,0.009343150844682612
0870 (10).jpg,0,0.00787296473144639
0870 (2).jpg,0,0.0065708943983262685
0870 (3).jpg,1,0.869836823840733
0870 (4).jpg,0,0.007185217982330851
0870 (5).jpg,0,0.007935567388445206
0870 (6).jpg,0,0.0062298765210131975
0870 (7).jpg,0,0.006174486421412164
0870 (8).jpg,0,0.0076245642751253785
0870 (9).jpg,0,0.0077282881554335625
0870.jpg,0,0.006735265805096644
0871 (10).jpg,0,0.007625578164361545
0871 (2).jpg,0,0.006434994613805174
0871 (3).jpg,0,0.00719961660183173
0871 (4).jpg,0,0.006563351228767131
0871 (5).jpg,0,0.008125836028745101
0871 (6).jpg,0,0.006715022370664832
0871 (7).jpg,0,0.006591523787412564
0871 (8).jpg,0,0.006570869424742572
0871 (9).jpg,0,0.019730894783767088
0871.jpg,0,0.007945006763382903
0872 (10).jpg,0,0.03156461141665007
0872 (2).jpg,0,0.006176430695282291
0872 (3).jpg,0,0.007149000294490716
0872 (4).jpg,0,0.008781233354941699
0872 (5).jpg,0,0.008591710177335524
0872 (6).jpg,0,0.0062432056723659085
0872 (7).jpg,0,0.006306989338363778
0872 (8).jpg,0,0.01826332726016485
0872 (9).jpg,0,0.06641078307833127
0872.jpg,0,0.006435519077982671
0873 (10).jpg,0,0.009148684200585837
0873 (2).jpg,0,0.00711674198279167
0873 (3).jpg,0,0.010670289957568784
0873 (4).jpg,0,0.0068614026862117245
0873 (5).jpg,0,0.006660025802264521
0873 (6).jpg,0,0.006197023740195529
0873 (7).jpg,0,0.006182331604571772
0873 (8).jpg,0,0.006234434383725584
0873 (9).jpg,0,0.012895482154240988
0873.jpg,0,0.008316119612304208
0874 (10).jpg,0,0.00621183849545573
0874 (2).jpg,0,0.006416264989788547
0874 (3).jpg,0,0.11575579618072986
0874 (4).jpg,0,0.0976877612992677
0874 (5).jpg,0,0.007925600450142534
0874 (6).jpg,0,0.006822327084639705
0874 (7).jpg,0,0.006787863348808812
0874 (8).jpg,0,0.00678767487456109
0874 (9).jpg,0,0.029627714959624043
0874.jpg,0,0.009374340318534577
0875 (10).jpg,0,0.007745314416093192
0875 (2).jpg,0,0.10022068979768609
0875 (3).jpg,0,0.009105401671124108
0875 (4).jpg,0,0.0123084974701865
0875 (5).jpg,0,0.03235513247403491
0875 (6).jpg,0,0.006438209191850193
0875 (7).jpg,0,0.0073225210413547445
0875 (8).jpg,0,0.008140176028966774
0875 (9).jpg,0,0.008919115827374178
0875.jpg,0,0.006484747253869815
0876 (10).jpg,0,0.006458280132564956
0876 (2).jpg,0,0.006218920117670913
0876 (3).jpg,0,0.0068060963747232405
0876 (4).jpg,0,0.006799685031005362
0876 (5).jpg,0,0.10649194221407784
0876 (6).jpg,0,0.006323836658398159
0876 (7).jpg,0,0.009636791881616955
0876 (8).jpg,0,0.006475865486001768
0876 (9).jpg,0,0.0066837380126213665
0876.jpg,0,0.007351886658894127
0877 (10).jpg,0,0.007044852738940323
0877 (2).jpg,0,0.00833301667869492
0877 (3).jpg,0,0.0063983585577812845
0877 (4).jpg,0,0.006330435018969504
0877 (5).jpg,0,0.006329239058599104
0877 (6).jpg,0,0.008776929833428104
0877 (7).jpg,0,0.007497646231089018
0877 (8).jpg,0,0.008408076087136694
0877 (9).jpg,0,0.006441778132786404
0877.jpg,0,0.008445887977841543
0878 (10).jpg,0,0.006647709309256448
0878 (2).jpg,0,0.10638701792283245
0878 (3).jpg,0,0.007814304264317578
0878 (4).jpg,0,0.006274475367683777
0878 (5).jpg,0,0.0065004351796640715
0878 (6).jpg,0,0.006680628260445601
0878 (7).jpg,0,0.007153128360085495
0878 (8).jpg,0,0.006147086481135995
0878 (9).jpg,0,0.012655864810274831
0878.jpg,0,0.007419979433554427
0879 (10).jpg,0,0.007636154309750411
0879 (2).jpg,0,0.009676514680344483
0879 (3).jpg,0,0.007247854306098987
0879 (4).jpg,0,0.00615653279820266
0879 (5).jpg,0,0.006969836438126218
0879 (6).jpg,0,0.006180105915817093
0879 (7).jpg,0,0.006182129822669746
0879 (8).jpg,0,0.006590751417407058
0879 (9).jpg,1,0.7166879169062106
0879.jpg,0,0.01037948150785321
0880 (10).jpg,0,0.007043700293274774
0880 (2).jpg,0,0.00738101221133758
0880 (3).jpg,0,0.008937408485478734
0880 (4).jpg,0,0.00679776350251679
0880 (5).jpg,0,0.006561847582222081
0880 (6).jpg,0,0.006185027394358862
0880 (7).jpg,0,0.007311976264465143
0880 (8).jpg,0,0.006534701532122255
0880 (9).jpg,0,0.006822098050383812
0880.jpg,0,0.007066160539966734
0881 (10).jpg,0,0.009223117033495506
0881 (2).jpg,1,0.7807174488558113
0881 (3).jpg,0,0.00934256958112288
0881 (4).jpg,0,0.00668303548434181
0881 (5).jpg,0,0.011466531498459968
0881 (6).jpg,0,0.006462651301811581
0881 (7).jpg,0,0.010321992346276313
0881 (8).jpg,0,0.04570125122719569
0881 (9).jpg,0,0.0062169877605851845
0881.jpg,0,0.11480357601500335
0882 (10).jpg,0,0.006693094553455724
0882 (2).jpg,0,0.006803949370936788
0882 (3).jpg,0,0.006630403302098974
0882 (4).jpg,0,0.007108429235437577
0882 (5).jpg,0,0.006832953780502518
0882 (6).jpg,0,0.006292543166295442
0882 (7).jpg,0,0.008976401254279955
0882 (8).jpg,0,0.006709822522117922
0882 (9).jpg,0,0.006736873148660645
0882.jpg,0,0.007384225179398953
0883 (10).jpg,0,0.006750410829750343
0883 (2).jpg,0,0.05436129237941257
0883 (3).jpg,0,0.00957364211920729
0883 (4).jpg,0,0.006313047469049326
0883 (5).jpg,0,0.025104736028749963
0883 (6).jpg,0,0.0067054627987763425
0883 (7).jpg,0,0.007092089761691782
0883 (8).jpg,0,0.006997537424946624
0883 (9).jpg,0,0.00927691708428597
0883.jpg,0,0.006787331259597024
0884 (10).jpg,0,0.016598324831531973
0884 (2).jpg,0,0.010609311966793556
0884 (3).jpg,0,0.007193733700383184
0884 (4).jpg,0,0.006414351671021304
0884 (5).jpg,0,0.013819258218591752
0884 (6).jpg,0,0.007224476138899651
0884 (7).jpg,0,0.006283746394740076
0884 (8).jpg,0,0.019740931360507495
0884 (9).jpg,0,0.007194942429258838
0884.jpg,0,0.031328553315561704
0885 (10).jpg,0,0.007785981527702167
0885 (2).jpg,0,0.007917957444187133
0885 (3).jpg,0,0.2489167934435891
0885 (4).jpg,0,0.006351580119750495
0885 (5).jpg,0,0.033504280999232604
0885 (6).jpg,0,0.011162417505437975
0885 (7).jpg,0,0.006173658342963018
0885 (8).jpg,0,0.010318500878179947
0885 (9).jpg,0,0.008604563224505176
0885.jpg,0,0.006309763947649872
0886 (10).jpg,0,0.008796151565248371
0886 (2).jpg,0,0.006979140183451047
0886 (3).jpg,0,0.00876095907020261
0886 (4).jpg,0,0.007686420306602951
0886 (5).jpg,0,0.0070201355937558295
0886 (6).jpg,0,0.00618108271440343
0886 (7).jpg,0,0.008285857563783264
0886 (8).jpg,0,0.0063353821810262735
0886 (9).jpg,0,0.007521722761702148
0886.jpg,0,0.00788214116222941
0887 (10).jpg,0,0.006198642482164454
0887 (2).jpg,0,0.007912876104985745
0887 (3).jpg,0,0.0073987475006585
0887 (4).jpg,0,0.011937372659134785
0887 (5).jpg,0,0.010142502358452281
0887 (6).jpg,0,0.009244567945555894
0887 (7).jpg,0,0.006694460675961242
0887 (8).jpg,0,0.012297630636497017
0887 (9).jpg,0,0.009649177449876376
0887.jpg,0,0.10493368891219816
0888 (10).jpg,0,0.006244453921337745
0888 (2).jpg,1,0.6673683760442873
0888 (3).jpg,0,0.00938765241865556
0888 (4).jpg,0,0.006490477802004206
0888 (5).jpg,0,0.006694643144680967
0888 (6).jpg,0,0.006167175502154836
0888 (7).jpg,0,0.006513186841273279
0888 (8).jpg,0,0.01893821470699829
0888 (9).jpg,1,0.7982908392213258
0888.jpg,0,0.007402037867380395
0889 (10).jpg,0,0.434156304417282
0889 (2).jpg,0,0.008268673482801086
0889 (3).jpg,0,0.007488465003219629
0889 (4).jpg,0,0.006419576858877925
0889 (5).jpg,0,0.007281708587569046
0889 (6).jpg,0,0.006301186968830425
0889 (7).jpg,0,0.006254646179869221
0889 (8).jpg,0,0.00721150765076446
0889 (9).jpg,0,0.007825736650731628
0889.jpg,0,0.006885484052499671
0890 (10).jpg,0,0.007369437891815497
0890 (2).jpg,0,0.006282732730097202
0890 (3).jpg,0,0.006197907434166751
0890 (4).jpg,0,0.008104501580904174
0890 (5).jpg,0,0.007661981642170881
0890 (6).jpg,0,0.008601647478453479
0890 (7).jpg,0,0.008217221784234693
0890 (8).jpg,0,0.0064060711123483886
0890 (9).jpg,0,0.007788441353739617
0890.jpg,0,0.008134581052978842
0891 (10).jpg,0,0.008563683977147922
0891 (2).jpg,0,0.0079688820794553
0891 (3).jpg,0,0.007135521680252948
0891 (4).jpg,0,0.05252169406940463
0891 (5).jpg,0,0.00764420082960477
0891 (6).jpg,0,0.009210058120428882
0891 (7).jpg,0,0.011102802183070625
0891 (8).jpg,0,0.00681435125798885
0891 (9).jpg,0,0.00866986239783545
0891.jpg,0,0.009769925549097405
0892 (10).jpg,0,0.00843376281730819
0892 (2).jpg,0,0.007042328792803419
0892 (3).jpg,0,0.006525164358157259
0892 (4).jpg,0,0.006319715672275985
0892 (5).jpg,0,0.006188029596879381
0892 (6).jpg,0,0.006335546034187467
0892 (7).jpg,0,0.006853230792740009
0892 (8).jpg,0,0.006194278796172687
0892 (9).jpg,0,0.006850268337776497
0892.jpg,0,0.007927738730790116
0893 (10).jpg,0,0.032441151278533
0893 (2).jpg,0,0.0426341584192104
0893 (3).jpg,0,0.009065259885462426
0893 (4).jpg,0,0.006184402600114273
0893 (5).jpg,0,0.006863728581066579
0893 (6).jpg,0,0.007527130440431724
0893 (7).jpg,0,0.006352392566652644
0893 (8).jpg,0,0.007345682455017636
0893 (9).jpg,0,0.007030543937672804
0893.jpg,0,0.006770066316542177
0894 (10).jpg,0,0.007587025020742302
0894 (2).jpg,0,0.008405088887101786
0894 (3).jpg,0,0.006367133089250106
0894 (4).jpg,0,0.006957630549266979
0894 (5).jpg,0,0.010150311083769053
0894 (6).jpg,0,0.006296740272033098
0894 (7).jpg,0,0.006347527061889082
0894 (8).jpg,0,0.019111962657408606
0894 (9).jpg,1,0.6298588686512543
0894.jpg,0,0.007729941261911111
0895 (10).jpg,0,0.007195095642144164
0895 (2).jpg,0,0.00987540888085402
0895 (3).jpg,0,0.007601868503841904
0895 (4).jpg,0,0.00737424119432301
0895 (5).jpg,0,0.006252853482785191
0895 (6).jpg,0,0.006270183923044356
0895 (7).jpg,0,0.007173553441802492
0895 (8).jpg,0,0.01115638749131711
0895 (9).jpg,0,0.0073319408974205375
0895.jpg,0,0.006180045990907361
0896 (10).jpg,0,0.00811139578553154
0896 (2).jpg,0,0.006937165903459659
0896 (3).jpg,0,0.00875391155347574
0896 (4).jpg,0,0.006403097417991507
0896 (5).jpg,0,0.006700021931382839
0896 (6).jpg,0,0.007178350174997389
0896 (7).jpg,0,0.0065939918072049145
0896 (8).jpg,0,0.00695561855733685
0896 (9).jpg,0,0.010624189994364593
0896.jpg,0,0.006997372013475059
0897 (10).jpg,0,0.007762420042487299
0897 (2).jpg,0,0.0062197116166249145
0897 (3).jpg,0,0.012047483021287943
0897 (4).jpg,0,0.006577505147953774
0897 (5).jpg,0,0.007450136784569709
0897 (6).jpg,0,0.006153719289608412
0897 (7).jpg,0,0.0063505960893876735
0897 (8).jpg,0,0.006631267629467002
0897 (9).jpg,0,0.007107429510790075
0897.jpg,0,0.008280539415199448
0898 (10).jpg,0,0.011447587407694054
0898 (2).jpg,0,0.007486643884256498
0898 (3).jpg,0,0.007529720966017999
0898 (4).jpg,0,0.0063595053263103525
0898 (5).jpg,0,0.006575784587096481
0898 (6).jpg,0,0.007683904300492277
0898 (7).jpg,0,0.006543177085337754
0898 (8).jpg,0,0.006185841557964197
0898 (9).jpg,0,0.010411167209945473
0898.jpg,0,0.006666222372195512
0899 (10).jpg,0,0.009274263845513765
0899 (2).jpg,0,0.0073669372216151495
0899 (3).jpg,0,0.006307799821417649
0899 (4).jpg,0,0.007465995526728586
0899 (5).jpg,0,0.006818861581224442
0899 (6).jpg,0,0.007395053626619438
0899 (7).jpg,0,0.006419230301302604
0899 (8).jpg,0,0.007256486912080938
0899 (9).jpg,0,0.0075338856597626435
0899.jpg,0,0.007712576106869891
0900 (10).jpg,0,0.006412603527868391
0900 (2).jpg,0,0.0071332918397755685
0900 (3).jpg,0,0.006987084717208743
0900 (4).jpg,0,0.020073440729737425
0900 (5).jpg,0,0.04259475450393384
0900 (6).jpg,0,0.00631163123851473
0900 (7).jpg,0,0.006861418824735641
0900 (8).jpg,0,0.006558837409576889
0900 (9).jpg,0,0.01522964375620892
0900.jpg,0,0.006600981876292337
0901 (10).jpg,0,0.0062066147279577055
0901 (2).jpg,0,0.0068793286849402925
0901 (3).jpg,0,0.00828295608936037
0901 (4).jpg,0,0.006794121748102499
0901 (5).jpg,0,0.006324202593076053
0901 (6).jpg,0,0.006293245356943598
0901 (7).jpg,0,0.007261410772286274
0901 (8).jpg,0,0.006255973087924832
0901 (9).jpg,0,0.016584721822840355
0901.jpg,0,0.006384827404868507
0902 (10).jpg,0,0.006199075384331888
0902 (2).jpg,0,0.009005800382784807
0902 (3).jpg,0,0.006938176231943503
0902 (4).jpg,0,0.008743054032565775
0902 (5).jpg,0,0.008169005469810288
0902 (6).jpg,0,0.006402498020627145
0902 (7).jpg,0,0.007916093159589804
0902 (8).jpg,0,0.006250148052755984
0902 (9).jpg,0,0.006793675548415648
0902.jpg,0,0.006698339215954751
0903 (10).jpg,1,0.5163482311833277
0903 (2).jpg,0,0.006242176947891622
0903 (3).jpg,0,0.009854294016427532
0903 (4).jpg,0,0.007997762386170955
0903 (5).jpg,0,0.006630927704035558
0903 (6).jpg,0,0.006252823063352347
0903 (7).jpg,0,0.01185757543886893
0903 (8).jpg,0,0.006939778058762367
0903 (9).jpg,0,0.08378158504414696
0903.jpg,0,0.008467621381687196
0904 (10).jpg,0,0.006283578960984396
0904 (2).jpg,0,0.006826543040242256
0904 (3).jpg,1,0.9719729364008892
0904 (4).jpg,0,0.006238466943598089
0904 (5).jpg,0,0.00847682280657766
0904 (6).jpg,0,0.007534477414251859
0904 (7).jpg,0,0.006733606442157
0904 (8).jpg,0,0.01243854818709705
0904 (9).jpg,0,0.011957881689600446
0904.jpg,0,0.02035685875778961
0905 (10).jpg,0,0.006459261492868898
0905 (2).jpg,0,0.007909493731958615
0905 (3).jpg,0,0.013421511890861175
0905 (4).jpg,0,0.006254079503762382
0905 (5).jpg,0,0.015136990629732675
0905 (6).jpg,0,0.006530696272806207
0905 (7).jpg,0,0.0069593784201222
0905 (8).jpg,0,0.006744944619636116
0905 (9).jpg,0,0.00750442476125298
0905.jpg,0,0.0076511036591010865
0906 (10).jpg,0,0.006806268227719497
0906 (2).jpg,0,0.007761350647158508
0906 (3).jpg,0,0.006925160422619148
0906 (4).jpg,0,0.007355375815977387
0906 (5).jpg,0,0.007911246276332738
0906 (6).jpg,0,0.006167460539466634
0906 (7).jpg,0,0.0063831616317639225
0906 (8).jpg,0,0.0076924548664254536
0906 (9).jpg,0,0.007028167974187528
0906.jpg,0,0.25976489945392045
0907 (10).jpg,0,0.0062821662341864225
0907 (2).jpg,0,0.006833197513370568
0907 (3).jpg,0,0.007413096009149542
0907 (4).jpg,0,0.006835520548404897
0907 (5).jpg,0,0.0076236803431260014
0907 (6).jpg,0,0.006310282103232614
0907 (7).jpg,0,0.006607833860393997
0907 (8).jpg,0,0.016027117359244822
0907 (9).jpg,0,0.00769836301750347
0907.jpg,0,0.010593061736283703
0908 (10).jpg,0,0.025888041689164955
0908 (2).jpg,0,0.008881506230024903
0908 (3).jpg,0,0.006792710590049412
0908 (4).jpg,0,0.00999991606261661
0908 (5).jpg,0,0.006224139899296063
0908 (6).jpg,0,0.006892994559699531
0908 (7).jpg,0,0.006390410202852488
0908 (8).jpg,0,0.007016680708002835
0908 (9).jpg,0,0.007995547990313373
0908.jpg,0,0.008041754076789845
0909 (10).jpg,0,0.007594583329625918
0909 (2).jpg,0,0.03377251913784031
0909 (3).jpg,0,0.17452714557825139
0909 (4).jpg,0,0.0061831825079423685
0909 (5).jpg,0,0.006973236256114843
0909 (6).jpg,0,0.007301770265252745
0909 (7).jpg,0,0.006901329244741976
0909 (8).jpg,0,0.006502989725705471
0909 (9).jpg,0,0.006390174892757125
0909.jpg,0,0.007515992379817435
0910 (10).jpg,0,0.006225572414166891
0910 (2).jpg,0,0.006588603383540806
0910 (3).jpg,0,0.006991270031810348
0910 (4).jpg,0,0.0064212122062319785
0910 (5).jpg,0,0.008769353534554106
0910 (6).jpg,0,0.006812345115023863
0910 (7).jpg,0,0.00915909948167939
0910 (8).jpg,0,0.006629546041033043
0910 (9).jpg,0,0.0222923269053812
0910.jpg,0,0.015998598350827564
0911 (10).jpg,0,0.0068259794957647975
0911 (2).jpg,0,0.09323201187019552
0911 (3).jpg,1,0.9862747661676277
0911 (4).jpg,0,0.006811541460706412
0911 (5).jpg,0,0.006371660398404512
0911 (6).jpg,0,0.006246160577702611
0911 (7).jpg,0,0.006196119041878577
0911 (8).jpg,0,0.006656192547503324
0911 (9).jpg,0,0.009420369180454085
0911.jpg,0,0.08141769569369044
0912 (10).jpg,0,0.008162874495961548
0912 (2).jpg,0,0.0068259510661301676
0912 (3).jpg,0,0.024419542699578335
0912 (4).jpg,0,0.006523967307864256
0912 (5).jpg,0,0.006497111170173436
0912 (6).jpg,0,0.006474939818514244
0912 (7).jpg,0,0.007653398073162053
0912 (8).jpg,0,0.006160797766659769
0912 (9).jpg,0,0.006716807620166181
0912.jpg,0,0.01849945028257905
0913 (10).jpg,0,0.02050350464350159
0913 (2).jpg,0,0.007686958079168
0913 (3).jpg,0,0.006268352434572809
0913 (4).jpg,0,0.009734997945727119
0913 (5).jpg,0,0.007341534047303956
0913 (6).jpg,0,0.006369317007119926
0913 (7).jpg,0,0.0066753317130970845
0913 (8).jpg,0,0.0069823338720124304
0913 (9).jpg,0,0.006473848580657959
0913.jpg,0,0.17372454042328628
0914 (10).jpg,0,0.0067163816191169725
0914 (2).jpg,0,0.00724809941155284
0914 (3).jpg,0,0.006202061888710545
0914 (4).jpg,0,0.006524660905292357
0914 (5).jpg,0,0.007415455828935891
0914 (6).jpg,0,0.006239200061903068
0914 (7).jpg,0,0.00641823572841943
0914 (8).jpg,0,0.008713194899413712
0914 (9).jpg,0,0.11484178874611493
0914.jpg,0,0.15542750788608
0915 (10).jpg,0,0.006451253103077809
0915 (2).jpg,0,0.006200395963104159
0915 (3).jpg,0,0.007824544101395603
0915 (4).jpg,0,0.00692752369030163
0915 (5).jpg,0,0.0075422583847554224
0915 (6).jpg,0,0.0064955784983743315
0915 (7).jpg,0,0.009003786288349826
0915 (8).jpg,0,0.006308256378178099
0915 (9).jpg,0,0.011391173143766644
0915.jpg,0,0.0069548279019341405
0916 (10).jpg,0,0.007366783130030826
0916 (2).jpg,0,0.006758040752493309
0916 (3).jpg,0,0.006492139542987438
0916 (4).jpg,0,0.006325898312974774
0916 (5).jpg,0,0.0072124146716782325
0916 (6).jpg,0,0.009711160243481344
0916 (7).jpg,0,0.006649835207321233
0916 (8).jpg,0,0.006203276296821117
0916 (9).jpg,0,0.006809223319751299
0916.jpg,0,0.008784452695959339
0917 (10).jpg,0,0.006210323222393793
0917 (2).jpg,0,0.0061670195584426065
0917 (3).jpg,0,0.008329318561605358
0917 (4).jpg,0,0.00947747023273042
0917 (5).jpg,0,0.018086119581341605
0917 (6).jpg,0,0.007163866678273876
0917 (7).jpg,0,0.0066335824240156965
0917 (8).jpg,0,0.006234754727596334
0917 (9).jpg,0,0.0068981327608093595
0917.jpg,0,0.006734314680848449
0918 (10).jpg,0,0.025895090651608818
0918 (2).jpg,0,0.007427794527485453
0918 (3).jpg,0,0.00634437571409348
0918 (4).jpg,0,0.007262555029659093
0918 (5).jpg,0,0.006856464105445203
0918 (6).jpg,0,0.00736593748585163
0918 (7).jpg,0,0.006557821712931542
0918 (8).jpg,0,0.006283984724653294
0918 (9).jpg,0,0.006480371061957428
0918.jpg,0,0.006449313518546551
0919 (10).jpg,0,0.00842045997620517
0919 (2).jpg,0,0.007211894063612536
0919 (3).jpg,0,0.006237998408081249
0919 (4).jpg,0,0.006384008163489888
0919 (5).jpg,0,0.009736327449641459
0919 (6).jpg,0,0.009766139335607677
0919 (7).jpg,0,0.006313355656403578
0919 (8).jpg,0,0.006354858656363653
0919 (9).jpg,0,0.03782200410712315
0919.jpg,0,0.22675556014109893
0920 (10).jpg,0,0.0064420794888732985
0920 (2).jpg,0,0.006439264548030897
0920 (3).jpg,0,0.012120312756159733
0920 (4).jpg,0,0.006202185830409492
0920 (5).jpg,0,0.011183667580841817
0920 (6).jpg,0,0.006995732381273745
0920 (7).jpg,0,0.006361610662480528
0920 (8).jpg,0,0.0096542302246073
0920 (9).jpg,1,0.9386887721656489
0920.jpg,0,0.006707153961112803
0921 (10).jpg,0,0.007849657367445997
0921 (2).jpg,0,0.006260314716399143
0921 (3).jpg,0,0.007672743508771748
0921 (4).jpg,0,0.006217752564244595
0921 (5).jpg,0,0.019598772846941705
0921 (6).jpg,0,0.006227771360496229
0921 (7).jpg,0,0.008865355540867464
0921 (8).jpg,0,0.006562688194883021
0921 (9).jpg,0,0.007686087771404114
0921.jpg,0,0.006807146182376583
0922 (10).jpg,0,0.0065020739099925125
0922 (2).jpg,0,0.00640330941721496
0922 (3).jpg,0,0.024329823395927607
0922 (4).jpg,0,0.006954407456503449
0922 (5).jpg,0,0.007694579346410219
0922 (6).jpg,0,0.006590455427892104
0922 (7).jpg,0,0.006459407488170293
0922 (8).jpg,0,0.006263411890767608
0922 (9).jpg,0,0.006686372109931738
0922.jpg,0,0.008827173874484916
0923 (10).jpg,0,0.00739967270117304
0923 (2).jpg,0,0.0061703956607794125
0923 (3).jpg,0,0.007372382984684233
0923 (4).jpg,0,0.006174189929398053
0923 (5).jpg,0,0.007360020537894914
0923 (6).jpg,0,0.013490364345978275
0923 (7).jpg,0,0.006255290677619551
0923 (8).jpg,0,0.008995188298545434
0923 (9).jpg,0,0.007685848855703967
0923.jpg,0,0.006812608898706827
0924 (10).jpg,0,0.007980098172930624
0924 (2).jpg,0,0.006403907240941906
0924 (3).jpg,0,0.007262238062453512
0924 (4).jpg,0,0.008478267067559424
0924 (5).jpg,0,0.00873826419083911
0924 (6).jpg,0,0.006327083642022308
0924 (7).jpg,0,0.007206004037927256
0924 (8).jpg,0,0.018497514201814693
0924 (9).jpg,0,0.006704739328316869
0924.jpg,0,0.011374420812357245
0925 (10).jpg,0,0.006725046733052478
0925 (2).jpg,0,0.012092263566280391
0925 (3).jpg,0,0.007327835840489089
0925 (4).jpg,0,0.006331709774807886
0925 (5).jpg,0,0.0067243921079114645
0925 (6).jpg,0,0.008014301780396657
0925 (7).jpg,0,0.0066172052394113026
0925 (8).jpg,0,0.0063449227267642445
0925 (9).jpg,0,0.00861515347294106
0925.jpg,0,0.010971709533314621
0926 (10).jpg,0,0.006307592231567191
0926 (2).jpg,0,0.006600084871190897
0926 (3).jpg,0,0.00899769716111394
0926 (4).jpg,0,0.0061515252483212495
0926 (5).jpg,1,0.9879270403123294
0926 (6).jpg,0,0.006802354682054907
0926 (7).jpg,0,0.006790123560965408
0926 (8).jpg,0,0.006303360070347638
0926 (9).jpg,0,0.0064363464095447765
0926.jpg,0,0.00688039927801446
0927 (10).jpg,0,0.010779933144500322
0927 (2).jpg,0,0.04980742474250354
0927 (3).jpg,0,0.00686311035095484
0927 (4).jpg,0,0.0062973933561142
0927 (5).jpg,0,0.009470819487321437
0927 (6).jpg,0,0.00817490473347448
0927 (7).jpg,0,0.007970732596314882
0927 (8).jpg,0,0.0065222104097092766
0927 (9).jpg,0,0.006720706927926305
0927.jpg,0,0.008559551710372726
0928 (10).jpg,0,0.0064001010037039825
0928 (2).jpg,0,0.19630189093255787
0928 (3).jpg,0,0.008790744462926091
0928 (4).jpg,0,0.0063451882545753685
0928 (5).jpg,0,0.008650094727366857
0928 (6).jpg,0,0.006700773256156157
0928 (7).jpg,0,0.006167144410997819
0928 (8).jpg,0,0.006590713953072053
0928 (9).jpg,0,0.010778355432893736
0928.jpg,0,0.007101135543908499
0929 (10).jpg,0,0.33909468577066854
0929 (2).jpg,0,0.008107113739073024
0929 (3).jpg,0,0.010854147510820386
0929 (4).jpg,0,0.007854321641230917
0929 (5).jpg,0,0.014109161919497595
0929 (6).jpg,0,0.006405969307980322
0929 (7).jpg,0,0.008032299323346585
0929 (8).jpg,0,0.009350940754544821
0929 (9).jpg,0,0.006846653417485773
0929.jpg,0,0.007935588870371617
0930 (10).jpg,0,0.009339112247474935
0930 (2).jpg,0,0.006692847329131651
0930 (3).jpg,0,0.00912907512450646
0930 (4).jpg,0,0.008554572565044055
0930 (5).jpg,0,0.006328563975107011
0930 (6).jpg,0,0.00940577227628901
0930 (7).jpg,0,0.006547762871014124
0930 (8).jpg,0,0.006330603355176567
0930 (9).jpg,1,0.7410537476105334
0930.jpg,0,0.007318521561692181
0931 (10).jpg,0,0.007075475132689344
0931 (2).jpg,0,0.007179961127860951
0931 (3).jpg,0,0.006881540674403722
0931 (4).jpg,0,0.006191717832234942
0931 (5).jpg,0,0.00648406819365851
0931 (6).jpg,0,0.006379826665789225
0931 (7).jpg,0,0.006872912876637266
0931 (8).jpg,0,0.008838464768005224
0931 (9).jpg,0,0.006546644998818764
0931.jpg,0,0.010134155106853511
0932 (10).jpg,0,0.03947348949010821
0932 (2).jpg,0,0.006698275130290918
0932 (3).jpg,0,0.008973003451542302
0932 (4).jpg,0,0.00650029227761302
0932 (5).jpg,0,0.006589173827986217
0932 (6).jpg,0,0.0067607646923887165
0932 (7).jpg,0,0.006228559190313266
0932 (8).jpg,0,0.00688031837057904
0932 (9).jpg,0,0.007354329632437675
0932.jpg,0,0.006723163851797612
0933 (10).jpg,0,0.008210449875601735
0933 (2).jpg,0,0.007399216636407745
0933 (3).jpg,0,0.006535430386067378
0933 (4).jpg,0,0.006294953892311592
0933 (5).jpg,0,0.011849590426418172
0933 (6).jpg,0,0.011757824446888008
0933 (7).jpg,0,0.0062900240963874475
0933 (8).jpg,0,0.006627032513898585
0933 (9).jpg,0,0.006638462695975733
0933.jpg,0,0.04154608632015559
0934 (10).jpg,0,0.006499416868459271
0934 (2).jpg,0,0.009710470517136218
0934 (3).jpg,0,0.009516834883576667
0934 (4).jpg,0,0.009745663363430138
0934 (5).jpg,0,0.0068729909562040324
0934 (6).jpg,0,0.006323104609827788
0934 (7).jpg,0,0.007707484015185163
0934 (8).jpg,0,0.006231025194747739
0934 (9).jpg,0,0.00702136274936809
0934.jpg,0,0.01728126082364742
0935 (10).jpg,0,0.014241683774044226
0935 (2).jpg,0,0.0065847085622551295
0935 (3).jpg,0,0.006544972746314535
0935 (4).jpg,0,0.006191364046944983
0935 (5).jpg,0,0.024287088244657907
0935 (6).jpg,0,0.006550754479074809
0935 (7).jpg,0,0.006922457851735195
0935 (8).jpg,0,0.007960885749812496
0935 (9).jpg,0,0.009958766284276038
0935.jpg,0,0.007088804957858452
0936 (10).jpg,0,0.020633432804629384
0936 (2).jpg,0,0.007800546197111177
0936 (3).jpg,0,0.00881169757885312
0936 (4).jpg,0,0.00829825966835284
0936 (5).jpg,0,0.006351045677176996
0936 (6).jpg,0,0.006638095663933827
0936 (7).jpg,0,0.006815705981403342
0936 (8).jpg,0,0.009880455435024029
0936 (9).jpg,0,0.007523787993610462
0936.jpg,0,0.007438083399373369
0937 (10).jpg,0,0.006592140150747922
0937 (2).jpg,0,0.006666472468556296
0937 (3).jpg,0,0.3019487473460052
0937 (4).jpg,0,0.015695317342721997
0937 (5).jpg,0,0.006630421600433386
0937 (6).jpg,0,0.006167045763977474
0937 (7).jpg,0,0.006821156488969713
0937 (8).jpg,0,0.007930046961909189
0937 (9).jpg,0,0.013095048955177154
0937.jpg,0,0.006923724869476243
0938 (10).jpg,0,0.006595668452877513
0938 (2).jpg,0,0.007790039508535922
0938 (3).jpg,0,0.006666878903929393
0938 (4).jpg,0,0.007123510051727405
0938 (5).jpg,0,0.007249459369836409
0938 (6).jpg,0,0.006167895787594644
0938 (7).jpg,0,0.007098085911641005
0938 (8).jpg,0,0.010205179782315816
0938 (9).jpg,0,0.007035694614765031
0938.jpg,0,0.011126873688729591
0939 (10).jpg,0,0.011554858364629052
0939 (2).jpg,0,0.009129230616785824
0939 (3).jpg,0,0.006355971293199687
0939 (4).jpg,0,0.006239835938293759
0939 (5).jpg,0,0.00629616246441121
0939 (6).jpg,0,0.006597264397326248
0939 (7).jpg,0,0.12740866734193437
0939 (8).jpg,0,0.006241294913008402
0939 (9).jpg,0,0.013234944459377203
0939.jpg,0,0.032891980280623234
0940 (10).jpg,0,0.019810428857241845
0940 (2).jpg,0,0.007513968758976919
0940 (3).jpg,0,0.007936194458027459
0940 (4).jpg,0,0.006869252062426608
0940 (5).jpg,0,0.007927916272233314
0940 (6).jpg,0,0.006401771445885401
0940 (7).jpg,0,0.007231516348664183
0940 (8).jpg,0,0.006775870619388005
0940 (9).jpg,0,0.14420834168037347
0940.jpg,0,0.007834493596611805
0941 (10).jpg,0,0.006812113884191404
0941 (2).jpg,0,0.006362777986311821
0941 (3).jpg,0,0.03193464410815323
0941 (4).jpg,0,0.01604888227432322
0941 (5).jpg,0,0.006373192701083193
0941 (6).jpg,0,0.006766526443641758
0941 (7).jpg,0,0.007146904863527875
0941 (8).jpg,0,0.006339518936087939
0941 (9).jpg,0,0.009820723537274386
0941.jpg,0,0.01226671461296144
0942 (10).jpg,0,0.009868404034450436
0942 (2).jpg,0,0.006319415755539786
0942 (3).jpg,0,0.008477186537135946
0942 (4).jpg,0,0.006182710032396312
0942 (5).jpg,0,0.007265590398495232
0942 (6).jpg,0,0.006170147861935068
0942 (7).jpg,0,0.007565701719382771
0942 (8).jpg,0,0.009093820072576688
0942 (9).jpg,0,0.006301120278064358
0942.jpg,0,0.00824187057811387
0943 (10).jpg,0,0.006171544123413299
0943 (2).jpg,0,0.007338292828569112
0943 (3).jpg,0,0.006753228752536734
0943 (4).jpg,0,0.02533394997698774
0943 (5).jpg,0,0.006590214228730164
0943 (6).jpg,0,0.006225198676715458
0943 (7).jpg,0,0.009365950380598943
0943 (8).jpg,0,0.008872688329375142
0943 (9).jpg,0,0.0065564348421847714
0943.jpg,0,0.006859476423410867
0944 (10).jpg,0,0.006262153099292718
0944 (2).jpg,0,0.014009159988515247
0944 (3).jpg,0,0.006668229184413647
0944 (4).jpg,0,0.006786328828299316
0944 (5).jpg,0,0.006481334201723707
0944 (6).jpg,0,0.024117852928227382
0944 (7).jpg,0,0.007574022300790793
0944 (8).jpg,0,0.006730140190665193
0944 (9).jpg,0,0.014883377936982375
0944.jpg,0,0.006987229183053395
0945 (10).jpg,0,0.007013782398636604
0945 (2).jpg,0,0.007473016501579107
0945 (3).jpg,0,0.0077744034673277625
0945 (4).jpg,0,0.006433649480317316
0945 (5).jpg,0,0.0064600323536671425
0945 (6).jpg,0,0.006341956940041437
0945 (7).jpg,0,0.006918253109721998
0945 (8).jpg,0,0.007458459667428795
0945 (9).jpg,0,0.007198262840467878
0945.jpg,0,0.007583151047869605
0946 (10).jpg,0,0.019906798724683292
0946 (2).jpg,0,0.007158605190269992
0946 (3).jpg,1,0.9891431885015657
0946 (4).jpg,0,0.006381409113936825
0946 (5).jpg,0,0.008011914307399547
0946 (6).jpg,0,0.006209524256197205
0946 (7).jpg,0,0.0063976257575764925
0946 (8).jpg,0,0.00744067727247689
0946 (9).jpg,0,0.006853093933406348
0946.jpg,0,0.025905381747613226
0947 (10).jpg,0,0.006309802879973936
0947 (2).jpg,0,0.006539271155116084
0947 (3).jpg,0,0.008171049453873107
0947 (4).jpg,0,0.006250648106694433
0947 (5).jpg,0,0.01229528977595165
0947 (6).jpg,0,0.013441151547829924
0947 (7).jpg,0,0.006687896087337242
0947 (8).jpg,0,0.006527063737221083
0947 (9).jpg,0,0.0072374578584238364
0947.jpg,0,0.006431102820871016
0948 (10).jpg,0,0.006660518645822047
0948 (2).jpg,0,0.006955570417724558
0948 (3).jpg,0,0.007156560242437898
0948 (4).jpg,0,0.00615960244226953
0948 (5).jpg,0,0.013398760990430693
0948 (6).jpg,0,0.00996745379733511
0948 (7).jpg,0,0.006660691439442477
0948 (8).jpg,0,0.006740518199004868
0948 (9).jpg,0,0.01885861021109802
0948.jpg,0,0.060330361442159273
0949 (10).jpg,0,0.01646752663603827
0949 (2).jpg,0,0.007486501471981813
0949 (3).jpg,0,0.006946478669936823
0949 (4).jpg,0,0.006364884818756464
0949 (5).jpg,0,0.007549251228589067
0949 (6).jpg,0,0.007256260924352291
0949 (7).jpg,0,0.007051059476342973
0949 (8).jpg,0,0.006281481124510567
0949 (9).jpg,0,0.007690350859706804
0949.jpg,0,0.006921617063294787
0950 (10).jpg,0,0.007339763714103142
0950 (2).jpg,0,0.0196040310729094
0950 (3).jpg,0,0.006315169600350651
0950 (4).jpg,0,0.006841816203312569
0950 (5).jpg,0,0.00626545864770204
0950 (6).jpg,0,0.00616280813578644
0950 (7).jpg,0,0.009448885686501195
0950 (8).jpg,0,0.006550398011683017
0950 (9).jpg,0,0.012893066937555644
0950.jpg,0,0.008616095876647991
0951 (10).jpg,0,0.007900260202398132
0951 (2).jpg,0,0.020214406289513157
0951 (3).jpg,0,0.008919206865699312
0951 (4).jpg,0,0.00843236291459429
0951 (5).jpg,0,0.007000347984240396
0951 (6).jpg,0,0.00669479517383719
0951 (7).jpg,0,0.00752191742511705
0951 (8).jpg,0,0.006430925655406903
0951 (9).jpg,0,0.006554202054292943
0951.jpg,0,0.010940127575423356
0952 (10).jpg,0,0.006994011809270009
0952 (2).jpg,0,0.011140344490212162
0952 (3).jpg,0,0.006493267583828302
0952 (4).jpg,0,0.006508264822085292
0952 (5).jpg,0,0.0068141095352656205
0952 (6).jpg,0,0.006209309659628277
0952 (7).jpg,0,0.0072177961058309875
0952 (8).jpg,0,0.006623889546021832
0952 (9).jpg,0,0.01698888783244704
0952.jpg,0,0.010076799993516544
0953 (10).jpg,0,0.008033466398045716
0953 (2).jpg,0,0.008505020566803355
0953 (3).jpg,0,0.007222070876771333
0953 (4).jpg,0,0.006230803704278297
0953 (5).jpg,0,0.006498443057489658
0953 (6).jpg,0,0.006574426210723821
0953 (7).jpg,0,0.00663574413937868
0953 (8).jpg,0,0.006401248567912428
0953 (9).jpg,0,0.011055925729831927
0953.jpg,0,0.007731479233905734
0954 (10).jpg,0,0.007655593158958384
0954 (2).jpg,0,0.007470899760820691
0954 (3).jpg,1,0.9656206174579102
0954 (4).jpg,0,0.007720171675743197
0954 (5).jpg,0,0.006509996000365071
0954 (6).jpg,0,0.006336210942929727
0954 (7).jpg,0,0.008544589833735865
0954 (8).jpg,0,0.00787614816075273
0954 (9).jpg,0,0.008026848504307174
0954.jpg,0,0.05294116129050359
0955 (10).jpg,0,0.006283109119657839
0955 (2).jpg,0,0.06767352376905846
0955 (3).jpg,0,0.007218341559020474
0955 (4).jpg,0,0.007345941884369963
0955 (5).jpg,0,0.011800271353669215
0955 (6).jpg,0,0.0062292161169159145
0955 (7).jpg,0,0.007441817322500979
0955 (8).jpg,0,0.007194107196178887
0955 (9).jpg,0,0.007372485097820011
0955.jpg,0,0.006468106740528084
0956 (10).jpg,0,0.01047659693777154
0956 (2).jpg,0,0.006427851571676412
0956 (3).jpg,0,0.0074398009828925615
0956 (4).jpg,1,0.6625148795568734
0956 (5).jpg,0,0.01267255461289066
0956 (6).jpg,0,0.006529971784111355
0956 (7).jpg,0,0.006451013671330203
0956 (8).jpg,0,0.006606262223450121
0956 (9).jpg,0,0.008334834941369747
0956.jpg,0,0.007119430099660832
0957 (10).jpg,0,0.010654427673684751
0957 (2).jpg,0,0.016359499919093648
0957 (3).jpg,0,0.008964594107493198
0957 (4).jpg,0,0.007275756112642407
0957 (5).jpg,0,0.006570859112606742
0957 (6).jpg,0,0.006505022229541425
0957 (7).jpg,0,0.006293183417816346
0957 (8).jpg,0,0.006174058623601316
0957 (9).jpg,0,0.010598878011465154
0957.jpg,0,0.006313535676409082
0958 (10).jpg,0,0.006670068199529244
0958 (2).jpg,0,0.019255564785582026
0958 (3).jpg,0,0.006761309920006928
0958 (4).jpg,0,0.006196519098620534
0958 (5).jpg,0,0.006849314932780051
0958 (6).jpg,0,0.006706045298103644
0958 (7).jpg,0,0.006573480787781863
0958 (8).jpg,0,0.007248999897498701
0958 (9).jpg,0,0.00701423339954774
0958.jpg,0,0.02572124843896406
0959 (10).jpg,0,0.27946784634675104
0959 (2).jpg,0,0.007337822922208951
0959 (3).jpg,0,0.008953756750175717
0959 (4).jpg,0,0.007588755541235225
0959 (5).jpg,0,0.009651891984867145
0959 (6).jpg,0,0.006506369984994436
0959 (7).jpg,0,0.007202545462404776
0959 (8).jpg,0,0.006728433854228611
0959 (9).jpg,0,0.008673327126353667
0959.jpg,0,0.0067182587651418175
0960 (10).jpg,0,0.006846069030603706
0960 (2).jpg,0,0.0077794424090258125
0960 (3).jpg,0,0.026430108347907353
0960 (4).jpg,0,0.006423769260135305
0960 (5).jpg,0,0.008771966885662478
0960 (6).jpg,0,0.023473284021233866
0960 (7).jpg,0,0.006485133175646378
0960 (8).jpg,0,0.006184008243649218
0960 (9).jpg,0,0.008059687223476128
0960.jpg,0,0.023112760204805963
0961 (10).jpg,0,0.020513825058026437
0961 (2).jpg,0,0.006495497563433516
0961 (3).jpg,0,0.009135434539728381
0961 (4).jpg,0,0.006230246509510585
0961 (5).jpg,0,0.006323458156750768
0961 (6).jpg,0,0.10674814240881833
0961 (7).jpg,0,0.006343000168019263
0961 (8).jpg,0,0.006692005407517796
0961 (9).jpg,0,0.006153044150422411
0961.jpg,0,0.010047212057337836
0962 (10).jpg,0,0.007699203198928831
0962 (2).jpg,0,0.007331374853056168
0962 (3).jpg,0,0.007678500233386086
0962 (4).jpg,0,0.006338563597073892
0962 (5).jpg,0,0.006363738842851335
0962 (6).jpg,1,0.8079208310240534
0962 (7).jpg,0,0.010637287033447672
0962 (8).jpg,0,0.0071895161897722465
0962 (9).jpg,0,0.010702627108819309
0962.jpg,0,0.037839480801440915
0963 (10).jpg,0,0.0070957442255651215
0963 (2).jpg,0,0.006596346052906452
0963 (3).jpg,0,0.012821645009771437
0963 (4).jpg,0,0.006294617456823892
0963 (5).jpg,0,0.006274548654975684
0963 (6).jpg,0,0.00648038187136029
0963 (7).jpg,0,0.00788561920102021
0963 (8).jpg,0,0.007289226660746369
0963 (9).jpg,0,0.0064581013694811696
0963.jpg,0,0.0077695310273663935
0964 (10).jpg,0,0.007291669119272245
0964 (2).jpg,0,0.052128403207392905
0964 (3).jpg,0,0.012827131739101999
0964 (4).jpg,0,0.0067085135060959596
0964 (5).jpg,0,0.006182473932363241
0964 (6).jpg,0,0.006652832468718935
0964 (7).jpg,0,0.006229085493063846
0964 (8).jpg,0,0.013113359943889305
0964 (9).jpg,0,0.008054903704944305
0964.jpg,1,0.850231957717592
0965 (10).jpg,0,0.009898094197034498
0965 (2).jpg,0,0.05274101932883106
0965 (3).jpg,0,0.007475260364532971
0965 (4).jpg,0,0.006368800207489359
0965 (5).jpg,0,0.00974731324338348
0965 (6).jpg,0,0.0072343494233501485
0965 (7).jpg,0,0.014181459934592088
0965 (8).jpg,0,0.08005795347774433
0965 (9).jpg,0,0.009341438743268857
0965.jpg,0,0.011094021776047997
0966 (10).jpg,0,0.007484044653548145
0966 (2).jpg,0,0.006241103795060318
0966 (3).jpg,0,0.006965116099214153
0966 (4).jpg,0,0.009064123378469504
0966 (5).jpg,0,0.006857483161661917
0966 (6).jpg,0,0.006180595173883303
0966 (7).jpg,0,0.006602771831402097
0966 (8).jpg,0,0.007003059148078395
0966 (9).jpg,0,0.02096738689834008
0966.jpg,0,0.008243304110162821
0967 (10).jpg,0,0.006612692384093819
0967 (2).jpg,0,0.029989492078118858
0967 (3).jpg,0,0.08891653870252894
0967 (4).jpg,0,0.01163977576900563
0967 (5).jpg,0,0.021167522372631833
0967 (6).jpg,0,0.05618733368875249
0967 (7).jpg,0,0.00632952695687263
0967 (8).jpg,0,0.006872403110638377
0967 (9).jpg,0,0.016615154823453108
0967.jpg,0,0.007087015857539773
0968 (10).jpg,0,0.006971724006301376
0968 (2).jpg,0,0.00703248973914397
0968 (3).jpg,0,0.006735603153193662
0968 (4).jpg,0,0.0063578945858868315
0968 (5).jpg,0,0.007030112920429171
0968 (6).jpg,0,0.006163009600981732
0968 (7).jpg,0,0.006265187925368171
0968 (8).jpg,0,0.009825152431654471
0968 (9).jpg,0,0.009186304939972809
0968.jpg,0,0.007447792885782613
0969 (10).jpg,0,0.008211237923752708
0969 (2).jpg,0,0.006975674478394008
0969 (3).jpg,0,0.012316947975919458
0969 (4).jpg,0,0.006656945586690592
0969 (5).jpg,0,0.007455433866588112
0969 (6).jpg,0,0.0062857220549227015
0969 (7).jpg,0,0.006575504269555382
0969 (8).jpg,0,0.006633573795182037
0969 (9).jpg,0,0.011272448790497535
0969.jpg,0,0.00745272906275129
0970 (10).jpg,0,0.007692994933200882
0970 (2).jpg,0,0.20582184062851488
0970 (3).jpg,0,0.007000005303133011
0970 (4).jpg,0,0.01149166650434363
0970 (5).jpg,0,0.0074574690212397534
0970 (6).jpg,0,0.008270359481821945
0970 (7).jpg,0,0.007890257654491114
0970 (8).jpg,0,0.006309212615773584
0970 (9).jpg,1,0.9461430778925262
0970.jpg,1,0.9829099335311504
0971 (10).jpg,0,0.00708578910036271
0971 (2).jpg,0,0.00718267021836004
0971 (3).jpg,0,0.006893592349505194
0971 (4).jpg,0,0.007504428976054111
0971 (5).jpg,0,0.006350002326235201
0971 (6).jpg,0,0.0068792807627204985
0971 (7).jpg,0,0.006479777350058088
0971 (8).jpg,0,0.006263324741498206
0971 (9).jpg,0,0.009300033341056772
0971.jpg,0,0.0065797716559321436
0972 (10).jpg,0,0.020029907580531043
0972 (2).jpg,0,0.010526155133370173
0972 (3).jpg,0,0.006715073290374347
0972 (4).jpg,0,0.0062366687703499435
0972 (5).jpg,0,0.028875057873126143
0972 (6).jpg,0,0.008851290953657972
0972 (7).jpg,0,0.012343643055751774
0972 (8).jpg,0,0.007064839261293709
0972 (9).jpg,0,0.10147149473427321
0972.jpg,0,0.00690080051285918
0973 (10).jpg,0,0.007673645284732396
0973 (2).jpg,0,0.016427962713090445
0973 (3).jpg,0,0.007148332905589119
0973 (4).jpg,0,0.007001795485240006
0973 (5).jpg,0,0.09372467003941022
0973 (6).jpg,0,0.006462630793496626
0973 (7).jpg,0,0.006416572414093899
0973 (8).jpg,0,0.00707620663274473
0973 (9).jpg,0,0.0075009903656237656
0973.jpg,0,0.006776079117459793
0974 (10).jpg,1,0.7137093139008562
0974 (2).jpg,0,0.0062785079742391356
0974 (3).jpg,0,0.006310678384400669
0974 (4).jpg,0,0.007615720955839177
0974 (5).jpg,0,0.006496996967183532
0974 (6).jpg,0,0.00659594723909682
0974 (7).jpg,0,0.009074077600376195
0974 (8).jpg,0,0.0065114460147937675
0974 (9).jpg,0,0.009726715091753048
0974.jpg,0,0.009226793520070045
0975 (10).jpg,0,0.0070057559537721895
0975 (2).jpg,0,0.008125565773241257
0975 (3).jpg,0,0.008717507361594067
0975 (4).jpg,0,0.0990466271174733
0975 (5).jpg,0,0.00630114371511784
0975 (6).jpg,0,0.006404036531180873
0975 (7).jpg,0,0.006351281642268643
0975 (8).jpg,0,0.006412041311908645
0975 (9).jpg,0,0.006746216266514414
0975.jpg,0,0.0240741569623609
0976 (10).jpg,0,0.0068571964615688815
0976 (2).jpg,0,0.006284946101498038
0976 (3).jpg,0,0.0064507882263145164
0976 (4).jpg,0,0.006589984435757148
0976 (5).jpg,0,0.010697723726449195
0976 (6).jpg,0,0.006157634723356477
0976 (7).jpg,0,0.008108735665030462
0976 (8).jpg,0,0.00666521232898306
0976 (9).jpg,0,0.006634768742147985
0976.jpg,0,0.008887967687508673
0977 (10).jpg,0,0.00744373173952532
0977 (2).jpg,0,0.006357710929983536
0977 (3).jpg,1,0.8476036404544148
0977 (4).jpg,0,0.007754321574397164
0977 (5).jpg,0,0.01312545212051402
0977 (6).jpg,0,0.0061930644251817525
0977 (7).jpg,0,0.006815313326983766
0977 (8).jpg,0,0.00981116922326706
0977 (9).jpg,0,0.008506503526791226
0977.jpg,0,0.01003368808426585
0978 (10).jpg,0,0.009253761480508308
0978 (2).jpg,0,0.006258794198800826
0978 (3).jpg,1,0.6463732542062718
0978 (4).jpg,0,0.006324285049269473
0978 (5).jpg,0,0.008663773491657452
0978 (6).jpg,0,0.00640863225651897
0978 (7).jpg,0,0.00794502178901086
0978 (8).jpg,0,0.00944212251260896
0978 (9).jpg,0,0.010825595573761556
0978.jpg,0,0.08257878682224416
0979 (10).jpg,0,0.0063501423184801516
0979 (2).jpg,0,0.00793105506039794
0979 (3).jpg,0,0.006695466546470373
0979 (4).jpg,0,0.00624749836550958
0979 (5).jpg,0,0.03624690588501354
0979 (6).jpg,0,0.006424753786469725
0979 (7).jpg,0,0.007206136304923918
0979 (8).jpg,0,0.0066409267972585
0979 (9).jpg,0,0.008587102736825286
0979.jpg,0,0.040467255907900256
0980 (10).jpg,0,0.009038737331595402
0980 (2).jpg,0,0.0770371387858041
0980 (3).jpg,1,0.8193235125538048
0980 (4).jpg,0,0.018169507273679626
0980 (5).jpg,0,0.006449287804663596
0980 (6).jpg,0,0.009389985696558764
0980 (7).jpg,0,0.009688467250681038
0980 (8).jpg,0,0.007787996636543171
0980 (9).jpg,0,0.008246945861802062
0980.jpg,0,0.00847622442230216
0981 (10).jpg,0,0.008889660447831588
0981 (2).jpg,0,0.007402671037378012
0981 (3).jpg,0,0.00773565499865061
0981 (4).jpg,0,0.010886326610481287
0981 (5).jpg,0,0.007118287997389239
0981 (6).jpg,0,0.006484890641247542
0981 (7).jpg,0,0.008316945810507409
0981 (8).jpg,0,0.006494668397045045
0981 (9).jpg,0,0.007782628007870078
0981.jpg,0,0.006817846846493233
0982 (10).jpg,0,0.007312418359906331
0982 (2).jpg,0,0.006397826492319482
0982 (3).jpg,0,0.006565760395018342
0982 (4).jpg,0,0.006552629952365432
0982 (5).jpg,0,0.014874347217584197
0982 (6).jpg,0,0.006357899645169432
0982 (7).jpg,0,0.0080804983294316
0982 (8).jpg,0,0.008070896336274301
0982 (9).jpg,0,0.007014217625390779
0982.jpg,1,0.8081574590602812
0983 (10).jpg,0,0.020568118682888884
0983 (2).jpg,0,0.011428407704229274
0983 (3).jpg,0,0.007829356981250354
0983 (4).jpg,0,0.006371973501238847
0983 (5).jpg,0,0.006877738923242744
0983 (6).jpg,0,0.006644632441247709
0983 (7).jpg,0,0.007315991016121241
0983 (8).jpg,0,0.006726019683917032
0983 (9).jpg,0,0.0081263566293765
0983.jpg,0,0.012072897977598637
0984 (10).jpg,0,0.006458719572477837
0984 (2).jpg,0,0.007452898319781224
0984 (3).jpg,0,0.010281188006611234
0984 (4).jpg,0,0.007240578437260483
0984 (5).jpg,0,0.0068527058013246964
0984 (6).jpg,0,0.006213465824349374
0984 (7).jpg,0,0.0065748731542318644
0984 (8).jpg,0,0.010088404259226517
0984 (9).jpg,0,0.010450441307523591
0984.jpg,0,0.008241044735212878
0985 (10).jpg,0,0.013784591882688994
0985 (2).jpg,0,0.006732882804522036
0985 (3).jpg,0,0.006682596589262603
0985 (4).jpg,0,0.006555220274532357
0985 (5).jpg,0,0.008140672601666826
0985 (6).jpg,0,0.38723060080575816
0985 (7).jpg,0,0.010275863782551405
0985 (8).jpg,0,0.007336092790832999
0985 (9).jpg,0,0.008211360575841152
0985.jpg,0,0.01046441211362107
0986 (10).jpg,0,0.04925862992147927
0986 (2).jpg,0,0.010575765248950686
0986 (3).jpg,0,0.009034677472774252
0986 (4).jpg,0,0.006584318285486155
0986 (5).jpg,0,0.10347387177553767
0986 (6).jpg,0,0.007944198550655797
0986 (7).jpg,0,0.010278892159773173
0986 (8).jpg,0,0.011513116760938424
0986 (9).jpg,0,0.008347185408839131
0986.jpg,0,0.008822310419910172
0987 (10).jpg,0,0.022110312618832294
0987 (2).jpg,0,0.0075195595210902555
0987 (3).jpg,0,0.007625947017796993
0987 (4).jpg,0,0.006557415106093376
0987 (5).jpg,0,0.0065008380059045565
0987 (6).jpg,0,0.007550327813527456
0987 (7).jpg,0,0.006459608405052795
0987 (8).jpg,0,0.006457131987841559
0987 (9).jpg,0,0.008742646302479284
0987.jpg,0,0.01707032230928491
0988 (10).jpg,0,0.006793352227864651
0988 (2).jpg,0,0.006249505634039155
0988 (3).jpg,0,0.007102804152774251
0988 (4).jpg,0,0.010884952606622074
0988 (5).jpg,0,0.00777334770099658
0988 (6).jpg,0,0.006825995373394127
0988 (7).jpg,0,0.008847355681988677
0988 (8).jpg,0,0.006747303204754265
0988 (9).jpg,0,0.008420815424549595
0988.jpg,0,0.006978845067486377
0989 (10).jpg,0,0.006430959993017011
0989 (2).jpg,0,0.008025782804531425
0989 (3).jpg,0,0.006212469090836521
0989 (4).jpg,1,0.973446781933883
0989 (5).jpg,0,0.009069701664978003
0989 (6).jpg,0,0.006739982834983374
0989 (7).jpg,0,0.007039799191473051
0989 (8).jpg,0,0.006554275386817678
0989 (9).jpg,0,0.00679251413509355
0989.jpg,1,0.9669672424388676
0990 (10).jpg,0,0.012111514146921652
0990 (2).jpg,1,0.9671900664051654
0990 (3).jpg,0,0.013314802596488835
0990 (4).jpg,0,0.00826653462596461
0990 (5).jpg,0,0.007021648732041814
0990 (6).jpg,0,0.006274997615974068
0990 (7).jpg,0,0.007123458805153675
0990 (8).jpg,0,0.015875161865749995
0990 (9).jpg,0,0.008735763029570718
0990.jpg,0,0.01524106240958895
0991 (10).jpg,0,0.011030047609427206
0991 (2).jpg,0,0.006789795020835322
0991 (3).jpg,0,0.007526079147691238
0991 (4).jpg,0,0.006842733896897096
0991 (5).jpg,0,0.006290739694783605
0991 (6).jpg,0,0.007646309205928853
0991 (7).jpg,0,0.006310300237593499
0991 (8).jpg,0,0.016297408031087455
0991 (9).jpg,0,0.007335673013316481
0991.jpg,0,0.006920466893979881
0992 (10).jpg,0,0.006417658101498583
0992 (2).jpg,0,0.006445496449793429
0992 (3).jpg,0,0.008023063151308242
0992 (4).jpg,0,0.006485665226909281
0992 (5).jpg,0,0.0073264749370282245
0992 (6).jpg,0,0.006764877406135138
0992 (7).jpg,0,0.006555628399404437
0992 (8).jpg,0,0.006892420892435346
0992 (9).jpg,0,0.007443858044701594
0992.jpg,0,0.1106660968177596
0993 (10).jpg,0,0.011426449158304803
0993 (2).jpg,0,0.007075846170049045
0993 (3).jpg,1,0.5313056244809701
0993 (4).jpg,0,0.008476066602574136
0993 (5).jpg,0,0.006552521560053586
0993 (6).jpg,0,0.00649442553497513
0993 (7).jpg,0,0.006295360557993024
0993 (8).jpg,0,0.007127346273439166
0993 (9).jpg,0,0.007802443819586472
0993.jpg,0,0.009885854465222714
0994 (10).jpg,0,0.018796284643744533
0994 (2).jpg,0,0.007142172986164901
0994 (3).jpg,0,0.009222581119627397
0994 (4).jpg,0,0.006175437295739663
0994 (5).jpg,0,0.011130245231297783
0994 (6).jpg,0,0.007365144810304399
0994 (7).jpg,0,0.006344491520680397
0994 (8).jpg,0,0.0061542219650137266
0994 (9).jpg,0,0.006961868574163117
0994.jpg,0,0.00711904341245878
0995 (10).jpg,0,0.007100349626187074
0995 (2).jpg,0,0.006484990587745469
0995 (3).jpg,0,0.006431975908453082
0995 (4).jpg,0,0.006256691229551468
0995 (5).jpg,0,0.007241615195653268
0995 (6).jpg,0,0.0062813969625707755
0995 (7).jpg,0,0.009805772542324403
0995 (8).jpg,0,0.006635144572596707
0995 (9).jpg,0,0.0068835700689960045
0995.jpg,0,0.020064068450463518
0996 (10).jpg,0,0.006824967816479921
0996 (2).jpg,1,0.8201277032417232
0996 (3).jpg,0,0.05480642657830502
0996 (4).jpg,0,0.006386407541617823
0996 (5).jpg,0,0.008392393904174067
0996 (6).jpg,0,0.00661862247215693
0996 (7).jpg,0,0.006492895961828135
0996 (8).jpg,0,0.014777345275190241
0996 (9).jpg,0,0.006837051669751607
0996.jpg,0,0.008191113665660483
0997 (10).jpg,0,0.00681290419496237
0997 (2).jpg,0,0.0070517562677089255
0997 (3).jpg,0,0.013573389598241429
0997 (4).jpg,0,0.006667235098611723
0997 (5).jpg,0,0.010253609717416796
0997 (6).jpg,0,0.007188061826525902
0997 (7).jpg,0,0.009176043807640775
0997 (8).jpg,0,0.006392650963967456
0997 (9).jpg,0,0.006753940441010843
0997.jpg,0,0.05166059626576962
0998 (10).jpg,0,0.009916772565930215
0998 (2).jpg,0,0.013781998191575797
0998 (3).jpg,0,0.0065810187169705985
0998 (4).jpg,0,0.009857932802890669
0998 (5).jpg,0,0.011149332230612765
0998 (6).jpg,0,0.006550803503444316
0998 (7).jpg,0,0.011068030839419726
0998 (8).jpg,0,0.01287237540756709
0998 (9).jpg,0,0.00749831612984027
0998.jpg,0,0.006752331953218688
0999 (10).jpg,0,0.006509074675577319
0999 (2).jpg,0,0.007473046198696877
0999 (3).jpg,0,0.006408506200849624
0999 (4).jpg,0,0.007754079394748053
0999 (5).jpg,0,0.007608174133650252
0999 (6).jpg,0,0.006439496925188751
0999 (7).jpg,0,0.006294011356046527
0999 (8).jpg,0,0.006966712325990819
0999 (9).jpg,0,0.008078189552436249
0999.jpg,1,0.9807538201807499
0 (10).jpg,1,0.9918310079082622
0 (2).jpg,1,0.9903456309465883
0 (3).jpg,1,0.9900824341476305
0 (4).jpg,1,0.9894655232708864
0 (5).jpg,1,0.9922337632077163
0 (6).jpg,1,0.990531481999299
0 (7).jpg,1,0.9926078732103533
0 (8).jpg,1,0.9921468916105824
0 (9).jpg,1,0.9913678339870352
0.jpg,1,0.988714195121025
1 (10).jpg,1,0.9906753394242995
1 (2).jpg,1,0.9898699092163469
1 (3).jpg,1,0.9822250435746557
1 (4).jpg,1,0.9916927277065277
1 (5).jpg,1,0.9914748704220602
1 (6).jpg,1,0.9921262523795471
1 (7).jpg,1,0.9926029212928479
1 (8).jpg,1,0.9921102352992546
1 (9).jpg,1,0.9903864685870395
1.jpg,1,0.9917880243290944
10 (10).jpg,1,0.9883626949509313
10 (2).jpg,1,0.990073705321527
10 (3).jpg,1,0.9918078471374868
10 (4).jpg,1,0.9924637114772448
10 (5).jpg,1,0.9902500270062796
10 (6).jpg,0,0.03465752602490412
10 (7).jpg,1,0.9925318903290856
10 (8).jpg,1,0.9902304759264581
10 (9).jpg,1,0.9901783102417225
10.jpg,1,0.9907747402965772
100 (10).jpg,1,0.9910683320765856
100 (2).jpg,1,0.9912977965543771
100 (3).jpg,1,0.9869073496840931
100 (4).jpg,1,0.9916473241925906
100 (5).jpg,1,0.6273804363263735
100 (6).jpg,1,0.9910556890463462
100 (7).jpg,1,0.9925884365396371
100 (8).jpg,1,0.9922875816852912
100 (9).jpg,1,0.9907601261332956
100.jpg,1,0.9906362638740952
101 (10).jpg,1,0.9920623913616745
101 (2).jpg,1,0.7140396814764114
101 (3).jpg,1,0.9634507543319576
101 (4).jpg,1,0.9920236482459325
101 (5).jpg,1,0.9923856037194605
101 (6).jpg,1,0.9924153924456621
101 (7).jpg,1,0.9926010413489763
101 (8).jpg,1,0.9901761101598047
101 (9).jpg,1,0.986731230840222
101.jpg,1,0.9687035664884275
102 (10).jpg,1,0.9808060660177955
102 (2).jpg,1,0.6795258772724286
102 (3).jpg,1,0.988752022239574
102 (4).jpg,1,0.9917223962410098
102 (5).jpg,1,0.9885695238926724
102 (6).jpg,1,0.9921087601664752
102 (7).jpg,1,0.9923036420100159
102 (8).jpg,1,0.9889906823265407
102 (9).jpg,1,0.931077209676359
102.jpg,1,0.9922249737532292
103 (10).jpg,1,0.9719949386205755
103 (2).jpg,1,0.9889287625710341
103 (3).jpg,1,0.9913344235398465
103 (4).jpg,1,0.9919866773810748
103 (5).jpg,1,0.9917841440484916
103 (6).jpg,1,0.9912549533194511
103 (7).jpg,1,0.992565674436574
103 (8).jpg,1,0.9898656306653425
103 (9).jpg,1,0.9913699366503237
103.jpg,1,0.9911793001759773
104 (10).jpg,1,0.9922343710663452
104 (2).jpg,1,0.9922387516115542
104 (3).jpg,1,0.9875162846009214
104 (4).jpg,1,0.9895803131231817
104 (5).jpg,1,0.9919989514667009
104 (6).jpg,1,0.9916077744417423
104 (7).jpg,1,0.9924633710204938
104 (8).jpg,1,0.9925327810665032
104 (9).jpg,1,0.9910622188106146
104.jpg,1,0.9881503618037083
105 (10).jpg,1,0.9869976308883501
105 (2).jpg,1,0.9909355514393355
105 (3).jpg,1,0.990295940886398
105 (4).jpg,1,0.9898075979845197
105 (5).jpg,1,0.9925326630371687
105 (6).jpg,1,0.9912931350148488
105 (7).jpg,1,0.9926154936462943
105 (8).jpg,1,0.9925576680742654
105 (9).jpg,1,0.9912345467536862
105.jpg,1,0.988582315469377
106 (10).jpg,1,0.9583224915243743
106 (2).jpg,1,0.9920342467357529
106 (3).jpg,1,0.8961516067731047
106 (4).jpg,1,0.9921814345829768
106 (5).jpg,1,0.9923824299274513
106 (6).jpg,1,0.9924711806040972
106 (7).jpg,1,0.9926173607009567
106 (8).jpg,1,0.9924648334634539
106 (9).jpg,1,0.9887894250312463
106.jpg,1,0.991278508277682
107 (10).jpg,1,0.9917239442412479
107 (2).jpg,1,0.9923235026101987
107 (3).jpg,1,0.9429721404830618
107 (4).jpg,1,0.9911212166568539
107 (5).jpg,0,0.06478961529058506
107 (6).jpg,1,0.9923204618240318
107 (7).jpg,1,0.9923367980750224
107 (8).jpg,1,0.5779307635281812
107 (9).jpg,1,0.9903642877234337
107.jpg,1,0.9921122837523593
108 (10).jpg,1,0.9883212729513324
108 (2).jpg,1,0.9923168324778542
108 (3).jpg,1,0.9877024557367088
108 (4).jpg,1,0.9923101429856743
108 (5).jpg,1,0.9919353272005177
108 (6).jpg,1,0.9923510702245714
108 (7).jpg,1,0.9925405017982368
108 (8).jpg,1,0.99031027250676
108 (9).jpg,1,0.9879432107117078
108.jpg,1,0.9917331883971142
109 (10).jpg,1,0.9874992815108922
109 (2).jpg,1,0.9925447301415663
109 (3).jpg,1,0.9903227870070122
109 (4).jpg,1,0.9134889112843246
109 (5).jpg,1,0.9822930039649428
109 (6).jpg,1,0.9732557058037766
109 (7).jpg,1,0.992542678247016
109 (8).jpg,1,0.990308323313633
109 (9).jpg,1,0.9739848537891783
109.jpg,1,0.9911168979592132
11 (10).jpg,1,0.9902679978411754
11 (2).jpg,1,0.9902639093099828
11 (3).jpg,1,0.991668283710558
11 (4).jpg,1,0.9890316526582703
11 (5).jpg,1,0.9907419715181416
11 (6).jpg,1,0.9918351589592633
11 (7).jpg,1,0.9875374558108501
11 (8).jpg,1,0.9843660846344665
11 (9).jpg,1,0.9909838429248373
11.jpg,1,0.9897503103718143
110 (10).jpg,1,0.9549586497757004
110 (2).jpg,1,0.9847210439618603
110 (3).jpg,1,0.9893905835209287
110 (4).jpg,1,0.9926073853344062
110 (5).jpg,1,0.9921630206060564
110 (6).jpg,1,0.9925419085596606
110 (7).jpg,1,0.9923376266721424
110 (8).jpg,1,0.9905013356888083
110 (9).jpg,1,0.9919821301519801
110.jpg,1,0.9918163881914583
111 (10).jpg,1,0.9851987643926547
111 (2).jpg,1,0.9160941140679811
111 (3).jpg,1,0.9850346108974363
111 (4).jpg,1,0.9923868699177744
111 (5).jpg,1,0.7721099846149643
111 (6).jpg,1,0.9923533619330455
111 (7).jpg,1,0.9924146617988321
111 (8).jpg,1,0.9917987497621925
111 (9).jpg,1,0.5329264389308032
111.jpg,1,0.9719462061819535
112 (10).jpg,1,0.9092862634998347
112 (2).jpg,1,0.9901078644883962
112 (3).jpg,1,0.9899451985201694
112 (4).jpg,1,0.9913161497797685
112 (5).jpg,1,0.9895539978667537
112 (6).jpg,1,0.6271037723285828
112 (7).jpg,1,0.9893817573474736
112 (8).jpg,1,0.9922622401741347
112 (9).jpg,1,0.9919913177607343
112.jpg,1,0.9826104242528202
113 (10).jpg,1,0.9915342239150108
113 (2).jpg,1,0.9891985008657626
113 (3).jpg,1,0.9917236298915653
113 (4).jpg,1,0.991422555196415
113 (5).jpg,1,0.9913534742150207
113 (6).jpg,1,0.9919442497397406
113 (7).jpg,1,0.9925806162912533
113 (8).jpg,1,0.9922815492307254
113 (9).jpg,1,0.9906045670686293
113.jpg,1,0.8384169604241188
114 (10).jpg,1,0.9909906105760596
114 (2).jpg,1,0.991384782901958
114 (3).jpg,1,0.9882290891334323
114 (4).jpg,1,0.9923205348425199
114 (5).jpg,1,0.9922785813066795
114 (6).jpg,1,0.9914964180956545
114 (7).jpg,0,0.3440371193489428
114 (8).jpg,1,0.9918695999137747
114 (9).jpg,1,0.9922903476459666
114.jpg,1,0.9763944850173625
115 (10).jpg,1,0.9900619008023678
115 (2).jpg,1,0.9915476185123865
115 (3).jpg,0,0.018703437834490768
115 (4).jpg,1,0.9888238668540777
115 (5).jpg,1,0.9870724008586325
115 (6).jpg,1,0.992372055228075
115 (7).jpg,1,0.9923255345482723
115 (8).jpg,1,0.9921386237031037
115 (9).jpg,1,0.9887411790884937
115.jpg,1,0.9920684563736359
116 (10).jpg,1,0.9921104200749258
116 (2).jpg,1,0.9919340715010418
116 (3).jpg,1,0.9861931364418092
116 (4).jpg,1,0.9899593149258449
116 (5).jpg,1,0.9916946549531255
116 (6).jpg,1,0.9914879155155097
116 (7).jpg,1,0.9926055709769358
116 (8).jpg,1,0.9908983870038173
116 (9).jpg,1,0.9920305434484699
116.jpg,1,0.992220511396331
117 (10).jpg,1,0.9912611203124458
117 (2).jpg,1,0.9891894594501385
117 (3).jpg,1,0.4846144711327995
117 (4).jpg,1,0.9924123492245087
117 (5).jpg,1,0.9925555257842481
117 (6).jpg,1,0.9900993804381714
117 (7).jpg,1,0.992526630878715
117 (8).jpg,1,0.9851349189804544
117 (9).jpg,0,0.38937393587427804
117.jpg,1,0.9925223727876274
118 (10).jpg,1,0.9824392522907618
118 (2).jpg,1,0.9923026423283952
118 (3).jpg,1,0.9751304092421629
118 (4).jpg,1,0.9850158931610838
118 (5).jpg,1,0.9911496676305059
118 (6).jpg,1,0.9910488890047761
118 (7).jpg,1,0.9925666869319978
118 (8).jpg,1,0.991748531574671
118 (9).jpg,1,0.990956329857911
118.jpg,1,0.9908101676873468
119 (10).jpg,1,0.9191120632188483
119 (2).jpg,1,0.9915443684446322
119 (3).jpg,1,0.9914800995510714
119 (4).jpg,1,0.9925318167849677
119 (5).jpg,1,0.9921908535120294
119 (6).jpg,1,0.9899010161785662
119 (7).jpg,1,0.9911900574093412
119 (8).jpg,1,0.808946919522873
119 (9).jpg,1,0.9910224127832689
119.jpg,1,0.9880039119725207
12 (10).jpg,1,0.9893656290513017
12 (2).jpg,1,0.9921729847876377
12 (3).jpg,1,0.9886009348299147
12 (4).jpg,1,0.9920485025027613
12 (5).jpg,1,0.9910985483688293
12 (6).jpg,1,0.9910723987408249
12 (7).jpg,1,0.9924394171612105
12 (8).jpg,1,0.9917255167882306
12 (9).jpg,1,0.9912816003485874
12.jpg,1,0.987614253592094
120 (10).jpg,1,0.9917905566002065
120 (2).jpg,1,0.9883750807952891
120 (3).jpg,1,0.9888778366512047
120 (4).jpg,1,0.9924960032966521
120 (5).jpg,1,0.9919207046827048
120 (6).jpg,1,0.9918274365536879
120 (7).jpg,1,0.9925734775574238
120 (8).jpg,1,0.9901753598555949
120 (9).jpg,1,0.992112211467359
120.jpg,1,0.9882098976225199
121 (10).jpg,1,0.9922814231815904
121 (2).jpg,1,0.9918458245868568
121 (3).jpg,1,0.9904771219510947
121 (4).jpg,1,0.99228550252704
121 (5).jpg,1,0.99194172543604
121 (6).jpg,1,0.9912644610658358
121 (7).jpg,1,0.9920686152565007
121 (8).jpg,1,0.9920321480637126
121 (9).jpg,1,0.991509183806194
121.jpg,1,0.9881824831503503
122 (10).jpg,1,0.9924373619992187
122 (2).jpg,1,0.9921982825058782
122 (3).jpg,1,0.9877092842266911
122 (4).jpg,1,0.9918686031501049
122 (5).jpg,1,0.9926080256803526
122 (6).jpg,1,0.9907690237693936
122 (7).jpg,1,0.9926030577642148
122 (8).jpg,1,0.9916432884119052
122 (9).jpg,1,0.9814755804520565
122.jpg,1,0.9919228002863796
123 (10).jpg,1,0.99041614622776
123 (2).jpg,1,0.9920087936155741
123 (3).jpg,1,0.9920955674365937
123 (4).jpg,1,0.9915683474699764
123 (5).jpg,1,0.9925068560249481
123 (6).jpg,1,0.9909092756015659
123 (7).jpg,1,0.9924100258197414
123 (8).jpg,1,0.9915957821497248
123 (9).jpg,1,0.9908366931914695
123.jpg,1,0.9917107731313822
124 (10).jpg,1,0.9889872507726406
124 (2).jpg,1,0.9901151110145154
124 (3).jpg,0,0.05684596744490343
124 (4).jpg,1,0.992372449021116
124 (5).jpg,1,0.991508364646135
124 (6).jpg,1,0.9914584485925699
124 (7).jpg,1,0.9920687779602024
124 (8).jpg,1,0.9923289746998601
124 (9).jpg,1,0.9643769880840122
124.jpg,1,0.991085204333575
125 (10).jpg,1,0.9914591248169955
125 (2).jpg,1,0.9923310284393514
125 (3).jpg,1,0.9874172834691033
125 (4).jpg,1,0.9916470983903802
125 (5).jpg,1,0.9925525917443877
125 (6).jpg,1,0.991416386642004
125 (7).jpg,1,0.992582613507864
125 (8).jpg,1,0.983227259498705
125 (9).jpg,1,0.9905630361857121
125.jpg,1,0.9860652682836176
126 (10).jpg,1,0.9811809967391585
126 (2).jpg,1,0.9911077746245702
126 (3).jpg,1,0.9709172224535725
126 (4).jpg,1,0.9866590024213985
126 (5).jpg,1,0.9925485684997849
126 (6).jpg,0,0.030976268311545943
126 (7).jpg,1,0.992613089537261
126 (8).jpg,1,0.9921271193709056
126 (9).jpg,1,0.9677140949426124
126.jpg,1,0.9902818152849037
127 (10).jpg,1,0.9911022668092937
127 (2).jpg,1,0.9916761511287613
127 (3).jpg,1,0.9914095859012947
127 (4).jpg,1,0.9911956919684373
127 (5).jpg,1,0.9923627564642546
127 (6).jpg,1,0.9915905195208097
127 (7).jpg,1,0.9925802725025336
127 (8).jpg,1,0.9907625590074199
127 (9).jpg,1,0.988302937917458
127.jpg,1,0.9915137184704752
128 (10).jpg,1,0.9919214924982602
128 (2).jpg,1,0.9924544738648787
128 (3).jpg,1,0.9919591603991568
128 (4).jpg,1,0.9918044417053774
128 (5).jpg,1,0.9871231727697243
128 (6).jpg,1,0.8939309137606026
128 (7).jpg,1,0.992177543928775
128 (8).jpg,1,0.9919763413432268
128 (9).jpg,1,0.9821418364811093
128.jpg,1,0.9923548120048876
129 (10).jpg,1,0.9902316811499844
129 (2).jpg,1,0.9925529854673227
129 (3).jpg,1,0.9917924183893452
129 (4).jpg,1,0.9924950355911063
129 (5).jpg,1,0.9900751388147176
129 (6).jpg,1,0.9923992240159015
129 (7).jpg,1,0.9925279748443788
129 (8).jpg,1,0.9922084679384792
129 (9).jpg,1,0.9911168779805466
129.jpg,1,0.5650321297096912
13 (10).jpg,1,0.9903240894700182
13 (2).jpg,1,0.9923335531217031
13 (3).jpg,1,0.7912291730710783
13 (4).jpg,1,0.9925009649727933
13 (5).jpg,1,0.9925187995303287
13 (6).jpg,1,0.9881097841909288
13 (7).jpg,1,0.9920327120002312
13 (8).jpg,1,0.9913197171480705
13 (9).jpg,1,0.9626850039515925
13.jpg,1,0.9866022206049899
130 (10).jpg,1,0.9850476156263325
130 (2).jpg,1,0.9915606797438817
130 (3).jpg,1,0.9911920021058319
130 (4).jpg,1,0.9921558103467261
130 (5).jpg,1,0.9785794722367452
130 (6).jpg,1,0.9797002501893467
130 (7).jpg,1,0.9925453797593032
130 (8).jpg,1,0.9923717617104091
130 (9).jpg,1,0.9899559017459058
130.jpg,1,0.9898364142276947
131 (10).jpg,1,0.9910496566262612
131 (2).jpg,1,0.9925098515285294
131 (3).jpg,1,0.9917082128467012
131 (4).jpg,1,0.7006958107962211
131 (5).jpg,1,0.9922244455068604
131 (6).jpg,1,0.992508895616055
131 (7).jpg,1,0.9924934460141936
131 (8).jpg,1,0.991220206588305
131 (9).jpg,1,0.9916954583280037
131.jpg,1,0.9922779698807623
132 (10).jpg,1,0.9913729553491374
132 (2).jpg,1,0.988199162524253
132 (3).jpg,1,0.9905047419619415
132 (4).jpg,1,0.9923339409275048
132 (5).jpg,1,0.9908357414500981
132 (6).jpg,1,0.9922686438746625
132 (7).jpg,1,0.9923340056851117
132 (8).jpg,1,0.9919950430402988
132 (9).jpg,1,0.9909992633126349
132.jpg,1,0.9633484302459844
133 (10).jpg,1,0.9899644889771895
133 (2).jpg,1,0.9857725507550947
133 (3).jpg,1,0.9842007201971346
133 (4).jpg,1,0.9925333766290143
133 (5).jpg,0,0.15546627071760777
133 (6).jpg,1,0.9923652688665962
133 (7).jpg,1,0.9916718302546704
133 (8).jpg,1,0.9916547771187334
133 (9).jpg,1,0.9915159438931856
133.jpg,1,0.9880633778006607
134 (10).jpg,1,0.9861149235914054
134 (2).jpg,1,0.9922811646199736
134 (3).jpg,1,0.9909221241141137
134 (4).jpg,1,0.9899510642810079
134 (5).jpg,1,0.9872025048799218
134 (6).jpg,1,0.991939725067515
134 (7).jpg,1,0.992605348629358
134 (8).jpg,1,0.46404513126546476
134 (9).jpg,1,0.9918164533214058
134.jpg,0,0.06974811210203952
135 (10).jpg,1,0.9905873818761813
135 (2).jpg,1,0.9914891739728664
135 (3).jpg,1,0.9917262086867095
135 (4).jpg,1,0.9923629434816666
135 (5).jpg,1,0.9925300191837774
135 (6).jpg,1,0.9925645789608873
135 (7).jpg,1,0.99188061442232
135 (8).jpg,1,0.9644373163623426
135 (9).jpg,1,0.9880574225119219
135.jpg,1,0.9916183988263055
136 (10).jpg,1,0.9923117174497573
136 (2).jpg,1,0.9919123991399302
136 (3).jpg,1,0.991344480836883
136 (4).jpg,1,0.9798687988782673
136 (5).jpg,0,0.01349172729448268
136 (6).jpg,1,0.9494126891145311
136 (7).jpg,1,0.9925265810266106
136 (8).jpg,0,0.051085983973095855
136 (9).jpg,1,0.9488589561009176
136.jpg,1,0.992004335654636
137 (10).jpg,1,0.9911466556502279
137 (2).jpg,1,0.9861814455388827
137 (3).jpg,1,0.9917711167479015
137 (4).jpg,1,0.9926122461274486
137 (5).jpg,1,0.9925169262629765
137 (6).jpg,1,0.992083455015351
137 (7).jpg,1,0.9921164217731758
137 (8).jpg,1,0.9922776389947092
137 (9).jpg,0,0.19527674081405597
137.jpg,1,0.9682464573463133
138 (10).jpg,1,0.990527590040723
138 (2).jpg,1,0.991477428735773
138 (3).jpg,1,0.9896244220286203
138 (4).jpg,1,0.992455747111549
138 (5).jpg,1,0.9885793056813521
138 (6).jpg,1,0.9922069726777428
138 (7).jpg,1,0.9925969420434453
138 (8).jpg,1,0.9920035261260546
138 (9).jpg,1,0.9803257939719418
138.jpg,1,0.9909170992926146
139 (10).jpg,1,0.9899700603877315
139 (2).jpg,1,0.9902040486532426
139 (3).jpg,1,0.8453486397267287
139 (4).jpg,1,0.9926186084849907
139 (5).jpg,1,0.9919156571872717
139 (6).jpg,1,0.9886088664678053
139 (7).jpg,1,0.9926064275669981
139 (8).jpg,1,0.9863184024459524
139 (9).jpg,1,0.956859407407688
139.jpg,1,0.9850862453495564
14 (10).jpg,1,0.9816766887053231
14 (2).jpg,1,0.9916920833390558
14 (3).jpg,1,0.9900215410589694
14 (4).jpg,1,0.9919592229618422
14 (5).jpg,1,0.984770715374305
14 (6).jpg,1,0.9924334638296185
14 (7).jpg,1,0.991544907392725
14 (8).jpg,1,0.9922525547180865
14 (9).jpg,1,0.9912273609174767
14.jpg,1,0.9889542989447425
140 (10).jpg,1,0.9909115268561693
140 (2).jpg,1,0.9919916708904992
140 (3).jpg,1,0.9914796515659652
140 (4).jpg,1,0.9923358376878728
140 (5).jpg,1,0.9906266354488251
140 (6).jpg,1,0.9192766027696937
140 (7).jpg,1,0.9926224047288741
140 (8).jpg,1,0.9924862773191135
140 (9).jpg,1,0.9893996827962285
140.jpg,1,0.9912037933864921
141 (10).jpg,1,0.9908302440575403
141 (2).jpg,1,0.9922019092683252
141 (3).jpg,1,0.9887064395253297
141 (4).jpg,1,0.9923344115889308
141 (5).jpg,1,0.9919783363290657
141 (6).jpg,1,0.9910313069142352
141 (7).jpg,1,0.9926217259644677
141 (8).jpg,1,0.9914961925075267
141 (9).jpg,1,0.5206892421660378
141.jpg,1,0.9922570089738691
142 (10).jpg,1,0.9920661217079167
142 (2).jpg,1,0.9882468547892352
142 (3).jpg,1,0.984018698887798
142 (4).jpg,1,0.9902259430763265
142 (5).jpg,1,0.9923635811662933
142 (6).jpg,1,0.9914383141663157
142 (7).jpg,1,0.9926170772510544
142 (8).jpg,1,0.9913072156487118
142 (9).jpg,1,0.9904614351249839
142.jpg,1,0.9897118881638356
143 (10).jpg,1,0.9860119771904634
143 (2).jpg,1,0.9922533823603154
143 (3).jpg,1,0.9827493344183532
143 (4).jpg,0,0.286700331448548
143 (5).jpg,1,0.9920365147801634
143 (6).jpg,1,0.9923509959090243
143 (7).jpg,1,0.9925027240634339
143 (8).jpg,1,0.9707663209781772
143 (9).jpg,1,0.9917290022437658
143.jpg,1,0.9873508736579015
144 (10).jpg,1,0.9871826490435792
144 (2).jpg,1,0.9890996036053528
144 (3).jpg,1,0.6091017791416802
144 (4).jpg,1,0.9924022525335677
144 (5).jpg,1,0.9925370447302746
144 (6).jpg,0,0.11858292680574503
144 (7).jpg,1,0.9920551542404614
144 (8).jpg,1,0.9919962641725509
144 (9).jpg,1,0.9916183509985171
144.jpg,1,0.9921870125262284
145 (10).jpg,1,0.9892809024074841
145 (2).jpg,1,0.9911845768123827
145 (3).jpg,1,0.5923080234111698
145 (4).jpg,1,0.9925764306925507
145 (5).jpg,1,0.9918931600446645
145 (6).jpg,1,0.9922548398580667
145 (7).jpg,1,0.9925011783599108
145 (8).jpg,1,0.9906045235981403
145 (9).jpg,1,0.9913859807445632
145.jpg,1,0.9858563446760736
146 (10).jpg,0,0.41923761600011866
146 (2).jpg,1,0.989173520331313
146 (3).jpg,1,0.9920868907048878
146 (4).jpg,1,0.9899558470594594
146 (5).jpg,1,0.9900555276752915
146 (6).jpg,1,0.9912182505764349
146 (7).jpg,1,0.9906808349287057
146 (8).jpg,1,0.9918339064374669
146 (9).jpg,1,0.9883349314065928
146.jpg,1,0.9922942151849332
147 (10).jpg,1,0.990363074302339
147 (2).jpg,1,0.9912272182057851
147 (3).jpg,1,0.9843407265993804
147 (4).jpg,1,0.9915475137636395
147 (5).jpg,1,0.9921602129224445
147 (6).jpg,1,0.992411149398502
147 (7).jpg,1,0.992624676878397
147 (8).jpg,1,0.9822159590820373
147 (9).jpg,1,0.9903828191261829
147.jpg,1,0.9891444435746134
148 (10).jpg,1,0.9911916390362994
148 (2).jpg,1,0.9908185510583841
148 (3).jpg,1,0.9417550339255919
148 (4).jpg,1,0.9522923243705764
148 (5).jpg,1,0.9921871944099969
148 (6).jpg,1,0.9922123277506624
148 (7).jpg,1,0.9924665131904679
148 (8).jpg,1,0.9906689977634818
148 (9).jpg,1,0.9915297565394963
148.jpg,1,0.9885384852670617
149 (10).jpg,1,0.8702049439461315
149 (2).jpg,1,0.9899123537769815
149 (3).jpg,0,0.3115606037620472
149 (4).jpg,1,0.9919008643588725
149 (5).jpg,1,0.9922177393221251
149 (6).jpg,1,0.9910850206625555
149 (7).jpg,1,0.9920538860228777
149 (8).jpg,1,0.9880986239749012
149 (9).jpg,1,0.9901313521593228
149.jpg,1,0.990822571743714
15 (10).jpg,1,0.989930834783759
15 (2).jpg,1,0.9893279916180541
15 (3).jpg,1,0.9920746459332538
15 (4).jpg,1,0.9920156287845279
15 (5).jpg,1,0.9922736350828076
15 (6).jpg,1,0.9903787706734449
15 (7).jpg,1,0.992583777757161
15 (8).jpg,1,0.9924041540256329
15 (9).jpg,1,0.9921988231334928
15.jpg,1,0.9911902129040004
150 (10).jpg,1,0.9895622482607589
150 (2).jpg,1,0.961060259191733
150 (3).jpg,1,0.9690316433963989
150 (4).jpg,1,0.9907837280808459
150 (5).jpg,1,0.9913042510139527
150 (6).jpg,1,0.985140747999254
150 (7).jpg,1,0.9924616278035819
150 (8).jpg,1,0.9903969973171587
150 (9).jpg,1,0.9815329742270008
150.jpg,1,0.9893462875218728
151 (10).jpg,1,0.9913143234877028
151 (2).jpg,1,0.9923152640302413
151 (3).jpg,1,0.9678406743634519
151 (4).jpg,1,0.9913290342997654
151 (5).jpg,1,0.9906055237940348
151 (6).jpg,1,0.9540631814290859
151 (7).jpg,1,0.9902799892281816
151 (8).jpg,1,0.992188727393334
151 (9).jpg,1,0.990791060431147
151.jpg,1,0.9920592445766387
152 (10).jpg,0,0.02187677472380676
152 (2).jpg,1,0.9919288908762861
152 (3).jpg,1,0.9879490119596028
152 (4).jpg,1,0.9911531705469963
152 (5).jpg,1,0.9924383829239544
152 (6).jpg,1,0.9925587728434919
152 (7).jpg,1,0.9925927251944
152 (8).jpg,1,0.9904017847276924
152 (9).jpg,1,0.984629142517111
152.jpg,1,0.9922207236279753
153 (10).jpg,1,0.9913068690028322
153 (2).jpg,1,0.9921609610281868
153 (3).jpg,1,0.989738123919964
153 (4).jpg,1,0.9924346201891342
153 (5).jpg,1,0.9920913215963879
153 (6).jpg,1,0.9918114560426946
153 (7).jpg,1,0.992544160048682
153 (8).jpg,1,0.9913360614485679
153 (9).jpg,1,0.990858286253125
153.jpg,1,0.9688710077989723
154 (10).jpg,1,0.9920071967872651
154 (2).jpg,1,0.9920626439739828
154 (3).jpg,1,0.9891168266873253
154 (4).jpg,1,0.9829443609156557
154 (5).jpg,1,0.9911044865171404
154 (6).jpg,1,0.9922376938543248
154 (7).jpg,1,0.9920137670936922
154 (8).jpg,1,0.9922068378587668
154 (9).jpg,1,0.9912791064598511
154.jpg,1,0.9913412594502469
155 (10).jpg,1,0.985176738573692
155 (2).jpg,1,0.9186685759388745
155 (3).jpg,1,0.9902725216670158
155 (4).jpg,1,0.9912476379697095
155 (5).jpg,1,0.9730254931970641
155 (6).jpg,1,0.9780156168197699
155 (7).jpg,1,0.9926030953089908
155 (8).jpg,1,0.9914603993030604
155 (9).jpg,1,0.9851599211868054
155.jpg,1,0.9922258440446267
156 (10).jpg,1,0.9918677034379493
156 (2).jpg,1,0.9919057963254323
156 (3).jpg,1,0.992249676189018
156 (4).jpg,1,0.9919454822034101
156 (5).jpg,1,0.9923145056595604
156 (6).jpg,1,0.9913997267915088
156 (7).jpg,1,0.98961691409439
156 (8).jpg,1,0.9897083382319759
156 (9).jpg,1,0.9874449677648521
156.jpg,1,0.8431056063233177
157 (10).jpg,1,0.9923196925498258
157 (2).jpg,1,0.9924152118082291
157 (3).jpg,1,0.9839610991522268
157 (4).jpg,1,0.9800645025678886
157 (5).jpg,1,0.9921243742823661
157 (6).jpg,1,0.9923202974347717
157 (7).jpg,1,0.9724488648343761
157 (8).jpg,1,0.9922632410633898
157 (9).jpg,1,0.9910960309710085
157.jpg,1,0.9923968828738758
158 (10).jpg,1,0.9906007910340046
158 (2).jpg,1,0.9872622463520079
158 (3).jpg,1,0.9896888602123697
158 (4).jpg,1,0.9919720870311619
158 (5).jpg,1,0.9924637747057384
158 (6).jpg,1,0.991621339257164
158 (7).jpg,1,0.9925516291279594
158 (8).jpg,1,0.9909042620435082
158 (9).jpg,1,0.9888716655926575
158.jpg,1,0.992039183920958
159 (10).jpg,1,0.986167529028897
159 (2).jpg,1,0.9878097041616166
159 (3).jpg,1,0.9855881190553494
159 (4).jpg,1,0.9909971172133457
159 (5).jpg,1,0.9919509547700132
159 (6).jpg,1,0.990705990105028
159 (7).jpg,1,0.9919778590450187
159 (8).jpg,1,0.9836795642318794
159 (9).jpg,0,0.423415795369841
159.jpg,0,0.27757435890669174
16 (10).jpg,1,0.9915423578087532
16 (2).jpg,1,0.9889846925348519
16 (3).jpg,1,0.979488566742794
16 (4).jpg,1,0.9925744744115857
16 (5).jpg,1,0.9898340675677545
16 (6).jpg,1,0.9879413676062127
16 (7).jpg,1,0.9922294857932022
16 (8).jpg,1,0.9911462475169406
16 (9).jpg,1,0.9916841324386609
16.jpg,1,0.9862107869122587
160 (10).jpg,1,0.9923539252712673
160 (2).jpg,1,0.9917498787167411
160 (3).jpg,1,0.9907388888280068
160 (4).jpg,1,0.9917337749608444
160 (5).jpg,1,0.9907424103224046
160 (6).jpg,1,0.9922083327798012
160 (7).jpg,1,0.9925739566689422
160 (8).jpg,1,0.9916956579298821
160 (9).jpg,1,0.9907244526646564
160.jpg,1,0.9447334951582466
161 (10).jpg,1,0.9902595463407765
161 (2).jpg,1,0.9924301346704066
161 (3).jpg,1,0.9839513573816749
161 (4).jpg,1,0.9921784098603098
161 (5).jpg,1,0.9925934924132934
161 (6).jpg,0,0.08369297186532745
161 (7).jpg,1,0.9926170037101029
161 (8).jpg,1,0.9895824641391914
161 (9).jpg,1,0.9899741053646769
161.jpg,1,0.9805901013645869
162 (10).jpg,1,0.9916756051816197
162 (2).jpg,1,0.991809710067131
162 (3).jpg,1,0.9905248564770841
162 (4).jpg,1,0.99193745413033
162 (5).jpg,1,0.990895018923495
162 (6).jpg,1,0.45934592205758623
162 (7).jpg,1,0.9924101320831072
162 (8).jpg,1,0.990041281590033
162 (9).jpg,1,0.9919542497764187
162.jpg,1,0.9922835118101404
163 (10).jpg,1,0.9885124997316724
163 (2).jpg,1,0.9921629659952881
163 (3).jpg,1,0.9231706736853201
163 (4).jpg,1,0.9912052595089904
163 (5).jpg,1,0.9906663887181749
163 (6).jpg,1,0.9910468766193103
163 (7).jpg,1,0.9925399626419475
163 (8).jpg,1,0.9913669999882261
163 (9).jpg,1,0.9820273138209377
163.jpg,1,0.9811430448724555
164 (10).jpg,1,0.9840283335859475
164 (2).jpg,1,0.98663501316865
164 (3).jpg,1,0.9919394138019108
164 (4).jpg,1,0.9918981240486822
164 (5).jpg,1,0.9911153031640629
164 (6).jpg,1,0.991487401645973
164 (7).jpg,1,0.9917216633718619
164 (8).jpg,1,0.9921833554816923
164 (9).jpg,1,0.9920123625731039
164.jpg,1,0.9915889924998874
165 (10).jpg,1,0.803673075971506
165 (2).jpg,1,0.9913455343815939
165 (3).jpg,1,0.988841296983681
165 (4).jpg,0,0.1012199644631694
165 (5).jpg,1,0.9914139396799769
165 (6).jpg,1,0.9921813876788014
165 (7).jpg,1,0.9923747091491345
165 (8).jpg,1,0.9916881565318733
165 (9).jpg,1,0.9911611321202585
165.jpg,1,0.9921488914534498
166 (10).jpg,1,0.9917028769466723
166 (2).jpg,1,0.9917661588530828
166 (3).jpg,1,0.9904034431264235
166 (4).jpg,1,0.9922982252057433
166 (5).jpg,1,0.9906426671438799
166 (6).jpg,1,0.9924847172738004
166 (7).jpg,1,0.992546942324424
166 (8).jpg,1,0.9891728284828675
166 (9).jpg,1,0.9880053637935197
166.jpg,1,0.9906277741569048
167 (10).jpg,1,0.9914198774947214
167 (2).jpg,1,0.9923273951690346
167 (3).jpg,1,0.9619676725758427
167 (4).jpg,1,0.9925167126623752
167 (5).jpg,1,0.9914388775297339
167 (6).jpg,1,0.9908436848391844
167 (7).jpg,1,0.9921132233826512
167 (8).jpg,1,0.9925000090404613
167 (9).jpg,1,0.7269322072573606
167.jpg,1,0.9607717735197345
168 (10).jpg,1,0.9889860604700714
168 (2).jpg,1,0.9918516432200862
168 (3).jpg,1,0.9806086507918226
168 (4).jpg,1,0.9911420821990764
168 (5).jpg,1,0.9910540261526509
168 (6).jpg,1,0.9909121818621968
168 (7).jpg,1,0.9917191469577445
168 (8).jpg,1,0.9887923870834343
168 (9).jpg,1,0.9917854718117134
168.jpg,1,0.9920555009671339
169 (10).jpg,1,0.9885961924724372
169 (2).jpg,1,0.9924302703793075
169 (3).jpg,1,0.9896210986588744
169 (4).jpg,1,0.9911991033782833
169 (5).jpg,1,0.9914162606949435
169 (6).jpg,1,0.9895077938259841
169 (7).jpg,1,0.9905871432598078
169 (8).jpg,1,0.9907954671845299
169 (9).jpg,0,0.2855373736497552
169.jpg,1,0.9915362224116807
17 (10).jpg,1,0.9886311795927912
17 (2).jpg,1,0.9894511334784248
17 (3).jpg,1,0.9842076149179212
17 (4).jpg,1,0.9917323210336041
17 (5).jpg,1,0.9925925645609766
17 (6).jpg,1,0.9881999342559604
17 (7).jpg,1,0.9923769853507084
17 (8).jpg,1,0.9923097660412278
17 (9).jpg,1,0.9906440690999415
17.jpg,1,0.992292737751909
170 (10).jpg,1,0.9913714354483012
170 (2).jpg,1,0.9924473603457687
170 (3).jpg,1,0.991343289285424
170 (4).jpg,1,0.9913495690228219
170 (5).jpg,1,0.989890310492835
170 (6).jpg,1,0.9884691985617529
170 (7).jpg,1,0.9921424684933047
170 (8).jpg,1,0.9900161960155143
170 (9).jpg,1,0.9892752161925549
170.jpg,1,0.9917663788316189
171 (10).jpg,1,0.9909167274158193
171 (2).jpg,1,0.9912447193647191
171 (3).jpg,1,0.9922060615356552
171 (4).jpg,1,0.9922009722683721
171 (5).jpg,1,0.9920840536916423
171 (6).jpg,1,0.9923882102541203
171 (7).jpg,1,0.9883544659941954
171 (8).jpg,1,0.9837795394191086
171 (9).jpg,1,0.983034675258143
171.jpg,1,0.9894494583190172
172 (10).jpg,1,0.9676666433255248
172 (2).jpg,1,0.991836910882641
172 (3).jpg,1,0.9921177762084717
172 (4).jpg,1,0.9921237376267161
172 (5).jpg,1,0.9923428320598274
172 (6).jpg,1,0.9907263874712887
172 (7).jpg,1,0.9924956091596929
172 (8).jpg,1,0.990633647590358
172 (9).jpg,1,0.9902751811260387
172.jpg,1,0.9915684554954395
173 (10).jpg,1,0.9874157747090618
173 (2).jpg,1,0.9924739655949364
173 (3).jpg,1,0.9891957251098438
173 (4).jpg,1,0.9916595819156179
173 (5).jpg,1,0.9919540738242317
173 (6).jpg,1,0.9922638322367692
173 (7).jpg,1,0.9922186321872777
173 (8).jpg,1,0.9919940248976331
173 (9).jpg,1,0.9905216718230718
173.jpg,1,0.8865983911665909
174 (10).jpg,1,0.9890915234159009
174 (2).jpg,1,0.9872468137353961
174 (3).jpg,1,0.992071727835974
174 (4).jpg,1,0.9908076454169956
174 (5).jpg,1,0.9922547317642694
174 (6).jpg,1,0.9907900838368611
174 (7).jpg,1,0.9926076074600035
174 (8).jpg,1,0.9922563425962919
174 (9).jpg,1,0.8845817045804747
174.jpg,1,0.645261597950433
175 (10).jpg,1,0.9743670254216057
175 (2).jpg,1,0.9922615114639964
175 (3).jpg,1,0.9903430381343004
175 (4).jpg,0,0.08808153487916562
175 (5).jpg,1,0.9901688192069038
175 (6).jpg,1,0.991420021063247
175 (7).jpg,1,0.9925774589613675
175 (8).jpg,1,0.98917466006919
175 (9).jpg,1,0.9889607470398473
175.jpg,1,0.9895045067435521
176 (10).jpg,1,0.9899099206406847
176 (2).jpg,1,0.9905092711513805
176 (3).jpg,1,0.9886154379602282
176 (4).jpg,1,0.9629313356223959
176 (5).jpg,1,0.9919309816975099
176 (6).jpg,1,0.9824765070222987
176 (7).jpg,1,0.9922700168541032
176 (8).jpg,1,0.9920807963739949
176 (9).jpg,1,0.9908689371126252
176.jpg,1,0.8219275496324612
177 (10).jpg,1,0.9909517599537107
177 (2).jpg,1,0.9856096287876399
177 (3).jpg,1,0.7728292022164803
177 (4).jpg,1,0.9912713609756184
177 (5).jpg,1,0.9907521798505718
177 (6).jpg,1,0.9921002211586859
177 (7).jpg,1,0.9922906940621717
177 (8).jpg,1,0.9919444602466096
177 (9).jpg,1,0.9786887488786861
177.jpg,1,0.992105697283071
178 (10).jpg,1,0.9907671050577469
178 (2).jpg,1,0.9922579502986064
178 (3).jpg,1,0.6581191942278324
178 (4).jpg,1,0.9912171016898662
178 (5).jpg,1,0.9911764466184909
178 (6).jpg,1,0.9921046693254821
178 (7).jpg,1,0.9926148456519467
178 (8).jpg,1,0.9903029932346641
178 (9).jpg,1,0.9918008955674181
178.jpg,1,0.9910338944782985
179 (10).jpg,1,0.9910508509423236
179 (2).jpg,1,0.9924851623842835
179 (3).jpg,1,0.7700838774172196
179 (4).jpg,1,0.9913358347236566
179 (5).jpg,1,0.9912162052804107
179 (6).jpg,1,0.9922014666838181
179 (7).jpg,1,0.9925944949019524
179 (8).jpg,1,0.9908654670128826
179 (9).jpg,1,0.9887941448791713
179.jpg,1,0.9919725783937948
18 (10).jpg,1,0.9844091242864371
18 (2).jpg,1,0.9586259729715865
18 (3).jpg,1,0.991414186326553
18 (4).jpg,1,0.9909858368237755
18 (5).jpg,1,0.991016932348148
18 (6).jpg,1,0.9755482704362793
18 (7).jpg,1,0.9925555753938331
18 (8).jpg,1,0.9916816730297418
18 (9).jpg,1,0.9867846531793585
18.jpg,1,0.9919635512810712
180 (10).jpg,1,0.4657130991664226
180 (2).jpg,1,0.9913291669851635
180 (3).jpg,1,0.9918647378063163
180 (4).jpg,1,0.9924430477690896
180 (5).jpg,1,0.9915420921701286
180 (6).jpg,1,0.992257102710918
180 (7).jpg,1,0.9925239401707561
180 (8).jpg,1,0.9922590232081371
180 (9).jpg,1,0.9756589872898657
180.jpg,0,0.2540017583168752
181 (10).jpg,1,0.965471498753302
181 (2).jpg,1,0.9921790617794256
181 (3).jpg,1,0.9328320527996791
181 (4).jpg,1,0.9908066567071537
181 (5).jpg,1,0.9920574898163523
181 (6).jpg,1,0.9868816545656994
181 (7).jpg,1,0.9924498559471194
181 (8).jpg,1,0.9689521031772269
181 (9).jpg,1,0.9918785893574181
181.jpg,1,0.9915041825875667
182 (10).jpg,1,0.990892556113333
182 (2).jpg,0,0.2941427147289511
182 (3).jpg,1,0.9893174029996432
182 (4).jpg,1,0.9922297139022662
182 (5).jpg,1,0.992531847551683
182 (6).jpg,1,0.9913140295607147
182 (7).jpg,1,0.9917083046297879
182 (8).jpg,1,0.9902366454504938
182 (9).jpg,1,0.9862521788025986
182.jpg,1,0.9679595668238953
183 (10).jpg,1,0.982092718406038
183 (2).jpg,1,0.9917722801214685
183 (3).jpg,1,0.9834524158875734
183 (4).jpg,1,0.9922836709134654
183 (5).jpg,1,0.5251791388140291
183 (6).jpg,1,0.9887013353331842
183 (7).jpg,1,0.9925288902850267
183 (8).jpg,1,0.9876327466757662
183 (9).jpg,1,0.9902536318708863
183.jpg,1,0.9919463468715523
184 (10).jpg,1,0.9852297208100517
184 (2).jpg,1,0.9910171094979139
184 (3).jpg,1,0.9860855925052118
184 (4).jpg,1,0.9925696053847295
184 (5).jpg,1,0.9891670940542885
184 (6).jpg,1,0.9925411092263079
184 (7).jpg,1,0.9926147393815664
184 (8).jpg,1,0.9925173660700842
184 (9).jpg,1,0.9918369778544979
184.jpg,1,0.9915856943394715
185 (10).jpg,1,0.991649247680045
185 (2).jpg,1,0.9913178694097248
185 (3).jpg,1,0.9901825604956014
185 (4).jpg,1,0.9925600189928618
185 (5).jpg,1,0.9897691960515268
185 (6).jpg,1,0.9922366223431305
185 (7).jpg,1,0.9926074980703236
185 (8).jpg,1,0.991605460990839
185 (9).jpg,1,0.9830948937689646
185.jpg,1,0.9921584511711634
186 (10).jpg,1,0.9913420707785849
186 (2).jpg,1,0.9870458041984534
186 (3).jpg,1,0.9920651565040637
186 (4).jpg,1,0.9886731368861036
186 (5).jpg,1,0.9878540412456438
186 (6).jpg,1,0.9887748815288758
186 (7).jpg,1,0.9925161953789131
186 (8).jpg,1,0.991686676508473
186 (9).jpg,1,0.9918489813156947
186.jpg,1,0.9880769926383751
187 (10).jpg,1,0.9904484208117716
187 (2).jpg,1,0.9912654930321919
187 (3).jpg,1,0.9912120712741002
187 (4).jpg,1,0.9923811611688337
187 (5).jpg,1,0.985135044992737
187 (6).jpg,1,0.9919011737037485
187 (7).jpg,1,0.9890386946274232
187 (8).jpg,1,0.7267853165526038
187 (9).jpg,1,0.9828765054263213
187.jpg,1,0.9856480048221877
188 (10).jpg,1,0.9918123780568935
188 (2).jpg,1,0.9923315173607549
188 (3).jpg,1,0.8582283216697406
188 (4).jpg,1,0.9918240058266027
188 (5).jpg,1,0.980002794732911
188 (6).jpg,1,0.9895044790632247
188 (7).jpg,1,0.9925984463849981
188 (8).jpg,1,0.9900867484147381
188 (9).jpg,1,0.9839187426268138
188.jpg,1,0.9898824975314158
189 (10).jpg,1,0.9912357136277945
189 (2).jpg,0,0.11698565324027432
189 (3).jpg,1,0.9912186644924957
189 (4).jpg,1,0.9924348338193565
189 (5).jpg,1,0.992023029375402
189 (6).jpg,1,0.9916347400528345
189 (7).jpg,1,0.9926290189982737
189 (8).jpg,1,0.9916806862439682
189 (9).jpg,1,0.9660960638024274
189.jpg,1,0.9903965966200593
19 (10).jpg,1,0.9918353258916903
19 (2).jpg,1,0.9891312833257223
19 (3).jpg,1,0.9512930333675644
19 (4).jpg,1,0.9851223126664869
19 (5).jpg,1,0.9922171772993866
19 (6).jpg,1,0.9920764678168029
19 (7).jpg,1,0.9925328004268055
19 (8).jpg,1,0.9842899433002802
19 (9).jpg,1,0.990475128136029
19.jpg,1,0.982730209548423
190 (10).jpg,1,0.9909904803863343
190 (2).jpg,1,0.9817886948778249
190 (3).jpg,1,0.9352445588339187
190 (4).jpg,1,0.9919071614672696
190 (5).jpg,1,0.9855138595642295
190 (6).jpg,0,0.046283032702699047
190 (7).jpg,1,0.9921615155346954
190 (8).jpg,1,0.9916940859966406
190 (9).jpg,1,0.9778283736371377
190.jpg,0,0.047586402835567546
191 (10).jpg,1,0.974693395689319
191 (2).jpg,1,0.991672958104412
191 (3).jpg,1,0.9847153612149587
191 (4).jpg,1,0.9915728300296347
191 (5).jpg,1,0.9904084198856544
191 (6).jpg,1,0.8802368592246194
191 (7).jpg,1,0.9923962406522585
191 (8).jpg,1,0.9910852487766897
191 (9).jpg,1,0.9881491785336448
191.jpg,1,0.9890754303351241
192 (10).jpg,1,0.9902992733175536
192 (2).jpg,1,0.988431969108841
192 (3).jpg,1,0.9921172127507528
192 (4).jpg,1,0.9924874447727947
192 (5).jpg,0,0.14874655881002113
192 (6).jpg,1,0.9922587569264885
192 (7).jpg,1,0.9838786583885014
192 (8).jpg,1,0.9919099986438622
192 (9).jpg,1,0.9911041543713089
192.jpg,1,0.9924522959633613
193 (10).jpg,1,0.9889926218494989
193 (2).jpg,1,0.9831901740650899
193 (3).jpg,1,0.9899047430352927
193 (4).jpg,1,0.9924304238111313
193 (5).jpg,1,0.9914994854354225
193 (6).jpg,1,0.9887810879392318
193 (7).jpg,1,0.9920045197253995
193 (8).jpg,1,0.9905031843551374
193 (9).jpg,1,0.9919737763587837
193.jpg,1,0.991235241453574
194 (10).jpg,1,0.9919039353973551
194 (2).jpg,1,0.9281021304264269
194 (3).jpg,1,0.9916899267856317
194 (4).jpg,1,0.9916391054171181
194 (5).jpg,1,0.9924196418189936
194 (6).jpg,1,0.992282353972335
194 (7).jpg,1,0.9924953373302916
194 (8).jpg,1,0.9919930338699223
194 (9).jpg,1,0.9907009552009863
194.jpg,1,0.9917911338403841
195 (10).jpg,1,0.9905999218271316
195 (2).jpg,1,0.9915986733580001
195 (3).jpg,1,0.9872874521334473
195 (4).jpg,1,0.9923873728213625
195 (5).jpg,1,0.9854794248933622
195 (6).jpg,1,0.9904331182468031
195 (7).jpg,1,0.9921847453060583
195 (8).jpg,1,0.9923480899759599
195 (9).jpg,1,0.9887082228497435
195.jpg,1,0.9907431709073586
196 (10).jpg,1,0.9816913029578451
196 (2).jpg,1,0.9921325117800012
196 (3).jpg,1,0.9871295648335294
196 (4).jpg,1,0.9925624236325198
196 (5).jpg,1,0.9891580812732915
196 (6).jpg,1,0.9912769857317334
196 (7).jpg,1,0.9926068984855138
196 (8).jpg,1,0.9922836362739137
196 (9).jpg,1,0.991533744686676
196.jpg,1,0.9755340950517976
197 (10).jpg,1,0.9900736807005837
197 (2).jpg,1,0.9924229425585329
197 (3).jpg,1,0.9916248416682282
197 (4).jpg,1,0.9915414240801299
197 (5).jpg,1,0.992256551364685
197 (6).jpg,1,0.9840002045896356
197 (7).jpg,1,0.992515506546465
197 (8).jpg,1,0.9905733596953253
197 (9).jpg,1,0.7998160850499179
197.jpg,1,0.9920665502944666
198 (10).jpg,1,0.9906152142230493
198 (2).jpg,1,0.9918493477047785
198 (3).jpg,1,0.9867771432861114
198 (4).jpg,1,0.9911066161855753
198 (5).jpg,1,0.9919818995519641
198 (6).jpg,1,0.9896354819268657
198 (7).jpg,1,0.9920541738716783
198 (8).jpg,1,0.9910616212025941
198 (9).jpg,1,0.8937777284335726
198.jpg,1,0.980374751566132
199 (10).jpg,1,0.971637983454244
199 (2).jpg,1,0.990915595741513
199 (3).jpg,1,0.9907445545674715
199 (4).jpg,1,0.9920530618857123
199 (5).jpg,1,0.9908329986489349
199 (6).jpg,1,0.9922694958198037
199 (7).jpg,1,0.9920981576102504
199 (8).jpg,1,0.9912658658977087
199 (9).jpg,1,0.9913357547306847
199.jpg,1,0.9919636572209378
2 (10).jpg,1,0.9855540009521133
2 (2).jpg,1,0.9915362446524711
2 (3).jpg,1,0.9923291754428852
2 (4).jpg,1,0.9919135901695567
2 (5).jpg,1,0.992390890912512
2 (6).jpg,1,0.9896743610831474
2 (7).jpg,1,0.9923443077090244
2 (8).jpg,1,0.9892363237977293
2 (9).jpg,1,0.9751584662128158
2.jpg,1,0.9915284160211641
20 (10).jpg,1,0.9764228017102035
20 (2).jpg,1,0.9858824949138462
20 (3).jpg,1,0.9647674082387209
20 (4).jpg,1,0.9916457878116354
20 (5).jpg,1,0.9917314574187315
20 (6).jpg,1,0.9870617384656434
20 (7).jpg,1,0.9908008234543509
20 (8).jpg,1,0.9769361287471053
20 (9).jpg,1,0.9888109913049435
20.jpg,1,0.9897039579197326
200 (10).jpg,1,0.9910755125101156
200 (2).jpg,1,0.9920065906502984
200 (3).jpg,1,0.9914598284876716
200 (4).jpg,1,0.9873858766016211
200 (5).jpg,1,0.9925216196905159
200 (6).jpg,1,0.9804991595203119
200 (7).jpg,1,0.992085413440492
200 (8).jpg,1,0.9923775699156334
200 (9).jpg,1,0.9905917737320673
200.jpg,1,0.99210143597196
201 (10).jpg,0,0.11368374236456698
201 (2).jpg,1,0.9909557148131088
201 (3).jpg,1,0.990446366051749
201 (4).jpg,1,0.990735141755671
201 (5).jpg,1,0.9880595036107856
201 (6).jpg,1,0.9908751910968149
201 (7).jpg,1,0.9921891153064274
201 (8).jpg,1,0.9923833174450956
201 (9).jpg,1,0.9918078228823058
201.jpg,1,0.991852890172606
202 (10).jpg,1,0.9912155460510205
202 (2).jpg,1,0.9920900135406288
202 (3).jpg,1,0.9884936927904094
202 (4).jpg,1,0.9925914628971242
202 (5).jpg,1,0.9925745720883338
202 (6).jpg,1,0.9866000900547159
202 (7).jpg,1,0.9922508644416932
202 (8).jpg,1,0.9921861165804076
202 (9).jpg,1,0.9901416037222651
202.jpg,1,0.9919753833135186
203 (10).jpg,1,0.9900018137293315
203 (2).jpg,1,0.9921111156370616
203 (3).jpg,1,0.5443485769520505
203 (4).jpg,1,0.9909956730470546
203 (5).jpg,1,0.9925597176947535
203 (6).jpg,1,0.992008907622059
203 (7).jpg,1,0.9900062867920324
203 (8).jpg,1,0.9903185803886296
203 (9).jpg,1,0.9916051453149534
203.jpg,1,0.9901144909490032
204 (10).jpg,1,0.9920497228583263
204 (2).jpg,1,0.989682183627464
204 (3).jpg,1,0.9901258906875807
204 (4).jpg,1,0.9913893737069642
204 (5).jpg,1,0.9918997716230168
204 (6).jpg,1,0.9915071091103821
204 (7).jpg,1,0.9925058682097138
204 (8).jpg,1,0.9856414534393437
204 (9).jpg,1,0.9915543391999756
204.jpg,1,0.9870607994696909
205 (10).jpg,1,0.9901418736333556
205 (2).jpg,1,0.9915056987635541
205 (3).jpg,1,0.98854439466491
205 (4).jpg,1,0.9925675604556942
205 (5).jpg,1,0.9922149736159802
205 (6).jpg,1,0.9868108497052877
205 (7).jpg,1,0.9454222687240124
205 (8).jpg,1,0.9918903947206044
205 (9).jpg,1,0.990450905277606
205.jpg,1,0.9681583794978554
206 (10).jpg,1,0.9771990330099258
206 (2).jpg,1,0.991238298239261
206 (3).jpg,1,0.9871344243442797
206 (4).jpg,1,0.9920004554244162
206 (5).jpg,1,0.9368837792415828
206 (6).jpg,1,0.989159940570395
206 (7).jpg,1,0.9924387894244192
206 (8).jpg,1,0.9896626349091836
206 (9).jpg,1,0.9744662494747993
206.jpg,1,0.9915558587782426
207 (10).jpg,1,0.990231814416359
207 (2).jpg,1,0.9923415547453446
207 (3).jpg,1,0.9881832775345228
207 (4).jpg,1,0.9925386281909296
207 (5).jpg,1,0.9912556933171645
207 (6).jpg,1,0.9849898174362194
207 (7).jpg,1,0.9925897365648231
207 (8).jpg,0,0.1511803765757007
207 (9).jpg,1,0.9894767180941083
207.jpg,1,0.9913647888548802
208 (10).jpg,1,0.9913739891491482
208 (2).jpg,1,0.9916688703144572
208 (3).jpg,1,0.9907112395957947
208 (4).jpg,1,0.9924869326232981
208 (5).jpg,1,0.9912075590796956
208 (6).jpg,1,0.9923999894968788
208 (7).jpg,1,0.9915100725611
208 (8).jpg,1,0.991934113259424
208 (9).jpg,1,0.9903910560518647
208.jpg,1,0.9922297590945821
209 (10).jpg,1,0.9912488314591263
209 (2).jpg,1,0.9915058334264355
209 (3).jpg,1,0.9869403183609028
209 (4).jpg,1,0.9240440593330846
209 (5).jpg,1,0.9906266382056498
209 (6).jpg,1,0.9912148157748536
209 (7).jpg,1,0.9917842237714724
209 (8).jpg,1,0.9917289101704775
209 (9).jpg,1,0.9662784392892325
209.jpg,1,0.9896733568794278
21 (10).jpg,1,0.9866605279418513
21 (2).jpg,1,0.9917615911425232
21 (3).jpg,1,0.9848144776301893
21 (4).jpg,1,0.9915236385872899
21 (5).jpg,1,0.9884085526484448
21 (6).jpg,1,0.9920149015951913
21 (7).jpg,1,0.9900506159969589
21 (8).jpg,1,0.9894122444952426
21 (9).jpg,1,0.9863995385743628
21.jpg,1,0.9456068892724698
210 (10).jpg,1,0.9895147521149861
210 (2).jpg,1,0.987692929505724
210 (3).jpg,1,0.9891641897905702
210 (4).jpg,1,0.9618670910204552
210 (5).jpg,1,0.9922302443542397
210 (6).jpg,1,0.9925162672143597
210 (7).jpg,1,0.9926156578049719
210 (8).jpg,1,0.9921057241916459
210 (9).jpg,1,0.9906273456486102
210.jpg,1,0.8269750665857126
211 (10).jpg,1,0.9803856499337115
211 (2).jpg,1,0.9922835478749551
211 (3).jpg,1,0.9907550801506222
211 (4).jpg,1,0.9914229479778682
211 (5).jpg,1,0.9874840641726981
211 (6).jpg,0,0.3582081800263724
211 (7).jpg,1,0.9925873533626972
211 (8).jpg,1,0.876829632949048
211 (9).jpg,1,0.9911266175818211
211.jpg,1,0.9885458155099129
212 (10).jpg,1,0.9913139029170281
212 (2).jpg,1,0.9888862716378923
212 (3).jpg,1,0.9776509433160411
212 (4).jpg,1,0.9920252446786543
212 (5).jpg,1,0.9826602310651382
212 (6).jpg,1,0.9917944411570947
212 (7).jpg,1,0.9889623266832608
212 (8).jpg,1,0.9921523666753004
212 (9).jpg,1,0.9875848975355385
212.jpg,1,0.9903691629663555
213 (10).jpg,1,0.9898732840435897
213 (2).jpg,1,0.9923653171070342
213 (3).jpg,1,0.6713185237505668
213 (4).jpg,1,0.9918373008109806
213 (5).jpg,1,0.9915879222114857
213 (6).jpg,1,0.9913288843693701
213 (7).jpg,1,0.989212423449871
213 (8).jpg,1,0.9898691030157115
213 (9).jpg,1,0.9917651306683352
213.jpg,1,0.9921354890167562
214 (10).jpg,1,0.990309892901921
214 (2).jpg,1,0.991792076354835
214 (3).jpg,1,0.9697905816355251
214 (4).jpg,1,0.9891898368895713
214 (5).jpg,1,0.9894073144766174
214 (6).jpg,1,0.9923572713412228
214 (7).jpg,1,0.9924770038545597
214 (8).jpg,1,0.9906067770529019
214 (9).jpg,1,0.9918772928699073
214.jpg,1,0.9920310881958421
215 (10).jpg,1,0.9920140299684183
215 (2).jpg,1,0.9879367577065701
215 (3).jpg,1,0.9870668619839246
215 (4).jpg,1,0.8809301468627996
215 (5).jpg,1,0.9921816595102136
215 (6).jpg,1,0.9920854585028326
215 (7).jpg,1,0.9924714536554065
215 (8).jpg,1,0.9925562933190266
215 (9).jpg,1,0.9807162899648126
215.jpg,1,0.9924867010794682
216 (10).jpg,1,0.9914890391220159
216 (2).jpg,1,0.9812602572945265
216 (3).jpg,1,0.9883972497080226
216 (4).jpg,1,0.990461891837997
216 (5).jpg,1,0.992265288827744
216 (6).jpg,1,0.9884803336420456
216 (7).jpg,1,0.9923480471013776
216 (8).jpg,1,0.9872803976332384
216 (9).jpg,1,0.9888812130151368
216.jpg,1,0.9918141582388946
217 (10).jpg,1,0.9901671333310458
217 (2).jpg,1,0.991913166313361
217 (3).jpg,1,0.9907709100166355
217 (4).jpg,1,0.992399241364125
217 (5).jpg,1,0.9920798773041831
217 (6).jpg,1,0.991147309969367
217 (7).jpg,1,0.9637509537899875
217 (8).jpg,1,0.9922140333914565
217 (9).jpg,1,0.9904171528121037
217.jpg,1,0.9444542244954724
218 (10).jpg,1,0.9922849223625553
218 (2).jpg,1,0.9921927880299455
218 (3).jpg,1,0.9915759199599724
218 (4).jpg,1,0.9923601372440994
218 (5).jpg,1,0.9926065664839024
218 (6).jpg,1,0.9915823331388095
218 (7).jpg,1,0.9917544367959608
218 (8).jpg,1,0.9851633578600849
218 (9).jpg,1,0.9897380994981622
218.jpg,1,0.9921260594674629
219 (10).jpg,1,0.9535275543307049
219 (2).jpg,1,0.9888719444723693
219 (3).jpg,1,0.9745847989494959
219 (4).jpg,1,0.9909774459278785
219 (5).jpg,1,0.9919982311846501
219 (6).jpg,1,0.9909212959855634
219 (7).jpg,1,0.9920530330652992
219 (8).jpg,1,0.9921520362223026
219 (9).jpg,0,0.13168057310009543
219.jpg,1,0.9907515542724854
22 (10).jpg,1,0.9920887790022427
22 (2).jpg,1,0.9908885220979918
22 (3).jpg,1,0.9723049090105739
22 (4).jpg,1,0.9920426758263756
22 (5).jpg,1,0.9916856047750403
22 (6).jpg,1,0.9915943151882083
22 (7).jpg,1,0.9924076431812737
22 (8).jpg,1,0.9908505038712877
22 (9).jpg,1,0.9917411000428049
22.jpg,1,0.9900930526223641
220 (10).jpg,1,0.9917145778040395
220 (2).jpg,1,0.9898124789926296
220 (3).jpg,1,0.9916213072452245
220 (4).jpg,1,0.9922790692710521
220 (5).jpg,1,0.9926058742177902
220 (6).jpg,1,0.9839962536035737
220 (7).jpg,1,0.9924967277897239
220 (8).jpg,0,0.17784734077739103
220 (9).jpg,1,0.9917854495796949
220.jpg,1,0.9914738845304267
221 (10).jpg,0,0.16504198341506923
221 (2).jpg,1,0.9921127349712064
221 (3).jpg,1,0.9832829726034569
221 (4).jpg,1,0.9917565495238022
221 (5).jpg,1,0.9907565044971106
221 (6).jpg,1,0.9920251787616592
221 (7).jpg,1,0.9924258610831885
221 (8).jpg,1,0.9900589003762827
221 (9).jpg,1,0.9812088627825899
221.jpg,1,0.9907680717033001
222 (10).jpg,1,0.990039806919845
222 (2).jpg,1,0.9919344232383632
222 (3).jpg,1,0.96570590315454
222 (4).jpg,1,0.9921909743143187
222 (5).jpg,1,0.9921352321728444
222 (6).jpg,1,0.9921875655974018
222 (7).jpg,1,0.9926211865901801
222 (8).jpg,1,0.9924642110941688
222 (9).jpg,1,0.9915717966557299
222.jpg,1,0.9899826865854272
223 (10).jpg,1,0.9904858837209239
223 (2).jpg,1,0.9913183652318285
223 (3).jpg,1,0.9681415375885344
223 (4).jpg,1,0.9917176341681471
223 (5).jpg,1,0.9908277142551278
223 (6).jpg,1,0.9908695685511917
223 (7).jpg,1,0.992535521360706
223 (8).jpg,1,0.9924846550173967
223 (9).jpg,1,0.9806188919474395
223.jpg,1,0.9818924076367771
224 (10).jpg,1,0.9895786736533063
224 (2).jpg,1,0.9910048499418381
224 (3).jpg,1,0.8221739130503994
224 (4).jpg,1,0.9925153756015561
224 (5).jpg,1,0.9902706678635478
224 (6).jpg,1,0.9925765082222989
224 (7).jpg,1,0.9925915106613775
224 (8).jpg,1,0.9924852659966027
224 (9).jpg,1,0.9888073833751677
224.jpg,1,0.9919613905696194
225 (10).jpg,1,0.9918762586737019
225 (2).jpg,1,0.9921649420839413
225 (3).jpg,1,0.9887457310417792
225 (4).jpg,1,0.9892811028604876
225 (5).jpg,1,0.9922691212598561
225 (6).jpg,1,0.9891200909453483
225 (7).jpg,1,0.9925582268594302
225 (8).jpg,1,0.9896100096780364
225 (9).jpg,1,0.9867195800591692
225.jpg,1,0.9920259251518169
226 (10).jpg,1,0.987268710550289
226 (2).jpg,1,0.9925459807315314
226 (3).jpg,1,0.9906376811005558
226 (4).jpg,1,0.9925481627041242
226 (5).jpg,1,0.9923285193070771
226 (6).jpg,1,0.992050137205139
226 (7).jpg,1,0.9921143103209911
226 (8).jpg,1,0.9921429679127015
226 (9).jpg,1,0.9852681789645203
226.jpg,1,0.9908764228036504
227 (10).jpg,1,0.9920738304424817
227 (2).jpg,1,0.9910694202784105
227 (3).jpg,1,0.9874880845067666
227 (4).jpg,1,0.9905707445613801
227 (5).jpg,1,0.9919556166500878
227 (6).jpg,1,0.9921608720165944
227 (7).jpg,1,0.9924810689973048
227 (8).jpg,1,0.9921400562778313
227 (9).jpg,1,0.9906508382180084
227.jpg,1,0.99082089922575
228 (10).jpg,1,0.9918625566548563
228 (2).jpg,1,0.9849528190544439
228 (3).jpg,1,0.9895810945527976
228 (4).jpg,1,0.9926029405675466
228 (5).jpg,1,0.9914274158298031
228 (6).jpg,1,0.9919801739257857
228 (7).jpg,1,0.9925254991504978
228 (8).jpg,1,0.9907106110893291
228 (9).jpg,1,0.9784231287700811
228.jpg,1,0.9922632525279609
229 (10).jpg,1,0.98809089355202
229 (2).jpg,1,0.992262877031089
229 (3).jpg,1,0.9736112940808698
229 (4).jpg,1,0.9922811541898872
229 (5).jpg,1,0.9917923676312537
229 (6).jpg,1,0.9916201633387745
229 (7).jpg,1,0.9913317647682242
229 (8).jpg,1,0.9107349044260968
229 (9).jpg,1,0.9887410278042355
229.jpg,1,0.9885635623017837
23 (10).jpg,1,0.9146546640009662
23 (2).jpg,0,0.13387079311864003
23 (3).jpg,1,0.990075840631117
23 (4).jpg,1,0.9923776360648524
23 (5).jpg,1,0.9925970246875422
23 (6).jpg,1,0.9924397876505928
23 (7).jpg,1,0.9923678073802463
23 (8).jpg,1,0.9919760675025844
23 (9).jpg,1,0.9919134029710396
23.jpg,1,0.9775466105884622
230 (10).jpg,1,0.991657852793269
230 (2).jpg,1,0.9922784134272694
230 (3).jpg,1,0.9911621744589714
230 (4).jpg,1,0.992166639370508
230 (5).jpg,1,0.9912424607446396
230 (6).jpg,1,0.9923571172658532
230 (7).jpg,1,0.9924104795331747
230 (8).jpg,1,0.9922108217416455
230 (9).jpg,1,0.988588792392525
230.jpg,1,0.9911840225927725
231 (10).jpg,1,0.9909571714733371
231 (2).jpg,1,0.991129698901521
231 (3).jpg,1,0.9908348260830143
231 (4).jpg,1,0.9923129171657504
231 (5).jpg,1,0.9910304340947818
231 (6).jpg,1,0.992316880655631
231 (7).jpg,1,0.9924388626959171
231 (8).jpg,1,0.9921546306616345
231 (9).jpg,1,0.991518796493349
231.jpg,1,0.9824438734368394
232 (10).jpg,1,0.992108079897991
232 (2).jpg,1,0.9918986393213769
232 (3).jpg,1,0.9881143555379929
232 (4).jpg,1,0.9924254057089729
232 (5).jpg,1,0.9900896851931529
232 (6).jpg,1,0.991999260823356
232 (7).jpg,1,0.9925977375795237
232 (8).jpg,1,0.9919890186445943
232 (9).jpg,1,0.9911503407471796
232.jpg,1,0.9647985498773843
233 (10).jpg,1,0.9920218232391316
233 (2).jpg,1,0.8492081264040422
233 (3).jpg,1,0.9882249231391154
233 (4).jpg,1,0.9913819496405133
233 (5).jpg,1,0.992452545543572
233 (6).jpg,1,0.9819506099485821
233 (7).jpg,1,0.992105720246828
233 (8).jpg,1,0.9919339664057383
233 (9).jpg,1,0.9899488252877352
233.jpg,1,0.9911677815543581
234 (10).jpg,1,0.9859400171377278
234 (2).jpg,1,0.9916515165615115
234 (3).jpg,1,0.9921817133036362
234 (4).jpg,1,0.9850076681764032
234 (5).jpg,1,0.9917409587806223
234 (6).jpg,1,0.9914945881718339
234 (7).jpg,1,0.9917238956261214
234 (8).jpg,1,0.9909067993655757
234 (9).jpg,1,0.990874510691652
234.jpg,1,0.9874136033730656
235 (10).jpg,1,0.990083636815869
235 (2).jpg,1,0.9922769269342285
235 (3).jpg,1,0.9876417419824934
235 (4).jpg,1,0.978854281175004
235 (5).jpg,1,0.9678304122755399
235 (6).jpg,1,0.9921366293635167
235 (7).jpg,1,0.9925382908883398
235 (8).jpg,1,0.9920545081124514
235 (9).jpg,1,0.9841569135347822
235.jpg,1,0.991711910382628
236 (10).jpg,1,0.9869136933933027
236 (2).jpg,1,0.9805795764507491
236 (3).jpg,1,0.9893165732579213
236 (4).jpg,1,0.9885969741150583
236 (5).jpg,1,0.9888302715722571
236 (6).jpg,1,0.9924961341503614
236 (7).jpg,1,0.991647137260638
236 (8).jpg,1,0.9922146647919455
236 (9).jpg,1,0.990611069167727
236.jpg,1,0.8655380275546067
237 (10).jpg,1,0.9907706172485106
237 (2).jpg,1,0.990307020591495
237 (3).jpg,1,0.6330333690647911
237 (4).jpg,1,0.9902286389418925
237 (5).jpg,1,0.9916856502943614
237 (6).jpg,1,0.9922337679700811
237 (7).jpg,1,0.9925038288404616
237 (8).jpg,1,0.991689191110738
237 (9).jpg,1,0.987397974278168
237.jpg,1,0.9914482322882722
238 (10).jpg,1,0.9905107370523912
238 (2).jpg,1,0.9924733295715001
238 (3).jpg,1,0.989281557426958
238 (4).jpg,1,0.9912122584759995
238 (5).jpg,1,0.9916111464741661
238 (6).jpg,1,0.9922561334352761
238 (7).jpg,1,0.9921295134787121
238 (8).jpg,1,0.9663483303220252
238 (9).jpg,1,0.9915770940844167
238.jpg,0,0.219006455819958
239 (10).jpg,1,0.9918391580355199
239 (2).jpg,1,0.9916240611734088
239 (3).jpg,0,0.08482710189673512
239 (4).jpg,1,0.99181509143968
239 (5).jpg,1,0.97437639594981
239 (6).jpg,1,0.9925807401930665
239 (7).jpg,1,0.9924593459814481
239 (8).jpg,1,0.9908382507056721
239 (9).jpg,1,0.9902809526620319
239.jpg,1,0.9914514588038942
24 (10).jpg,1,0.9919507237897006
24 (2).jpg,1,0.9917527672448531
24 (3).jpg,1,0.99230499934896
24 (4).jpg,1,0.9911711404779958
24 (5).jpg,1,0.9925523766124771
24 (6).jpg,1,0.9914481692837208
24 (7).jpg,1,0.9926109739068032
24 (8).jpg,1,0.6840609094904826
24 (9).jpg,1,0.6632505108949927
24.jpg,1,0.9920517241623775
240 (10).jpg,1,0.9700899377781369
240 (2).jpg,1,0.9920345301182374
240 (3).jpg,1,0.9904347298856554
240 (4).jpg,1,0.9903716351136702
240 (5).jpg,1,0.992176019241933
240 (6).jpg,1,0.9909302784736965
240 (7).jpg,1,0.9922591333569659
240 (8).jpg,1,0.9924783698550211
240 (9).jpg,0,0.02245233528705512
240.jpg,1,0.9885819026865247
241 (10).jpg,1,0.9900985094974453
241 (2).jpg,1,0.9791904310636924
241 (3).jpg,1,0.992084017102164
241 (4).jpg,1,0.9925873203564646
241 (5).jpg,1,0.991431194644196
241 (6).jpg,1,0.9906272526279962
241 (7).jpg,1,0.9924782419041146
241 (8).jpg,1,0.9896239124784398
241 (9).jpg,1,0.9920124965012814
241.jpg,1,0.9856010267869115
242 (10).jpg,1,0.9915161878154977
242 (2).jpg,1,0.8565528741371179
242 (3).jpg,1,0.9864258263481873
242 (4).jpg,1,0.9916212928172402
242 (5).jpg,1,0.9872352881724848
242 (6).jpg,1,0.9923160127505799
242 (7).jpg,1,0.9925400937809216
242 (8).jpg,1,0.992259097704216
242 (9).jpg,1,0.9002517007561547
242.jpg,1,0.9912341577325222
243 (10).jpg,1,0.9901862535997422
243 (2).jpg,1,0.9923712741120835
243 (3).jpg,0,0.03491534099770413
243 (4).jpg,1,0.9922243219506843
243 (5).jpg,0,0.006678717745953745
243 (6).jpg,1,0.7952020647367202
243 (7).jpg,1,0.9926205686265537
243 (8).jpg,1,0.9910959594140105
243 (9).jpg,1,0.9922050516069727
243.jpg,1,0.9761595229356758
244 (10).jpg,1,0.9900335323503112
244 (2).jpg,1,0.9725366257785655
244 (3).jpg,1,0.9917793445411245
244 (4).jpg,1,0.9535940861830954
244 (5).jpg,1,0.9916756526835119
244 (6).jpg,0,0.2620716080296866
244 (7).jpg,1,0.9923356120396547
244 (8).jpg,1,0.9876936697673943
244 (9).jpg,1,0.9900988821206759
244.jpg,1,0.9891661993710161
245 (10).jpg,1,0.9918297493824776
245 (2).jpg,1,0.992058671202473
245 (3).jpg,1,0.9910673848710394
245 (4).jpg,1,0.9920049748426213
245 (5).jpg,1,0.9924254144701044
245 (6).jpg,1,0.9924924114162996
245 (7).jpg,1,0.9924448449756074
245 (8).jpg,1,0.9899051982777168
245 (9).jpg,1,0.991747228872735
245.jpg,1,0.9892849288087391
246 (10).jpg,1,0.9906132474457151
246 (2).jpg,1,0.9925121225827302
246 (3).jpg,1,0.9919936859817601
246 (4).jpg,1,0.991735403406098
246 (5).jpg,1,0.974745643621296
246 (6).jpg,1,0.9919197294065618
246 (7).jpg,1,0.9913025124773857
246 (8).jpg,1,0.9924212591170875
246 (9).jpg,1,0.9840415176437413
246.jpg,1,0.9900679152563697
247 (10).jpg,1,0.9853707383493402
247 (2).jpg,1,0.9904422180197016
247 (3).jpg,1,0.9902695663214036
247 (4).jpg,1,0.9918539327240142
247 (5).jpg,1,0.9921304745192012
247 (6).jpg,1,0.9910095335625776
247 (7).jpg,1,0.9920819005559889
247 (8).jpg,1,0.9922454775688206
247 (9).jpg,0,0.09074401240789542
247.jpg,1,0.9896566682403657
248 (10).jpg,1,0.991033266714605
248 (2).jpg,1,0.992410021836268
248 (3).jpg,1,0.988986242305117
248 (4).jpg,1,0.9925686290607192
248 (5).jpg,0,0.17906652391495845
248 (6).jpg,1,0.9906303889309057
248 (7).jpg,1,0.9925057440133416
248 (8).jpg,1,0.9911522278793052
248 (9).jpg,1,0.9903722677589277
248.jpg,1,0.9838044252455121
249 (10).jpg,1,0.9901440763113197
249 (2).jpg,1,0.9730017012065187
249 (3).jpg,1,0.9735485358283127
249 (4).jpg,1,0.9891418700304652
249 (5).jpg,1,0.9925177870550923
249 (6).jpg,1,0.9769976890418672
249 (7).jpg,1,0.9917724757921773
249 (8).jpg,1,0.9911069347091381
249 (9).jpg,1,0.9411952445904902
249.jpg,1,0.770536377719215
25 (10).jpg,1,0.9901982833987758
25 (2).jpg,1,0.9912387008308262
25 (3).jpg,1,0.9845584107957739
25 (4).jpg,1,0.983540169522928
25 (5).jpg,1,0.9922427964716922
25 (6).jpg,1,0.990560950457818
25 (7).jpg,1,0.9925624227893924
25 (8).jpg,1,0.9916997578302013
25 (9).jpg,1,0.9856114748782837
25.jpg,1,0.9844026734580712
250 (10).jpg,1,0.9880688940676806
250 (2).jpg,1,0.9918456304969747
250 (3).jpg,1,0.9895673043610778
250 (4).jpg,1,0.9920783000066656
250 (5).jpg,1,0.9168295171739773
250 (6).jpg,1,0.9923421257823755
250 (7).jpg,1,0.9910581151597713
250 (8).jpg,1,0.9917183462068928
250 (9).jpg,1,0.9896911897955998
250.jpg,1,0.9911670408496566
251 (10).jpg,1,0.9919204352955238
251 (2).jpg,1,0.992433404529982
251 (3).jpg,1,0.9880093592689989
251 (4).jpg,1,0.9925399907935188
251 (5).jpg,1,0.9915998754314445
251 (6).jpg,1,0.9922590755027823
251 (7).jpg,1,0.9926178017054743
251 (8).jpg,1,0.9916137929740021
251 (9).jpg,1,0.9921233663058271
251.jpg,1,0.9923886112919984
252 (10).jpg,1,0.988776257343764
252 (2).jpg,1,0.9919334136608117
252 (3).jpg,1,0.9908971304353996
252 (4).jpg,1,0.9925856802033732
252 (5).jpg,1,0.9909044130418625
252 (6).jpg,1,0.9879174576571492
252 (7).jpg,1,0.9877189122319346
252 (8).jpg,1,0.9918811227218277
252 (9).jpg,1,0.9618820999017884
252.jpg,1,0.989994610144531
253 (10).jpg,1,0.9897816740297777
253 (2).jpg,1,0.990087882860817
253 (3).jpg,1,0.9919053702372226
253 (4).jpg,1,0.9918469127103533
253 (5).jpg,1,0.9922756227296584
253 (6).jpg,1,0.9923275357521356
253 (7).jpg,1,0.9925822954492596
253 (8).jpg,1,0.9924650119987026
253 (9).jpg,1,0.9906972861482115
253.jpg,1,0.9898878546726639
254 (10).jpg,1,0.8347718597942969
254 (2).jpg,1,0.9922623661183989
254 (3).jpg,1,0.9863863687797932
254 (4).jpg,1,0.99176368685337
254 (5).jpg,1,0.9924638719408138
254 (6).jpg,1,0.9914617679453356
254 (7).jpg,1,0.9869347217609387
254 (8).jpg,1,0.9906537036410712
254 (9).jpg,1,0.9895225338836017
254.jpg,1,0.9923641516903198
255 (10).jpg,1,0.9909174619555272
255 (2).jpg,1,0.9812807115392818
255 (3).jpg,1,0.992070207866524
255 (4).jpg,1,0.9925388738577309
255 (5).jpg,1,0.8046841382426027
255 (6).jpg,1,0.9868009827817676
255 (7).jpg,1,0.9922042482418344
255 (8).jpg,1,0.6253556883363031
255 (9).jpg,1,0.9899870688299606
255.jpg,1,0.9788970006696877
256 (10).jpg,1,0.99154508224968
256 (2).jpg,1,0.9919407711885088
256 (3).jpg,1,0.9904459012755227
256 (4).jpg,1,0.9917518233284265
256 (5).jpg,1,0.9884571251579028
256 (6).jpg,1,0.9923301994123893
256 (7).jpg,1,0.9919296942738303
256 (8).jpg,1,0.9925827679678554
256 (9).jpg,1,0.9809136495959748
256.jpg,1,0.9921954423187052
257 (10).jpg,1,0.9892019823435437
257 (2).jpg,1,0.9919071851062394
257 (3).jpg,1,0.9712234044094723
257 (4).jpg,1,0.9924624823789074
257 (5).jpg,1,0.9923710579454044
257 (6).jpg,1,0.9907217244756551
257 (7).jpg,1,0.9918233612980785
257 (8).jpg,1,0.9624358810923996
257 (9).jpg,1,0.9911775200799665
257.jpg,1,0.9899310887977935
258 (10).jpg,1,0.9919099749476248
258 (2).jpg,1,0.9898375661916906
258 (3).jpg,0,0.00894100984149574
258 (4).jpg,1,0.9919459747679453
258 (5).jpg,1,0.9913150851865825
258 (6).jpg,1,0.9898882456294388
258 (7).jpg,1,0.9912612165648066
258 (8).jpg,1,0.9923762613035016
258 (9).jpg,1,0.9914958607392741
258.jpg,1,0.992379586938987
259 (10).jpg,1,0.9903772017031124
259 (2).jpg,1,0.9922247682621966
259 (3).jpg,1,0.9676864460971827
259 (4).jpg,1,0.5706143680593045
259 (5).jpg,1,0.9922576996166963
259 (6).jpg,1,0.9918776349247486
259 (7).jpg,1,0.9914949948142319
259 (8).jpg,1,0.9794663144590235
259 (9).jpg,1,0.9888899122735889
259.jpg,1,0.9838143810696189
26 (10).jpg,1,0.9916130041106989
26 (2).jpg,1,0.6626081102570566
26 (3).jpg,1,0.9802627809114297
26 (4).jpg,1,0.991412317722921
26 (5).jpg,1,0.9924971811352311
26 (6).jpg,1,0.9435539143301845
26 (7).jpg,1,0.9924469465298856
26 (8).jpg,1,0.9922159777703731
26 (9).jpg,1,0.9902866476356045
26.jpg,1,0.9900893604559277
260 (10).jpg,1,0.9922720250773911
260 (2).jpg,1,0.985828543706157
260 (3).jpg,1,0.9846578745721393
260 (4).jpg,1,0.9922380428120652
260 (5).jpg,1,0.9923904136786655
260 (6).jpg,1,0.9913474477196407
260 (7).jpg,1,0.9923665351157231
260 (8).jpg,1,0.9923166197102647
260 (9).jpg,1,0.9902976627551607
260.jpg,1,0.9906557740112697
261 (10).jpg,1,0.9881248779203166
261 (2).jpg,1,0.9920566265363238
261 (3).jpg,1,0.9906546258675386
261 (4).jpg,1,0.9924607236766124
261 (5).jpg,1,0.9922716909566055
261 (6).jpg,0,0.010285587537229857
261 (7).jpg,1,0.9926076191412353
261 (8).jpg,0,0.1059127305351177
261 (9).jpg,1,0.9838561697242947
261.jpg,1,0.992051929659922
262 (10).jpg,1,0.6442439458718084
262 (2).jpg,1,0.9919837906823538
262 (3).jpg,1,0.6805970135671773
262 (4).jpg,1,0.9915866259463996
262 (5).jpg,1,0.9858702927012816
262 (6).jpg,1,0.9917003255182276
262 (7).jpg,1,0.9924690530075728
262 (8).jpg,1,0.9883915189086635
262 (9).jpg,1,0.9778887835714666
262.jpg,1,0.992211381401261
263 (10).jpg,1,0.9912006994017747
263 (2).jpg,1,0.9919694213553638
263 (3).jpg,1,0.9907520705359951
263 (4).jpg,1,0.9896390898237885
263 (5).jpg,1,0.8986710780843821
263 (6).jpg,1,0.9920530761477512
263 (7).jpg,1,0.9925569748859484
263 (8).jpg,1,0.9896728860324295
263 (9).jpg,1,0.9912109950469644
263.jpg,1,0.9898592595309037
264 (10).jpg,1,0.9862657170361036
264 (2).jpg,1,0.9832293103773537
264 (3).jpg,1,0.9890367744132154
264 (4).jpg,1,0.9904430281407669
264 (5).jpg,1,0.992522169750574
264 (6).jpg,1,0.9180936287175862
264 (7).jpg,1,0.9926221918990802
264 (8).jpg,1,0.9912637522614346
264 (9).jpg,0,0.008100369502899893
264.jpg,1,0.9884854594536597
265 (10).jpg,1,0.9905615481621836
265 (2).jpg,1,0.9922445520634555
265 (3).jpg,1,0.6713185237505668
265 (4).jpg,1,0.990250484351144
265 (5).jpg,1,0.9535310667891155
265 (6).jpg,1,0.9923430688196003
265 (7).jpg,1,0.9913101535397367
265 (8).jpg,1,0.9706704238878585
265 (9).jpg,1,0.9915596167293148
265.jpg,1,0.9894258672706423
266 (10).jpg,1,0.9900126379239311
266 (2).jpg,1,0.9923626831983576
266 (3).jpg,1,0.9915698628910984
266 (4).jpg,1,0.9872933350787327
266 (5).jpg,1,0.9917243575136014
266 (6).jpg,1,0.9925380728130078
266 (7).jpg,1,0.9926189185799941
266 (8).jpg,1,0.9893719937744732
266 (9).jpg,1,0.9095738138443459
266.jpg,1,0.9921874611234072
267 (10).jpg,1,0.9909124509128153
267 (2).jpg,1,0.9834542551390818
267 (3).jpg,1,0.9887219237648173
267 (4).jpg,1,0.9897629169146199
267 (5).jpg,1,0.9916086790097335
267 (6).jpg,1,0.9885301791655692
267 (7).jpg,1,0.9879494828260506
267 (8).jpg,1,0.9611997037821775
267 (9).jpg,1,0.9462853819096779
267.jpg,1,0.9918162055095229
268 (10).jpg,1,0.7615589944027011
268 (2).jpg,1,0.9897431845671623
268 (3).jpg,1,0.9888266204053479
268 (4).jpg,1,0.9915757527585489
268 (5).jpg,1,0.986361977708474
268 (6).jpg,1,0.5257798871685397
268 (7).jpg,1,0.9924557713123523
268 (8).jpg,1,0.9920706436496267
268 (9).jpg,1,0.9911125939505326
268.jpg,1,0.9907018722729617
269 (10).jpg,1,0.9912234489872346
269 (2).jpg,1,0.9909785887464863
269 (3).jpg,1,0.9160222972626209
269 (4).jpg,1,0.9919787297940829
269 (5).jpg,1,0.9880868874498138
269 (6).jpg,1,0.9773503896687815
269 (7).jpg,1,0.9925998763651647
269 (8).jpg,1,0.9921941408710557
269 (9).jpg,1,0.8563626360519981
269.jpg,1,0.9776994387853721
27 (10).jpg,1,0.9907616469306028
27 (2).jpg,1,0.990658667227511
27 (3).jpg,1,0.9912096670584531
27 (4).jpg,1,0.9923299368125507
27 (5).jpg,1,0.9902426523554742
27 (6).jpg,1,0.9880777441607368
27 (7).jpg,1,0.9925516875828029
27 (8).jpg,1,0.9924857828174805
27 (9).jpg,1,0.9916943160523108
27.jpg,1,0.9862354993091457
270 (10).jpg,1,0.9910665219914526
270 (2).jpg,1,0.9824169212089756
270 (3).jpg,1,0.9915536854469175
270 (4).jpg,1,0.9924091363345987
270 (5).jpg,1,0.9913288026354353
270 (6).jpg,1,0.9904347351992939
270 (7).jpg,1,0.9925198713351692
270 (8).jpg,1,0.988548204071424
270 (9).jpg,1,0.9911881157167145
270.jpg,1,0.49160365626669755
271 (10).jpg,1,0.9560398706581597
271 (2).jpg,1,0.9830874353204986
271 (3).jpg,1,0.7349309598556149
271 (4).jpg,1,0.9924855875597512
271 (5).jpg,1,0.9922725699496632
271 (6).jpg,1,0.9907091177680037
271 (7).jpg,1,0.9923068065010922
271 (8).jpg,1,0.9897693571016937
271 (9).jpg,1,0.9888391268445874
271.jpg,1,0.992114750604405
272 (10).jpg,1,0.9915179581511803
272 (2).jpg,1,0.9911921221165393
272 (3).jpg,1,0.9889036408186457
272 (4).jpg,1,0.9572689968498664
272 (5).jpg,1,0.9916758436087153
272 (6).jpg,1,0.98928149600316
272 (7).jpg,1,0.9924532663038568
272 (8).jpg,1,0.9921848083235774
272 (9).jpg,1,0.989898913301684
272.jpg,1,0.9918183976467402
273 (10).jpg,1,0.9909377252429308
273 (2).jpg,1,0.9904351597939044
273 (3).jpg,1,0.9704856999559032
273 (4).jpg,1,0.9924419030295826
273 (5).jpg,1,0.9924648016245373
273 (6).jpg,1,0.9921181531444383
273 (7).jpg,1,0.9926221918990802
273 (8).jpg,1,0.9921364293931733
273 (9).jpg,1,0.9921325635594073
273.jpg,1,0.9894917785041173
274 (10).jpg,1,0.9918255509302996
274 (2).jpg,1,0.9904017297607322
274 (3).jpg,1,0.9738855422221376
274 (4).jpg,1,0.9908424076188718
274 (5).jpg,1,0.9912445159205969
274 (6).jpg,1,0.9689071187754529
274 (7).jpg,1,0.9925993403111635
274 (8).jpg,1,0.9925301790874604
274 (9).jpg,1,0.9906991972697667
274.jpg,1,0.9920598472462845
275 (10).jpg,1,0.9915053181129353
275 (2).jpg,1,0.9891025021478649
275 (3).jpg,1,0.8663080024144139
275 (4).jpg,1,0.9922304633538354
275 (5).jpg,1,0.9896442293466645
275 (6).jpg,1,0.991532722454379
275 (7).jpg,1,0.9926102659560511
275 (8).jpg,1,0.9908797466969158
275 (9).jpg,1,0.9919378406511901
275.jpg,1,0.9912777763437366
276 (10).jpg,1,0.9916801340948749
276 (2).jpg,1,0.9917296748130213
276 (3).jpg,1,0.9899133805998209
276 (4).jpg,1,0.992454619351363
276 (5).jpg,1,0.9835032254492002
276 (6).jpg,1,0.9924457464514173
276 (7).jpg,1,0.9925194981269613
276 (8).jpg,1,0.9916807867096853
276 (9).jpg,1,0.9914987684751833
276.jpg,1,0.9871859158853871
277 (10).jpg,1,0.9839948728478799
277 (2).jpg,1,0.9913266749329694
277 (3).jpg,1,0.9201322019347026
277 (4).jpg,1,0.990791755806866
277 (5).jpg,1,0.992324603054524
277 (6).jpg,1,0.9921893663178882
277 (7).jpg,1,0.9924759827530865
277 (8).jpg,1,0.9912181611016727
277 (9).jpg,1,0.9476695623985188
277.jpg,1,0.9922446125435185
278 (10).jpg,1,0.9918896436272797
278 (2).jpg,1,0.9919991042959988
278 (3).jpg,1,0.9899155285709323
278 (4).jpg,1,0.9923298800690752
278 (5).jpg,1,0.9923350189386199
278 (6).jpg,1,0.9826250828090417
278 (7).jpg,1,0.9921785934209598
278 (8).jpg,1,0.9898025779894727
278 (9).jpg,1,0.98963292776689
278.jpg,1,0.988331064424338
279 (10).jpg,1,0.9916075939612158
279 (2).jpg,1,0.9912189354915468
279 (3).jpg,1,0.9848133918461658
279 (4).jpg,1,0.9850819381754377
279 (5).jpg,1,0.9924389266180045
279 (6).jpg,1,0.9911416224979935
279 (7).jpg,1,0.9922903064233185
279 (8).jpg,1,0.9893380882364584
279 (9).jpg,1,0.9918675136706604
279.jpg,1,0.9903758931809474
28 (10).jpg,1,0.9921154642540323
28 (2).jpg,1,0.9908086143315796
28 (3).jpg,1,0.9907073193834187
28 (4).jpg,1,0.9920630910345688
28 (5).jpg,1,0.9925200791533106
28 (6).jpg,1,0.9916663407780377
28 (7).jpg,1,0.9901016423904136
28 (8).jpg,1,0.9905097329638686
28 (9).jpg,1,0.9894628216242298
28.jpg,1,0.9903472476814775
280 (10).jpg,1,0.710433550900839
280 (2).jpg,1,0.9920546256562655
280 (3).jpg,1,0.9920654632145031
280 (4).jpg,1,0.992089664646637
280 (5).jpg,1,0.98682707130572
280 (6).jpg,1,0.992351603788878
280 (7).jpg,1,0.9926075032703379
280 (8).jpg,1,0.991794351307482
280 (9).jpg,1,0.9917265108758906
280.jpg,1,0.992197480243029
281 (10).jpg,1,0.990325207895255
281 (2).jpg,1,0.9916745729991034
281 (3).jpg,1,0.9911846076313288
281 (4).jpg,1,0.9920043299824561
281 (5).jpg,1,0.9900733996264323
281 (6).jpg,1,0.9886800362163768
281 (7).jpg,1,0.9923093624465087
281 (8).jpg,1,0.9922928430284248
281 (9).jpg,1,0.9892288179764696
281.jpg,1,0.9915340110194067
282 (10).jpg,1,0.943298017530899
282 (2).jpg,1,0.9919532263039463
282 (3).jpg,1,0.9833104465774706
282 (4).jpg,1,0.9916025041916074
282 (5).jpg,1,0.9904297437120586
282 (6).jpg,1,0.992451021594163
282 (7).jpg,1,0.9926263451743073
282 (8).jpg,1,0.9886750593595175
282 (9).jpg,1,0.9857537183041247
282.jpg,1,0.9919402729406905
283 (10).jpg,1,0.9917727877950077
283 (2).jpg,1,0.9790705809847382
283 (3).jpg,1,0.9876265825027197
283 (4).jpg,1,0.9917744818052971
283 (5).jpg,1,0.9918930239112387
283 (6).jpg,1,0.9838067933514437
283 (7).jpg,1,0.9924831078456788
283 (8).jpg,1,0.9924924103519622
283 (9).jpg,1,0.9775715245393599
283.jpg,1,0.9894066659283849
284 (10).jpg,1,0.9910325741674968
284 (2).jpg,1,0.9923301160388964
284 (3).jpg,0,0.011592018453643537
284 (4).jpg,1,0.991733945413314
284 (5).jpg,1,0.991131255800144
284 (6).jpg,1,0.9916229017724297
284 (7).jpg,1,0.9924592367263049
284 (8).jpg,1,0.9910314726385977
284 (9).jpg,1,0.9917896503958195
284.jpg,1,0.9918552288653755
285 (10).jpg,1,0.9822524831172897
285 (2).jpg,1,0.9898098900813304
285 (3).jpg,1,0.992363746855045
285 (4).jpg,1,0.9919544916473123
285 (5).jpg,1,0.9906907784692688
285 (6).jpg,1,0.9915759211242078
285 (7).jpg,1,0.9923264727590377
285 (8).jpg,1,0.9910212052345148
285 (9).jpg,1,0.9913036486577852
285.jpg,1,0.9908930072545233
286 (10).jpg,1,0.9911772820076538
286 (2).jpg,1,0.9918074784610806
286 (3).jpg,1,0.9578270032369676
286 (4).jpg,1,0.9895747860730943
286 (5).jpg,1,0.9923943181479075
286 (6).jpg,1,0.9912323962580321
286 (7).jpg,1,0.9923405631717297
286 (8).jpg,1,0.9924140069929869
286 (9).jpg,1,0.9882313392246578
286.jpg,1,0.9918085830671434
287 (10).jpg,1,0.9884601886401791
287 (2).jpg,1,0.9898327654932936
287 (3).jpg,1,0.9915675681723648
287 (4).jpg,1,0.9922409463130897
287 (5).jpg,1,0.9923395776464264
287 (6).jpg,1,0.9925977578684243
287 (7).jpg,1,0.9926192568680092
287 (8).jpg,1,0.9921457167226057
287 (9).jpg,1,0.9911509299781448
287.jpg,1,0.9907770145462008
288 (10).jpg,1,0.9923482310753587
288 (2).jpg,1,0.9871174863025207
288 (3).jpg,1,0.9902045360014983
288 (4).jpg,1,0.9923468895596483
288 (5).jpg,1,0.9925341533912426
288 (6).jpg,1,0.9843839399722716
288 (7).jpg,0,0.36463298296494207
288 (8).jpg,1,0.991914626214276
288 (9).jpg,1,0.9920965376763364
288.jpg,1,0.9915969717161491
289 (10).jpg,1,0.9918387821311041
289 (2).jpg,1,0.9924891487334013
289 (3).jpg,1,0.9567456642657032
289 (4).jpg,1,0.9916204774562454
289 (5).jpg,1,0.9879471387575106
289 (6).jpg,1,0.9923205942803542
289 (7).jpg,1,0.9814613234481506
289 (8).jpg,1,0.9921455342293657
289 (9).jpg,1,0.9854739922900697
289.jpg,1,0.9888276848570424
29 (10).jpg,1,0.9881754223804526
29 (2).jpg,1,0.9901568401988724
29 (3).jpg,1,0.9897289595123677
29 (4).jpg,1,0.9922522713894267
29 (5).jpg,1,0.9889727016440995
29 (6).jpg,1,0.7521741969214708
29 (7).jpg,1,0.9923439016077431
29 (8).jpg,1,0.9806437668837668
29 (9).jpg,1,0.9687040832640518
29.jpg,1,0.8306277079895882
290 (10).jpg,1,0.9919261568953909
290 (2).jpg,0,0.028325840901548528
290 (3).jpg,1,0.8775175381382031
290 (4).jpg,1,0.9907679542259078
290 (5).jpg,1,0.9919770167397167
290 (6).jpg,1,0.9920363707283459
290 (7).jpg,1,0.9922098928652081
290 (8).jpg,1,0.9921052768017485
290 (9).jpg,1,0.9506164706757511
290.jpg,1,0.9836926735567167
291 (10).jpg,1,0.6218977281006173
291 (2).jpg,1,0.9922731956352872
291 (3).jpg,1,0.9764392329708241
291 (4).jpg,1,0.9911078615098223
291 (5).jpg,1,0.9925441176726929
291 (6).jpg,1,0.9906127342505131
291 (7).jpg,1,0.9925902201199076
291 (8).jpg,1,0.9920452122549769
291 (9).jpg,0,0.0389422683684675
291.jpg,1,0.9912725019106934
292 (10).jpg,1,0.9884891238444647
292 (2).jpg,1,0.982509684030652
292 (3).jpg,1,0.9209282748593234
292 (4).jpg,1,0.8645276072991243
292 (5).jpg,1,0.9921270316713235
292 (6).jpg,1,0.9907079290493509
292 (7).jpg,1,0.9925458858942754
292 (8).jpg,1,0.9915729040580081
292 (9).jpg,1,0.9881991048964468
292.jpg,1,0.9909965083791705
293 (10).jpg,1,0.9919552193207308
293 (2).jpg,1,0.9727454789835276
293 (3).jpg,1,0.9886249961642808
293 (4).jpg,1,0.9912763989905475
293 (5).jpg,1,0.9925359772189928
293 (6).jpg,1,0.9851207876938918
293 (7).jpg,1,0.9924389302557864
293 (8).jpg,1,0.9916863608382981
293 (9).jpg,1,0.9601271349556308
293.jpg,1,0.992499234301098
294 (10).jpg,1,0.9878570103950093
294 (2).jpg,1,0.9909725584124177
294 (3).jpg,1,0.9916628580092142
294 (4).jpg,1,0.9925418589140356
294 (5).jpg,1,0.9874043604210918
294 (6).jpg,1,0.9914664648791285
294 (7).jpg,1,0.9925891472167125
294 (8).jpg,1,0.9910075079400934
294 (9).jpg,1,0.9898729078229821
294.jpg,1,0.990124679088532
295 (10).jpg,1,0.9914041892857086
295 (2).jpg,1,0.9527756763435219
295 (3).jpg,1,0.5179627346201373
295 (4).jpg,1,0.9918350071146413
295 (5).jpg,1,0.8248443933612273
295 (6).jpg,1,0.9778159723505665
295 (7).jpg,1,0.9908361082683154
295 (8).jpg,1,0.9920193956428707
295 (9).jpg,1,0.9851048637194588
295.jpg,1,0.9800816293421111
296 (10).jpg,1,0.9917228051993905
296 (2).jpg,1,0.9894468085343694
296 (3).jpg,1,0.991363765107529
296 (4).jpg,1,0.9924764054480214
296 (5).jpg,1,0.9925386347866071
296 (6).jpg,1,0.991747850054309
296 (7).jpg,1,0.992272497518912
296 (8).jpg,1,0.9921470063792512
296 (9).jpg,1,0.9924433693405141
296.jpg,1,0.9921332810934388
297 (10).jpg,1,0.9920305934903381
297 (2).jpg,1,0.9869821505178445
297 (3).jpg,1,0.9889872780786376
297 (4).jpg,1,0.9889250940229446
297 (5).jpg,1,0.9920539373122487
297 (6).jpg,1,0.9791000294998805
297 (7).jpg,1,0.9926082265079701
297 (8).jpg,1,0.9900174371583937
297 (9).jpg,1,0.9875625004603765
297.jpg,1,0.9916325352568532
298 (10).jpg,0,0.05351751499222162
298 (2).jpg,1,0.991385946965393
298 (3).jpg,1,0.9921926471803604
298 (4).jpg,1,0.9920905434370783
298 (5).jpg,1,0.9909729999976261
298 (6).jpg,1,0.9900739497625639
298 (7).jpg,1,0.9915244305252028
298 (8).jpg,1,0.9924020308897759
298 (9).jpg,1,0.9916264616727068
298.jpg,1,0.9893619511528329
299 (10).jpg,1,0.9896902782935979
299 (2).jpg,1,0.9813871795113456
299 (3).jpg,1,0.9910438368109856
299 (4).jpg,1,0.9914501323358726
299 (5).jpg,1,0.9903303842050026
299 (6).jpg,1,0.9922047563886965
299 (7).jpg,1,0.983063847265927
299 (8).jpg,1,0.9915642048696177
299 (9).jpg,1,0.9888449759678354
299.jpg,1,0.9835578033499879
3 (10).jpg,1,0.9914758932934149
3 (2).jpg,1,0.9908540124836477
3 (3).jpg,1,0.9730141291353335
3 (4).jpg,1,0.9917770393838768
3 (5).jpg,1,0.9912427250797494
3 (6).jpg,1,0.9894974081645536
3 (7).jpg,1,0.9924795865977508
3 (8).jpg,1,0.9924653534473231
3 (9).jpg,1,0.9914808791079393
3.jpg,1,0.9921218744812001
30 (10).jpg,1,0.9870438014016222
30 (2).jpg,1,0.9921604385644837
30 (3).jpg,1,0.9897805666040507
30 (4).jpg,1,0.9583132696520582
30 (5).jpg,1,0.9897589976806042
30 (6).jpg,1,0.9919950279342492
30 (7).jpg,1,0.9921734685565812
30 (8).jpg,1,0.9918795800956026
30 (9).jpg,1,0.984581715538901
30.jpg,1,0.9847428095124338
300 (10).jpg,1,0.9222801316683493
300 (2).jpg,1,0.9921084087782054
300 (3).jpg,1,0.9920620465909328
300 (4).jpg,1,0.988521508108626
300 (5).jpg,1,0.9917273987264423
300 (6).jpg,1,0.9912551290346274
300 (7).jpg,1,0.9925891472167125
300 (8).jpg,1,0.9916778721021432
300 (9).jpg,1,0.9909460660612374
300.jpg,1,0.9907738153005833
301 (10).jpg,1,0.9901273776567475
301 (2).jpg,1,0.9914850828429429
301 (3).jpg,1,0.9908646724834966
301 (4).jpg,1,0.8475110320080159
301 (5).jpg,1,0.9923920384985857
301 (6).jpg,1,0.9913575471597516
301 (7).jpg,1,0.802223219513113
301 (8).jpg,1,0.9756776814141358
301 (9).jpg,1,0.9910976274448646
301.jpg,1,0.9914985925355955
302 (10).jpg,1,0.9921363935451367
302 (2).jpg,1,0.9923753701875451
302 (3).jpg,0,0.010944449550590273
302 (4).jpg,1,0.9923938078651265
302 (5).jpg,1,0.8900377068555205
302 (6).jpg,1,0.9900757705969978
302 (7).jpg,1,0.9924554274248941
302 (8).jpg,1,0.9920301826805168
302 (9).jpg,1,0.9781684817317979
302.jpg,1,0.9912634908987946
303 (10).jpg,1,0.9848735075502016
303 (2).jpg,1,0.9857062339618924
303 (3).jpg,1,0.9900219152125738
303 (4).jpg,1,0.9925234697775522
303 (5).jpg,1,0.9918819369047005
303 (6).jpg,1,0.9906496930623551
303 (7).jpg,1,0.9924530599600845
303 (8).jpg,1,0.9923249877656549
303 (9).jpg,1,0.9916452295822255
303.jpg,1,0.9920596368243055
304 (10).jpg,1,0.9626904838173432
304 (2).jpg,1,0.992331474513212
304 (3).jpg,1,0.9867592146508462
304 (4).jpg,1,0.9793452199389275
304 (5).jpg,1,0.9922022686039963
304 (6).jpg,1,0.9914841882767196
304 (7).jpg,1,0.9923039771678248
304 (8).jpg,1,0.9923859721636659
304 (9).jpg,1,0.984440173832056
304.jpg,1,0.9882754087931924
305 (10).jpg,1,0.9913397598949754
305 (2).jpg,1,0.9909109265532559
305 (3).jpg,1,0.9889577154501427
305 (4).jpg,1,0.9832158797886158
305 (5).jpg,1,0.9921888224870165
305 (6).jpg,1,0.9909996489078536
305 (7).jpg,1,0.9923816488994374
305 (8).jpg,1,0.9887207808606403
305 (9).jpg,1,0.9902487460359183
305.jpg,1,0.9824843203548852
306 (10).jpg,1,0.9866617596532132
306 (2).jpg,1,0.9912261505661332
306 (3).jpg,1,0.9889063498728381
306 (4).jpg,1,0.9924412849380934
306 (5).jpg,1,0.9916666087639984
306 (6).jpg,0,0.021138972633307707
306 (7).jpg,1,0.992614141851985
306 (8).jpg,1,0.9892363839156572
306 (9).jpg,1,0.9917410816969212
306.jpg,1,0.9857144833323827
307 (10).jpg,0,0.01398878162804378
307 (2).jpg,1,0.9919782411266038
307 (3).jpg,1,0.9875831862338308
307 (4).jpg,1,0.9916150399225144
307 (5).jpg,1,0.9924061219535033
307 (6).jpg,1,0.9924831679948763
307 (7).jpg,1,0.9924256679828207
307 (8).jpg,1,0.9913516679797929
307 (9).jpg,1,0.9922676011615182
307.jpg,1,0.9922203489466401
308 (10).jpg,1,0.9894875605207568
308 (2).jpg,1,0.9919001296384937
308 (3).jpg,1,0.7956532769711275
308 (4).jpg,1,0.9925108019216896
308 (5).jpg,1,0.9862358676961677
308 (6).jpg,1,0.9864400810002347
308 (7).jpg,1,0.9924799031703575
308 (8).jpg,1,0.991814473967646
308 (9).jpg,1,0.9922354159545789
308.jpg,1,0.9914538847477903
309 (10).jpg,1,0.983288080403773
309 (2).jpg,1,0.9910580670891562
309 (3).jpg,1,0.9899964808825281
309 (4).jpg,1,0.9922343298243202
309 (5).jpg,1,0.9921424108760571
309 (6).jpg,1,0.9300016009362966
309 (7).jpg,1,0.9921205593470546
309 (8).jpg,1,0.9675074370813206
309 (9).jpg,1,0.9874468074667087
309.jpg,1,0.9900593302792711
31 (10).jpg,1,0.9914326233660274
31 (2).jpg,1,0.9916660264084474
31 (3).jpg,1,0.9911047498009212
31 (4).jpg,1,0.9907348508083472
31 (5).jpg,1,0.9908892495181633
31 (6).jpg,1,0.9923527259015561
31 (7).jpg,1,0.9924509454523431
31 (8).jpg,1,0.99207207037495
31 (9).jpg,1,0.9915327155644766
31.jpg,1,0.7965853051361339
310 (10).jpg,1,0.9919632016582104
310 (2).jpg,1,0.992486102270558
310 (3).jpg,1,0.9893462127770284
310 (4).jpg,1,0.9669453490663378
310 (5).jpg,1,0.9924401852206443
310 (6).jpg,1,0.9915963965315229
310 (7).jpg,1,0.9924966485616759
310 (8).jpg,1,0.9910211826947374
310 (9).jpg,1,0.9908407426552133
310.jpg,1,0.9917517855947109
311 (10).jpg,1,0.9895577707650297
311 (2).jpg,1,0.8905305446797883
311 (3).jpg,1,0.9893591849939808
311 (4).jpg,1,0.9922813384920844
311 (5).jpg,1,0.9924802080792571
311 (6).jpg,1,0.9910617472812223
311 (7).jpg,1,0.9925961880465397
311 (8).jpg,1,0.9906904161236068
311 (9).jpg,1,0.9910940563874527
311.jpg,1,0.992048632499005
312 (10).jpg,1,0.9919481899273833
312 (2).jpg,1,0.989207871276135
312 (3).jpg,1,0.9920885595928574
312 (4).jpg,1,0.9059501872362897
312 (5).jpg,1,0.9921042573170715
312 (6).jpg,1,0.992265992287632
312 (7).jpg,1,0.9925494134564643
312 (8).jpg,1,0.9862614044923819
312 (9).jpg,1,0.9924002738757565
312.jpg,1,0.9821802576910613
313 (10).jpg,1,0.9896959341316794
313 (2).jpg,1,0.9914661612951448
313 (3).jpg,1,0.9913660080949092
313 (4).jpg,1,0.9921932119066073
313 (5).jpg,1,0.9917138692277183
313 (6).jpg,1,0.9841686244808987
313 (7).jpg,1,0.9922751706232963
313 (8).jpg,1,0.9922195966452417
313 (9).jpg,1,0.9603692800213449
313.jpg,1,0.8795784626380054
314 (10).jpg,1,0.9897445873778546
314 (2).jpg,1,0.9912583733926775
314 (3).jpg,1,0.9914472096319514
314 (4).jpg,1,0.9904977287660786
314 (5).jpg,1,0.9660537439155956
314 (6).jpg,1,0.991510247971089
314 (7).jpg,1,0.9921991068490498
314 (8).jpg,1,0.992347493084301
314 (9).jpg,1,0.9916751423589588
314.jpg,1,0.9887337820521973
315 (10).jpg,1,0.9897047099592419
315 (2).jpg,1,0.9917550616819986
315 (3).jpg,1,0.9896254821401954
315 (4).jpg,1,0.9881656108864506
315 (5).jpg,1,0.9776175616381169
315 (6).jpg,1,0.992255810912266
315 (7).jpg,1,0.9923256336415618
315 (8).jpg,1,0.990330244920751
315 (9).jpg,1,0.8672697157603129
315.jpg,1,0.9920106593827399
316 (10).jpg,1,0.9914899946414136
316 (2).jpg,1,0.9919067238252862
316 (3).jpg,1,0.9684828450428771
316 (4).jpg,1,0.9919762747273929
316 (5).jpg,1,0.9892204796927341
316 (6).jpg,1,0.9868681591336548
316 (7).jpg,1,0.7703229762790916
316 (8).jpg,1,0.992532678136808
316 (9).jpg,1,0.9920921222446586
316.jpg,1,0.9902623013737533
317 (10).jpg,1,0.9918494474520912
317 (2).jpg,1,0.9917495435385075
317 (3).jpg,0,0.022017822189858146
317 (4).jpg,1,0.9923417502330348
317 (5).jpg,1,0.992368791920756
317 (6).jpg,1,0.9917932567760092
317 (7).jpg,1,0.9925370087483442
317 (8).jpg,1,0.9914963454737147
317 (9).jpg,1,0.9921278545122411
317.jpg,1,0.9915700272147742
318 (10).jpg,0,0.038233098134323455
318 (2).jpg,1,0.9871488208952827
318 (3).jpg,1,0.987472666280119
318 (4).jpg,1,0.9916550715186055
318 (5).jpg,1,0.9924045657489599
318 (6).jpg,1,0.9849037294013383
318 (7).jpg,1,0.9915990780270638
318 (8).jpg,1,0.9912732046198484
318 (9).jpg,1,0.9914622225444254
318.jpg,1,0.9913149489847798
319 (10).jpg,1,0.9909061633056002
319 (2).jpg,1,0.9922725675816785
319 (3).jpg,1,0.988527228767852
319 (4).jpg,1,0.9912435245325794
319 (5).jpg,1,0.9836582572969641
319 (6).jpg,1,0.9924774647007
319 (7).jpg,1,0.9925477896840705
319 (8).jpg,1,0.9922103615352966
319 (9).jpg,1,0.9872318696284457
319.jpg,1,0.9918391306119878
32 (10).jpg,1,0.9913362070559556
32 (2).jpg,1,0.9924217118763342
32 (3).jpg,1,0.9849710871639586
32 (4).jpg,1,0.9911248921841108
32 (5).jpg,1,0.9907583225327631
32 (6).jpg,1,0.9900386923760672
32 (7).jpg,1,0.9877917773763657
32 (8).jpg,1,0.9918503216712001
32 (9).jpg,1,0.9922545545501632
32.jpg,1,0.9903185844250187
320 (10).jpg,1,0.9665776603221812
320 (2).jpg,1,0.991805840443666
320 (3).jpg,1,0.9919387328123314
320 (4).jpg,1,0.9921911347891362
320 (5).jpg,1,0.9921961431721456
320 (6).jpg,1,0.9857894609524118
320 (7).jpg,1,0.9911763936930537
320 (8).jpg,1,0.990277239483078
320 (9).jpg,1,0.9904413326529081
320.jpg,1,0.9918435208952671
321 (10).jpg,1,0.9921860304998051
321 (2).jpg,1,0.9913873460427157
321 (3).jpg,1,0.9905070477442018
321 (4).jpg,1,0.9908143621169695
321 (5).jpg,1,0.9922580873176383
321 (6).jpg,1,0.9898913977237757
321 (7).jpg,1,0.9925051612366657
321 (8).jpg,0,0.0734452438481166
321 (9).jpg,1,0.9901723370558257
321.jpg,1,0.9919625009428363
322 (10).jpg,1,0.9895457202173102
322 (2).jpg,1,0.9921574137210963
322 (3).jpg,0,0.1147421907042115
322 (4).jpg,1,0.9876609250747623
322 (5).jpg,1,0.9911758857525234
322 (6).jpg,1,0.9877542543890749
322 (7).jpg,1,0.9923790467628841
322 (8).jpg,1,0.9915529643077701
322 (9).jpg,1,0.9877059077969476
322.jpg,1,0.989909780897231
323 (10).jpg,1,0.9903173947305327
323 (2).jpg,1,0.9918134018107262
323 (3).jpg,1,0.8539379092377349
323 (4).jpg,1,0.9918192957539492
323 (5).jpg,1,0.9920873371644571
323 (6).jpg,1,0.990976527029995
323 (7).jpg,1,0.992474569725967
323 (8).jpg,1,0.9885186812215466
323 (9).jpg,1,0.9910072777579457
323.jpg,1,0.7783188569836343
324 (10).jpg,1,0.9613466851235773
324 (2).jpg,1,0.990201426570545
324 (3).jpg,0,0.00739886719602589
324 (4).jpg,1,0.9924600393027836
324 (5).jpg,1,0.9900089666951951
324 (6).jpg,1,0.991394376484355
324 (7).jpg,1,0.9923752062935711
324 (8).jpg,1,0.9912524217331846
324 (9).jpg,1,0.9920077245226331
324.jpg,1,0.9910103632777476
325 (10).jpg,1,0.9794956212127687
325 (2).jpg,1,0.9902905393177812
325 (3).jpg,1,0.9815033377748863
325 (4).jpg,1,0.9844020850119923
325 (5).jpg,1,0.9878850139130799
325 (6).jpg,1,0.9921550733421968
325 (7).jpg,1,0.9926095710822262
325 (8).jpg,1,0.9919127045818793
325 (9).jpg,1,0.9911624806946961
325.jpg,1,0.9907395982268714
326 (10).jpg,1,0.9783341859286939
326 (2).jpg,1,0.9906888540752824
326 (3).jpg,1,0.9877252363965097
326 (4).jpg,1,0.9922871052814609
326 (5).jpg,1,0.9926113129501635
326 (6).jpg,1,0.99225388604851
326 (7).jpg,1,0.9925687651307853
326 (8).jpg,1,0.9886960895252503
326 (9).jpg,1,0.9823508236387998
326.jpg,1,0.9889760287442324
327 (10).jpg,1,0.9920047342837515
327 (2).jpg,1,0.9911920718366826
327 (3).jpg,1,0.9871393898874248
327 (4).jpg,1,0.9896934157498891
327 (5).jpg,1,0.9926066083240126
327 (6).jpg,1,0.9917759555164802
327 (7).jpg,1,0.9919854000095362
327 (8).jpg,1,0.9886905559013779
327 (9).jpg,1,0.990716807851601
327.jpg,1,0.9915183036054973
328 (10).jpg,1,0.9919372568047611
328 (2).jpg,1,0.9693026696742293
328 (3).jpg,1,0.9634475551086922
328 (4).jpg,1,0.9909938192116329
328 (5).jpg,1,0.9919132278530794
328 (6).jpg,1,0.9912406908531861
328 (7).jpg,1,0.9889571270431343
328 (8).jpg,1,0.9916632969439308
328 (9).jpg,1,0.9898004511377791
328.jpg,1,0.8446740283337109
329 (10).jpg,1,0.9914810444886567
329 (2).jpg,1,0.9923052739657721
329 (3).jpg,1,0.9896962041306011
329 (4).jpg,1,0.9923897567755482
329 (5).jpg,1,0.9923655608201606
329 (6).jpg,1,0.9922857687428048
329 (7).jpg,1,0.9926157751046082
329 (8).jpg,1,0.9903579790441813
329 (9).jpg,1,0.9510880156522344
329.jpg,1,0.9912750561668298
33 (10).jpg,1,0.9858607074533595
33 (2).jpg,1,0.9919629119920211
33 (3).jpg,1,0.9907578260517558
33 (4).jpg,1,0.9921647642086949
33 (5).jpg,1,0.9924264628346607
33 (6).jpg,1,0.9847864292991388
33 (7).jpg,1,0.9100827488989779
33 (8).jpg,1,0.9900699996554397
33 (9).jpg,0,0.1423417224014097
33.jpg,1,0.9915852298184102
330 (10).jpg,1,0.9916858024285586
330 (2).jpg,1,0.991515684928616
330 (3).jpg,1,0.9493566742154739
330 (4).jpg,1,0.9923441923324678
330 (5).jpg,1,0.964394564502055
330 (6).jpg,1,0.9911760222617216
330 (7).jpg,1,0.9923264346894123
330 (8).jpg,1,0.9861841692867331
330 (9).jpg,1,0.8801636360414127
330.jpg,1,0.9921353682575391
331 (10).jpg,1,0.9912998487640455
331 (2).jpg,1,0.9918223761519221
331 (3).jpg,1,0.9876112459953152
331 (4).jpg,1,0.9922111572026144
331 (5).jpg,1,0.9873749922537343
331 (6).jpg,1,0.9921287293190172
331 (7).jpg,1,0.9925918768674054
331 (8).jpg,1,0.9922664787115808
331 (9).jpg,1,0.9920862915525387
331.jpg,1,0.9848549778016236
332 (10).jpg,1,0.9921609406363799
332 (2).jpg,1,0.9918497341950854
332 (3).jpg,1,0.9916730014588812
332 (4).jpg,1,0.9921649096346236
332 (5).jpg,1,0.8294535529217143
332 (6).jpg,1,0.9912843491192084
332 (7).jpg,1,0.9908092762038174
332 (8).jpg,1,0.9898622139954534
332 (9).jpg,1,0.9291169727045719
332.jpg,1,0.9913222712110008
333 (10).jpg,1,0.6123801608933632
333 (2).jpg,1,0.9920271211985798
333 (3).jpg,1,0.9837753644946894
333 (4).jpg,1,0.9922107266285409
333 (5).jpg,1,0.9913208590497675
333 (6).jpg,1,0.9919611098405657
333 (7).jpg,1,0.992595683182433
333 (8).jpg,1,0.9912696888725578
333 (9).jpg,1,0.990993403219133
333.jpg,1,0.9913397328785566
334 (10).jpg,1,0.9922894727633088
334 (2).jpg,1,0.9915941425844856
334 (3).jpg,1,0.9906646856758642
334 (4).jpg,1,0.9920819378498102
334 (5).jpg,1,0.99191502534412
334 (6).jpg,1,0.9864716872480418
334 (7).jpg,1,0.9925970614500649
334 (8).jpg,1,0.9715839709451778
334 (9).jpg,1,0.9905979941872959
334.jpg,0,0.4056269634533734
335 (10).jpg,1,0.9919534571021872
335 (2).jpg,1,0.9887901350507345
335 (3).jpg,1,0.9899357978630446
335 (4).jpg,1,0.9896241658065562
335 (5).jpg,1,0.9920100867174191
335 (6).jpg,1,0.9901238454763638
335 (7).jpg,1,0.9925358268722788
335 (8).jpg,1,0.9902842965609151
335 (9).jpg,1,0.991295671833799
335.jpg,1,0.9909974357730763
336 (10).jpg,1,0.9918816952367653
336 (2).jpg,1,0.9910219790664697
336 (3).jpg,1,0.9910350566791168
336 (4).jpg,1,0.9910938380166832
336 (5).jpg,1,0.9923150724839572
336 (6).jpg,1,0.9907862839595193
336 (7).jpg,1,0.992290297194418
336 (8).jpg,1,0.9924990418359948
336 (9).jpg,1,0.9910928412966784
336.jpg,1,0.9919263895318055
337 (10).jpg,1,0.8980894413676119
337 (2).jpg,1,0.9913252795981544
337 (3).jpg,1,0.9712164727527192
337 (4).jpg,1,0.9924480295064358
337 (5).jpg,1,0.9914024569001484
337 (6).jpg,1,0.9911048918055708
337 (7).jpg,1,0.9926243865097328
337 (8).jpg,1,0.9916184141307455
337 (9).jpg,1,0.9920465170135288
337.jpg,1,0.992321376660364
338 (10).jpg,1,0.9914203271441551
338 (2).jpg,1,0.9869359742064537
338 (3).jpg,1,0.9733684303141873
338 (4).jpg,1,0.9916283540651074
338 (5).jpg,1,0.9895112134616607
338 (6).jpg,1,0.9923517914104638
338 (7).jpg,1,0.9924989345133005
338 (8).jpg,1,0.9904880183993642
338 (9).jpg,1,0.9914917122449218
338.jpg,1,0.6946037499290183
339 (10).jpg,1,0.991402619322967
339 (2).jpg,1,0.9917987013389307
339 (3).jpg,1,0.9868317008683155
339 (4).jpg,1,0.9839388629796039
339 (5).jpg,1,0.9919621110991241
339 (6).jpg,1,0.8949997007131334
339 (7).jpg,1,0.9844467058720019
339 (8).jpg,1,0.9892313142784938
339 (9).jpg,1,0.9910885182594593
339.jpg,1,0.988370699303601
34 (10).jpg,1,0.9915877112702997
34 (2).jpg,1,0.991508254872322
34 (3).jpg,1,0.9917124804593517
34 (4).jpg,1,0.9924590979608662
34 (5).jpg,1,0.9904058390645217
34 (6).jpg,1,0.9917190460727402
34 (7).jpg,1,0.9911867528078494
34 (8).jpg,1,0.9917446743330331
34 (9).jpg,1,0.9751180357556656
34.jpg,1,0.9906705867061246
340 (10).jpg,1,0.9844180136819667
340 (2).jpg,1,0.981754708098034
340 (3).jpg,1,0.9864907686762386
340 (4).jpg,1,0.9916027583790266
340 (5).jpg,1,0.9578522986943669
340 (6).jpg,1,0.9923456449287048
340 (7).jpg,1,0.9925573290325497
340 (8).jpg,1,0.9743344102897645
340 (9).jpg,1,0.9814984241977388
340.jpg,1,0.9514358357742538
341 (10).jpg,1,0.9915319360584405
341 (2).jpg,1,0.9914252826535845
341 (3).jpg,1,0.989953837914637
341 (4).jpg,1,0.9764372180293549
341 (5).jpg,1,0.9922524519973922
341 (6).jpg,1,0.9920728311726619
341 (7).jpg,1,0.9924394370566275
341 (8).jpg,1,0.9908673354822969
341 (9).jpg,1,0.9894085207192028
341.jpg,1,0.9918525122123426
342 (10).jpg,1,0.6578157890100428
342 (2).jpg,1,0.9923499809354921
342 (3).jpg,1,0.9918047122808075
342 (4).jpg,1,0.9922879057140603
342 (5).jpg,1,0.9722212087841033
342 (6).jpg,1,0.991315099041436
342 (7).jpg,1,0.9920277297108401
342 (8).jpg,1,0.992312772485569
342 (9).jpg,1,0.988821233474938
342.jpg,1,0.991796461511481
343 (10).jpg,1,0.9895018081922624
343 (2).jpg,1,0.9874962996970938
343 (3).jpg,1,0.9684828450428771
343 (4).jpg,1,0.9910732494908738
343 (5).jpg,1,0.9921800715521165
343 (6).jpg,1,0.9916966686427293
343 (7).jpg,1,0.9925428412593224
343 (8).jpg,1,0.9914500866698641
343 (9).jpg,1,0.9889897635780119
343.jpg,1,0.9923593652362863
344 (10).jpg,0,0.11521850806583113
344 (2).jpg,1,0.991390605721442
344 (3).jpg,1,0.9893848619854057
344 (4).jpg,1,0.9902583809531257
344 (5).jpg,1,0.8732050665754604
344 (6).jpg,1,0.9891114320690885
344 (7).jpg,1,0.9925827060704772
344 (8).jpg,1,0.9912817726470627
344 (9).jpg,0,0.2745107027787371
344.jpg,1,0.9876213939590602
345 (10).jpg,1,0.9913368572107122
345 (2).jpg,1,0.9922897345628557
345 (3).jpg,1,0.9911549334629178
345 (4).jpg,1,0.9919669879519676
345 (5).jpg,1,0.9925213833361335
345 (6).jpg,1,0.9917613548298072
345 (7).jpg,1,0.9924699222984357
345 (8).jpg,1,0.9905142810864407
345 (9).jpg,1,0.9900889030690927
345.jpg,1,0.9906327338691727
346 (10).jpg,1,0.9892894694615773
346 (2).jpg,1,0.9813054557315642
346 (3).jpg,0,0.14637961577781472
346 (4).jpg,1,0.992133246229921
346 (5).jpg,1,0.9925273030467449
346 (6).jpg,1,0.9866428637936976
346 (7).jpg,1,0.9922280548785705
346 (8).jpg,1,0.991323790710784
346 (9).jpg,1,0.9889723449195617
346.jpg,1,0.9845799248442738
347 (10).jpg,1,0.990264378782311
347 (2).jpg,1,0.9922081370377513
347 (3).jpg,1,0.9912869716757302
347 (4).jpg,1,0.984794919288592
347 (5).jpg,1,0.9475632501527824
347 (6).jpg,1,0.9897571015210115
347 (7).jpg,1,0.9923005639860801
347 (8).jpg,1,0.9666995905057043
347 (9).jpg,1,0.9910805201623533
347.jpg,1,0.9904522214924062
348 (10).jpg,1,0.9877878257950633
348 (2).jpg,1,0.9921922695392783
348 (3).jpg,1,0.9923255485964632
348 (4).jpg,1,0.99063729925063
348 (5).jpg,1,0.9915691871119452
348 (6).jpg,1,0.9921012879373671
348 (7).jpg,1,0.9906641522015343
348 (8).jpg,1,0.9901688297074592
348 (9).jpg,1,0.9857552393657255
348.jpg,1,0.9905426097708245
349 (10).jpg,1,0.990644228152775
349 (2).jpg,1,0.9912981995650026
349 (3).jpg,0,0.03573290141526529
349 (4).jpg,0,0.02703348619814991
349 (5).jpg,1,0.99220868806861
349 (6).jpg,1,0.9920407451151789
349 (7).jpg,1,0.9926068359509579
349 (8).jpg,1,0.9906890837436348
349 (9).jpg,1,0.9911310118603059
349.jpg,1,0.9838489709480679
35 (10).jpg,1,0.9916002254283133
35 (2).jpg,1,0.9889231175797558
35 (3).jpg,1,0.9689956967875832
35 (4).jpg,1,0.9489505679896465
35 (5).jpg,1,0.9924281157824449
35 (6).jpg,1,0.9864961509502289
35 (7).jpg,1,0.9925794819851107
35 (8).jpg,1,0.9914389918184584
35 (9).jpg,1,0.9921123556822005
35.jpg,1,0.9811647054785007
350 (10).jpg,1,0.9907304277917972
350 (2).jpg,1,0.9924979569155867
350 (3).jpg,1,0.9915924563946742
350 (4).jpg,1,0.9915294164907
350 (5).jpg,1,0.9919044560663159
350 (6).jpg,1,0.9884685870853831
350 (7).jpg,1,0.99260681534257
350 (8).jpg,1,0.9924150793440136
350 (9).jpg,1,0.9857581185838006
350.jpg,1,0.9920269770532422
351 (10).jpg,1,0.9897307811980964
351 (2).jpg,1,0.9894784658401057
351 (3).jpg,1,0.9847910850301034
351 (4).jpg,1,0.9922289355987264
351 (5).jpg,1,0.9912832217091337
351 (6).jpg,1,0.9920909650402981
351 (7).jpg,1,0.9924082837623773
351 (8).jpg,1,0.9898336906492088
351 (9).jpg,1,0.9901327526191629
351.jpg,1,0.9922517259572191
352 (10).jpg,1,0.9911730603210739
352 (2).jpg,1,0.9558641467543437
352 (3).jpg,1,0.9898263135451071
352 (4).jpg,1,0.9917987097808468
352 (5).jpg,1,0.9865954831635168
352 (6).jpg,1,0.9903953125110099
352 (7).jpg,1,0.9925865433919296
352 (8).jpg,1,0.9923265997411925
352 (9).jpg,1,0.9822408588810908
352.jpg,1,0.9921190281190692
353 (10).jpg,1,0.9830154741399243
353 (2).jpg,1,0.9914258726717622
353 (3).jpg,1,0.9894694867231338
353 (4).jpg,1,0.9913130712691023
353 (5).jpg,1,0.9909449553221683
353 (6).jpg,1,0.9921689894421006
353 (7).jpg,1,0.9916160069207249
353 (8).jpg,1,0.9897331625379416
353 (9).jpg,1,0.973652552673717
353.jpg,1,0.916352796041357
354 (10).jpg,1,0.991729237862318
354 (2).jpg,1,0.9903427456909708
354 (3).jpg,1,0.9904195760724696
354 (4).jpg,1,0.9721294248337982
354 (5).jpg,1,0.9918018645609363
354 (6).jpg,1,0.9923161440399219
354 (7).jpg,1,0.9923024287118457
354 (8).jpg,1,0.9922408252484266
354 (9).jpg,1,0.9914117315269732
354.jpg,1,0.9916138675609869
355 (10).jpg,1,0.9899547352696771
355 (2).jpg,1,0.9878721834446051
355 (3).jpg,1,0.9919788669477386
355 (4).jpg,1,0.9917064298035774
355 (5).jpg,1,0.9919684823581051
355 (6).jpg,1,0.9853075702556828
355 (7).jpg,1,0.992628644191239
355 (8).jpg,1,0.9915422752885129
355 (9).jpg,1,0.9868021122436588
355.jpg,1,0.9906759539610234
356 (10).jpg,1,0.9548635203934479
356 (2).jpg,1,0.9228824643485601
356 (3).jpg,1,0.48384545360082126
356 (4).jpg,1,0.992184831065279
356 (5).jpg,0,0.05202814355748585
356 (6).jpg,1,0.9918380061501129
356 (7).jpg,1,0.9926080385734607
356 (8).jpg,1,0.9923775584129755
356 (9).jpg,1,0.9875172322603262
356.jpg,1,0.9664055534108114
357 (10).jpg,1,0.9923409513444774
357 (2).jpg,1,0.9908886629019303
357 (3).jpg,1,0.9707410399053722
357 (4).jpg,1,0.99256855544426
357 (5).jpg,0,0.04982001353613343
357 (6).jpg,1,0.9900833272697368
357 (7).jpg,1,0.9925227077989333
357 (8).jpg,1,0.9896036004036782
357 (9).jpg,1,0.9913290753023102
357.jpg,1,0.7512400282849058
358 (10).jpg,1,0.992305163322293
358 (2).jpg,1,0.9919659189706584
358 (3).jpg,1,0.9912290968611642
358 (4).jpg,1,0.9924129188835533
358 (5).jpg,1,0.9924767586157337
358 (6).jpg,1,0.9925204885399891
358 (7).jpg,1,0.992442354911857
358 (8).jpg,1,0.9910494001762756
358 (9).jpg,1,0.9672748942635617
358.jpg,1,0.9923965086281317
359 (10).jpg,1,0.9902614385588314
359 (2).jpg,1,0.9877695979532827
359 (3).jpg,1,0.989755233216255
359 (4).jpg,0,0.011248017203249075
359 (5).jpg,1,0.9901072127211827
359 (6).jpg,1,0.9921522419150111
359 (7).jpg,1,0.9925178607950185
359 (8).jpg,1,0.9924656679914
359 (9).jpg,1,0.9879397549080716
359.jpg,1,0.9840190115203157
36 (10).jpg,1,0.9916611282838237
36 (2).jpg,1,0.9559405220783489
36 (3).jpg,1,0.9902034227690606
36 (4).jpg,1,0.991783474727479
36 (5).jpg,1,0.9915962331222357
36 (6).jpg,1,0.9920814066985317
36 (7).jpg,1,0.9809419007429424
36 (8).jpg,1,0.9536621156531976
36 (9).jpg,1,0.990453678962898
36.jpg,1,0.9909102388506718
360 (10).jpg,1,0.966317798294201
360 (2).jpg,1,0.9920655436925992
360 (3).jpg,1,0.9882185098661815
360 (4).jpg,1,0.9886388670197788
360 (5).jpg,1,0.9925188102419665
360 (6).jpg,1,0.9893066021576225
360 (7).jpg,1,0.9922239129802081
360 (8).jpg,1,0.9923234376839073
360 (9).jpg,1,0.9862767642282879
360.jpg,1,0.9918692291666504
361 (10).jpg,1,0.9886440261729285
361 (2).jpg,1,0.9899801784897373
361 (3).jpg,1,0.9774279763931631
361 (4).jpg,1,0.9900542957532913
361 (5).jpg,1,0.9925820449665955
361 (6).jpg,1,0.9904468320524482
361 (7).jpg,1,0.9926242534449535
361 (8).jpg,1,0.9925506160929702
361 (9).jpg,1,0.9912313327420709
361.jpg,1,0.9874801906453174
362 (10).jpg,1,0.9891651438604483
362 (2).jpg,1,0.9881308367681353
362 (3).jpg,1,0.9914494582801736
362 (4).jpg,1,0.9913955919240777
362 (5).jpg,1,0.9917362350443706
362 (6).jpg,1,0.9716793260805827
362 (7).jpg,1,0.9920368251880813
362 (8).jpg,1,0.9922649365852779
362 (9).jpg,1,0.9913952881533253
362.jpg,1,0.983903164270864
363 (10).jpg,1,0.9904451309065381
363 (2).jpg,1,0.9912103083039582
363 (3).jpg,1,0.9916591766539244
363 (4).jpg,1,0.9924279033496413
363 (5).jpg,1,0.9862849066634759
363 (6).jpg,1,0.9912674575526425
363 (7).jpg,1,0.9925702946837835
363 (8).jpg,1,0.98610937820599
363 (9).jpg,1,0.9918737693188694
363.jpg,1,0.9859947845435193
364 (10).jpg,1,0.583680041774631
364 (2).jpg,1,0.9766593077295771
364 (3).jpg,1,0.99194519353206
364 (4).jpg,1,0.992581113538782
364 (5).jpg,1,0.9923075122779147
364 (6).jpg,1,0.9920764902917588
364 (7).jpg,1,0.9914087141082468
364 (8).jpg,1,0.8325377097294395
364 (9).jpg,1,0.991719201443956
364.jpg,1,0.9924159822017081
365 (10).jpg,1,0.9783545509449749
365 (2).jpg,1,0.9457328831226475
365 (3).jpg,1,0.9898713984716105
365 (4).jpg,1,0.9889183648961056
365 (5).jpg,1,0.9907764854580725
365 (6).jpg,1,0.9913207651455804
365 (7).jpg,1,0.9909929586304047
365 (8).jpg,1,0.992455065270361
365 (9).jpg,1,0.9916233301809424
365.jpg,1,0.9913056341206911
366 (10).jpg,1,0.9914201111397577
366 (2).jpg,0,0.035259820913791276
366 (3).jpg,1,0.9922444495780847
366 (4).jpg,1,0.9811226823284867
366 (5).jpg,1,0.9919629575568483
366 (6).jpg,1,0.9894757212839148
366 (7).jpg,1,0.9925989389713943
366 (8).jpg,1,0.9920659821904626
366 (9).jpg,1,0.9894634929778742
366.jpg,1,0.9903142365459249
367 (10).jpg,1,0.9633441625247093
367 (2).jpg,1,0.988906534523558
367 (3).jpg,1,0.9881023123585203
367 (4).jpg,1,0.992340314475744
367 (5).jpg,1,0.9917149075810333
367 (6).jpg,1,0.9917893723910264
367 (7).jpg,1,0.9923610889485154
367 (8).jpg,1,0.9917004525439284
367 (9).jpg,1,0.9909075574642303
367.jpg,1,0.9896735781734725
368 (10).jpg,1,0.99151266014475
368 (2).jpg,1,0.9904947203362471
368 (3).jpg,1,0.9443453563534537
368 (4).jpg,1,0.8623056142581326
368 (5).jpg,1,0.9924965113326853
368 (6).jpg,1,0.952789784255628
368 (7).jpg,1,0.9918051224514863
368 (8).jpg,1,0.9913918794177032
368 (9).jpg,1,0.9901426987718781
368.jpg,1,0.9887840936667566
369 (10).jpg,1,0.9922543008755702
369 (2).jpg,1,0.9917888114557903
369 (3).jpg,1,0.9746115229114835
369 (4).jpg,1,0.9908157534309062
369 (5).jpg,1,0.9910563604468722
369 (6).jpg,1,0.9903596421778207
369 (7).jpg,1,0.9926211858715244
369 (8).jpg,1,0.9922104577757102
369 (9).jpg,1,0.9917859470912743
369.jpg,1,0.9919456239368973
37 (10).jpg,1,0.9857936323542369
37 (2).jpg,1,0.9910453404413568
37 (3).jpg,1,0.9809496052219719
37 (4).jpg,1,0.9919136853508962
37 (5).jpg,0,0.3612037737031681
37 (6).jpg,1,0.9912720793898817
37 (7).jpg,1,0.9925919546239835
37 (8).jpg,1,0.9704891743158628
37 (9).jpg,1,0.7337307704315739
37.jpg,1,0.992465243303945
370 (10).jpg,1,0.9900679065875777
370 (2).jpg,1,0.9745022671554745
370 (3).jpg,1,0.9796749030423948
370 (4).jpg,1,0.7868645946824833
370 (5).jpg,1,0.9924812170980689
370 (6).jpg,1,0.9895662965770539
370 (7).jpg,1,0.9926220840625808
370 (8).jpg,1,0.9919983961551727
370 (9).jpg,0,0.05609673318343548
370.jpg,1,0.9920810255801431
371 (10).jpg,1,0.9872787123526043
371 (2).jpg,1,0.9920837386607864
371 (3).jpg,1,0.9915899314164646
371 (4).jpg,1,0.9901607769761772
371 (5).jpg,1,0.9905640386285017
371 (6).jpg,1,0.9908218699313871
371 (7).jpg,1,0.9923045617797697
371 (8).jpg,1,0.9920978414075797
371 (9).jpg,1,0.9875036460608446
371.jpg,1,0.9916589554432031
372 (10).jpg,1,0.9842143423338102
372 (2).jpg,1,0.992001245963338
372 (3).jpg,1,0.9914314927274652
372 (4).jpg,1,0.9925891234106172
372 (5).jpg,1,0.9924343050285652
372 (6).jpg,1,0.9913571375373196
372 (7).jpg,1,0.9926231156372642
372 (8).jpg,1,0.9920748587116142
372 (9).jpg,1,0.9650300578092135
372.jpg,1,0.992155363707459
373 (10).jpg,1,0.9865192566666314
373 (2).jpg,1,0.9906483063599142
373 (3).jpg,1,0.992363746855045
373 (4).jpg,1,0.9890300804075067
373 (5).jpg,1,0.9902461924264171
373 (6).jpg,1,0.9920549286012489
373 (7).jpg,1,0.992609822388359
373 (8).jpg,1,0.9899785510650544
373 (9).jpg,1,0.9066640341882698
373.jpg,1,0.99241082713693
374 (10).jpg,1,0.9918515233882473
374 (2).jpg,1,0.985898032583258
374 (3).jpg,1,0.9654420048999303
374 (4).jpg,1,0.9923249788956362
374 (5).jpg,1,0.9925779299837423
374 (6).jpg,1,0.9916003419034384
374 (7).jpg,1,0.9925447774381709
374 (8).jpg,1,0.9893007515955248
374 (9).jpg,1,0.9755989255771025
374.jpg,1,0.9919887408417097
375 (10).jpg,1,0.9886899285863264
375 (2).jpg,1,0.9922295714285104
375 (3).jpg,1,0.9645565257205995
375 (4).jpg,1,0.9913635537198238
375 (5).jpg,1,0.9914895714384832
375 (6).jpg,1,0.9915484149137826
375 (7).jpg,1,0.9925442917249387
375 (8).jpg,1,0.9916877608453939
375 (9).jpg,1,0.9916881289806102
375.jpg,1,0.9911560588351342
376 (10).jpg,1,0.9915405610618695
376 (2).jpg,1,0.9886839969468992
376 (3).jpg,1,0.9822807075945216
376 (4).jpg,1,0.9924363215102145
376 (5).jpg,1,0.9892701770816097
376 (6).jpg,1,0.9922904220260523
376 (7).jpg,1,0.989615531403907
376 (8).jpg,1,0.9894417944267342
376 (9).jpg,1,0.9778718197735297
376.jpg,1,0.9781736913558812
377 (10).jpg,1,0.9779994610122957
377 (2).jpg,1,0.9881640822674554
377 (3).jpg,0,0.4006629721935373
377 (4).jpg,1,0.9908678480986004
377 (5).jpg,1,0.9898800562363576
377 (6).jpg,1,0.9844262784830601
377 (7).jpg,1,0.9925870382786377
377 (8).jpg,1,0.992340864112273
377 (9).jpg,1,0.9910714698878077
377.jpg,1,0.9903911428530844
378 (10).jpg,1,0.9920455531814106
378 (2).jpg,1,0.9718678232293754
378 (3).jpg,1,0.9913477304781948
378 (4).jpg,1,0.990035476435352
378 (5).jpg,1,0.9925331611475827
378 (6).jpg,1,0.9923472681787621
378 (7).jpg,1,0.9921264619229867
378 (8).jpg,1,0.9923499075520434
378 (9).jpg,1,0.9305371641936347
378.jpg,1,0.9903694421866203
379 (10).jpg,1,0.989458639627227
379 (2).jpg,1,0.9887587696135067
379 (3).jpg,1,0.9921477226988848
379 (4).jpg,1,0.9907441628083956
379 (5).jpg,1,0.9923609066831011
379 (6).jpg,1,0.9913779720263765
379 (7).jpg,1,0.9924800246428296
379 (8).jpg,1,0.9874913709920436
379 (9).jpg,1,0.8348321604840662
379.jpg,1,0.9920779130004983
38 (10).jpg,1,0.9900025836491174
38 (2).jpg,1,0.9920750908150151
38 (3).jpg,0,0.1409394160502674
38 (4).jpg,1,0.9890990339301192
38 (5).jpg,0,0.06228322682736112
38 (6).jpg,1,0.9920450028653773
38 (7).jpg,1,0.9923876568311113
38 (8).jpg,1,0.9869568984724765
38 (9).jpg,1,0.9922900952843773
38.jpg,1,0.990597829498757
380 (10).jpg,1,0.9917087705797774
380 (2).jpg,1,0.9917313247889288
380 (3).jpg,1,0.9896771584556288
380 (4).jpg,1,0.9906431644414635
380 (5).jpg,1,0.9924845997695236
380 (6).jpg,1,0.9924623109135201
380 (7).jpg,1,0.9926151895305003
380 (8).jpg,1,0.9862993662872773
380 (9).jpg,1,0.9915214168177575
380.jpg,1,0.9918249040661896
381 (10).jpg,1,0.9806360577611956
381 (2).jpg,1,0.9895657528523848
381 (3).jpg,1,0.9859101771099742
381 (4).jpg,1,0.9916356025741019
381 (5).jpg,1,0.9915851185230067
381 (6).jpg,1,0.9716930616475904
381 (7).jpg,1,0.9926008554104632
381 (8).jpg,1,0.9924886211221161
381 (9).jpg,1,0.6464705251449655
381.jpg,1,0.990910365809914
382 (10).jpg,1,0.991699622828024
382 (2).jpg,1,0.9909952383969347
382 (3).jpg,1,0.9892519067949316
382 (4).jpg,1,0.9923440605046175
382 (5).jpg,1,0.9916688743352535
382 (6).jpg,1,0.9923226007902252
382 (7).jpg,1,0.9925715123575523
382 (8).jpg,1,0.9903192246088617
382 (9).jpg,1,0.9722050298692382
382.jpg,1,0.9887818412301209
383 (10).jpg,1,0.9916444330349211
383 (2).jpg,1,0.9915254396071153
383 (3).jpg,1,0.9679116998492896
383 (4).jpg,1,0.9924177073989376
383 (5).jpg,1,0.9880832973364202
383 (6).jpg,1,0.9909981289105124
383 (7).jpg,1,0.9925656854316998
383 (8).jpg,1,0.992384687923778
383 (9).jpg,1,0.9083235516618109
383.jpg,1,0.9914761120410414
384 (10).jpg,1,0.98868935433212
384 (2).jpg,0,0.13409387078521648
384 (3).jpg,0,0.08959946072450209
384 (4).jpg,1,0.99232311516203
384 (5).jpg,1,0.99223423520791
384 (6).jpg,1,0.9919794697387607
384 (7).jpg,1,0.9924820313638072
384 (8).jpg,1,0.9919594356644386
384 (9).jpg,1,0.9897740447024193
384.jpg,1,0.9908794028140672
385 (10).jpg,1,0.9868766939995555
385 (2).jpg,1,0.9917887374645621
385 (3).jpg,1,0.9866937796780161
385 (4).jpg,1,0.9920824196182548
385 (5).jpg,1,0.9894674702948136
385 (6).jpg,1,0.9917377926649464
385 (7).jpg,1,0.9912990618214305
385 (8).jpg,1,0.9911661330168915
385 (9).jpg,1,0.9915429323739762
385.jpg,1,0.9920675270798159
386 (10).jpg,1,0.9866349922140304
386 (2).jpg,1,0.9920977810347085
386 (3).jpg,1,0.9908781157751216
386 (4).jpg,1,0.9922637066323611
386 (5).jpg,1,0.992439708540042
386 (6).jpg,1,0.9917902247759965
386 (7).jpg,1,0.9925056687538623
386 (8).jpg,1,0.9905779198362903
386 (9).jpg,1,0.9924258550291113
386.jpg,1,0.9922571968240936
387 (10).jpg,1,0.9907262061196792
387 (2).jpg,1,0.9924593431668112
387 (3).jpg,1,0.9827769663449473
387 (4).jpg,1,0.992350051808614
387 (5).jpg,1,0.992302158508229
387 (6).jpg,1,0.9911487598782404
387 (7).jpg,1,0.9924396984657177
387 (8).jpg,1,0.988911133001144
387 (9).jpg,1,0.9872048231594441
387.jpg,1,0.9914052542781111
388 (10).jpg,1,0.9894856439373142
388 (2).jpg,1,0.9915584418196993
388 (3).jpg,1,0.9798182959485819
388 (4).jpg,1,0.9923639756900176
388 (5).jpg,1,0.9919984897414089
388 (6).jpg,1,0.9909734027274278
388 (7).jpg,1,0.9914014776029368
388 (8).jpg,1,0.9923882025071176
388 (9).jpg,1,0.6797861033434369
388.jpg,1,0.9912241820905398
389 (10).jpg,1,0.9909235155554809
389 (2).jpg,1,0.9922034039519523
389 (3).jpg,1,0.9888649969417873
389 (4).jpg,1,0.9923942970718791
389 (5).jpg,1,0.9905204266240284
389 (6).jpg,1,0.9901238454763638
389 (7).jpg,1,0.9926164655596594
389 (8).jpg,1,0.9919977978342905
389 (9).jpg,1,0.9904845135798009
389.jpg,1,0.9921014708126548
39 (10).jpg,1,0.9909107607996605
39 (2).jpg,1,0.9922199949030259
39 (3).jpg,1,0.9900349728638015
39 (4).jpg,1,0.9924909589165026
39 (5).jpg,1,0.9913165814716242
39 (6).jpg,1,0.991585579986583
39 (7).jpg,1,0.9925694688431109
39 (8).jpg,1,0.9893253849194964
39 (9).jpg,1,0.988138904939584
39.jpg,1,0.990270704276556
390 (10).jpg,1,0.9919423821520251
390 (2).jpg,1,0.9908673813786143
390 (3).jpg,1,0.9920980905657777
390 (4).jpg,1,0.9863308440821275
390 (5).jpg,1,0.9776511331957076
390 (6).jpg,1,0.9922185472563811
390 (7).jpg,1,0.992573790491634
390 (8).jpg,1,0.9924208884422097
390 (9).jpg,1,0.9912540927174766
390.jpg,0,0.015055858418296413
391 (10).jpg,1,0.9915557104932542
391 (2).jpg,1,0.9921381613871244
391 (3).jpg,1,0.9918315956657799
391 (4).jpg,1,0.9920729489350251
391 (5).jpg,1,0.9920699822845668
391 (6).jpg,1,0.9919681267785166
391 (7).jpg,1,0.992616110062245
391 (8).jpg,1,0.9920072923104166
391 (9).jpg,1,0.9882785689872968
391.jpg,1,0.9919653433760776
392 (10).jpg,0,0.41836620973229705
392 (2).jpg,1,0.9902196092831657
392 (3).jpg,1,0.4363676175500785
392 (4).jpg,1,0.9919744534226472
392 (5).jpg,1,0.9911907939227524
392 (6).jpg,1,0.8549428698088086
392 (7).jpg,1,0.9925327199324224
392 (8).jpg,1,0.9923308771825335
392 (9).jpg,1,0.97920571660767
392.jpg,1,0.9917733862402635
393 (10).jpg,1,0.9922084047687879
393 (2).jpg,1,0.9919366475729096
393 (3).jpg,1,0.8117440972224604
393 (4).jpg,1,0.9923167717952212
393 (5).jpg,1,0.9921825380740426
393 (6).jpg,1,0.9856726294255369
393 (7).jpg,1,0.9926315483614206
393 (8).jpg,1,0.9908379663141189
393 (9).jpg,1,0.9918837545795055
393.jpg,1,0.9915589887044511
394 (10).jpg,1,0.9900248075294618
394 (2).jpg,1,0.9923155066665373
394 (3).jpg,1,0.9400051295346227
394 (4).jpg,1,0.9921457183010814
394 (5).jpg,1,0.9923940176792876
394 (6).jpg,1,0.9906333804371185
394 (7).jpg,1,0.9913978402800955
394 (8).jpg,1,0.9895665472696803
394 (9).jpg,1,0.990991260421909
394.jpg,1,0.9920390077634517
395 (10).jpg,1,0.9922535139290006
395 (2).jpg,1,0.9916727985712391
395 (3).jpg,1,0.9905508073534025
395 (4).jpg,1,0.9895064663842864
395 (5).jpg,1,0.9923057220256996
395 (6).jpg,1,0.9861502844909908
395 (7).jpg,1,0.9925466694009001
395 (8).jpg,1,0.9922761921296581
395 (9).jpg,1,0.8090368638008909
395.jpg,1,0.9867309217096345
396 (10).jpg,0,0.015951806423882355
396 (2).jpg,1,0.9909665533776809
396 (3).jpg,1,0.9882575942869125
396 (4).jpg,1,0.9925864030198533
396 (5).jpg,1,0.9924836764659022
396 (6).jpg,1,0.9903723849788534
396 (7).jpg,1,0.9914448779018747
396 (8).jpg,1,0.9921670268958859
396 (9).jpg,1,0.9861258077181759
396.jpg,1,0.9917106661167435
397 (10).jpg,1,0.9912895484675814
397 (2).jpg,1,0.991483562137155
397 (3).jpg,1,0.9867837144324898
397 (4).jpg,1,0.992038507162402
397 (5).jpg,1,0.9923447802075189
397 (6).jpg,1,0.992071248087526
397 (7).jpg,1,0.9926268281289512
397 (8).jpg,1,0.7545432239220786
397 (9).jpg,1,0.9897593905045627
397.jpg,1,0.9918875587373245
398 (10).jpg,1,0.9909960611382481
398 (2).jpg,1,0.992331884815106
398 (3).jpg,1,0.9882712502206038
398 (4).jpg,1,0.9925426008991877
398 (5).jpg,1,0.9921687237084309
398 (6).jpg,1,0.9820442237177571
398 (7).jpg,1,0.9925868830109505
398 (8).jpg,1,0.9919728067226037
398 (9).jpg,0,0.1451135363697666
398.jpg,1,0.9918708409175864
399 (10).jpg,1,0.6700135658134098
399 (2).jpg,1,0.8686594928062452
399 (3).jpg,1,0.7393615822158461
399 (4).jpg,1,0.9916028900721959
399 (5).jpg,1,0.9923882897455026
399 (6).jpg,1,0.9917330116858881
399 (7).jpg,1,0.9925326747825095
399 (8).jpg,1,0.9899637188216385
399 (9).jpg,1,0.9340552348709217
399.jpg,1,0.992172489510081
4 (10).jpg,1,0.9901115657562534
4 (2).jpg,1,0.9903095985934285
4 (3).jpg,1,0.989779186370692
4 (4).jpg,1,0.992441519627288
4 (5).jpg,1,0.9922600677991829
4 (6).jpg,1,0.9902562178732922
4 (7).jpg,1,0.9926090616455857
4 (8).jpg,1,0.9891655935333711
4 (9).jpg,1,0.9915815146915052
4.jpg,1,0.9568889853347321
40 (10).jpg,1,0.9783313636533276
40 (2).jpg,1,0.9871659107252269
40 (3).jpg,1,0.8023190204289815
40 (4).jpg,1,0.9902792546556345
40 (5).jpg,1,0.9908156183738807
40 (6).jpg,1,0.9921791733906656
40 (7).jpg,1,0.9924270733039294
40 (8).jpg,1,0.9898248664323676
40 (9).jpg,1,0.9900078958620233
40.jpg,1,0.9860091521024
400 (10).jpg,1,0.9866888143363107
400 (2).jpg,1,0.9866120783617459
400 (3).jpg,1,0.9882135397715784
400 (4).jpg,1,0.9922853816212882
400 (5).jpg,1,0.9921543477298125
400 (6).jpg,1,0.9915954995150155
400 (7).jpg,1,0.9923225831255349
400 (8).jpg,1,0.9918405546024935
400 (9).jpg,1,0.9916790053441268
400.jpg,1,0.9918731619060129
401 (10).jpg,1,0.9842951968973588
401 (2).jpg,1,0.9923698594619547
401 (3).jpg,1,0.991626083999478
401 (4).jpg,1,0.9921089763718733
401 (5).jpg,1,0.9884465776670356
401 (6).jpg,1,0.9920109538328465
401 (7).jpg,1,0.9925697605008412
401 (8).jpg,1,0.9913817004291071
401 (9).jpg,1,0.8927156275403755
401.jpg,1,0.9914745516233535
402 (10).jpg,1,0.9896143252208435
402 (2).jpg,1,0.9924783075807374
402 (3).jpg,1,0.9341872337291878
402 (4).jpg,1,0.9925502993330567
402 (5).jpg,1,0.9924978381000296
402 (6).jpg,1,0.991585250387415
402 (7).jpg,1,0.9924987542927151
402 (8).jpg,1,0.9894915198446363
402 (9).jpg,0,0.04978051281325377
402.jpg,1,0.9900642484081176
403 (10).jpg,1,0.9893865327028961
403 (2).jpg,1,0.9898050313916559
403 (3).jpg,1,0.9898824349341376
403 (4).jpg,1,0.9905759717472602
403 (5).jpg,1,0.9922491826139461
403 (6).jpg,1,0.9808231928931429
403 (7).jpg,1,0.9925548156226129
403 (8).jpg,1,0.9921977719200986
403 (9).jpg,1,0.9914008716778965
403.jpg,1,0.9923299110688187
404 (10).jpg,1,0.9880029146759194
404 (2).jpg,1,0.9916147964601888
404 (3).jpg,1,0.9807947413753227
404 (4).jpg,1,0.9845127578339525
404 (5).jpg,1,0.9907347716119725
404 (6).jpg,1,0.9835791353695588
404 (7).jpg,1,0.9925789632643688
404 (8).jpg,1,0.9917245199536238
404 (9).jpg,1,0.9918892382676657
404.jpg,1,0.9722262754838461
405 (10).jpg,1,0.9914877396132319
405 (2).jpg,1,0.99154680926009
405 (3).jpg,1,0.9857181699570486
405 (4).jpg,1,0.9926033272443207
405 (5).jpg,1,0.992045060976526
405 (6).jpg,1,0.9882801705214537
405 (7).jpg,1,0.9893263432073163
405 (8).jpg,1,0.9904226873127905
405 (9).jpg,1,0.985999943808385
405.jpg,1,0.9907724143179942
406 (10).jpg,1,0.99247111168092
406 (2).jpg,1,0.9914774118443354
406 (3).jpg,1,0.9910631647360527
406 (4).jpg,1,0.9917761842111376
406 (5).jpg,1,0.9922973698539592
406 (6).jpg,1,0.9831536957886753
406 (7).jpg,1,0.99135454864835
406 (8).jpg,1,0.9907121044239955
406 (9).jpg,1,0.9889282605288048
406.jpg,1,0.9909983377822227
407 (10).jpg,1,0.9897446422411232
407 (2).jpg,1,0.9693288391195578
407 (3).jpg,1,0.9918459831228958
407 (4).jpg,1,0.8340617861303073
407 (5).jpg,1,0.9861233429280036
407 (6).jpg,0,0.1890045580530581
407 (7).jpg,1,0.9926266459636721
407 (8).jpg,1,0.9901906246483995
407 (9).jpg,1,0.989564747037904
407.jpg,1,0.9920410763720781
408 (10).jpg,1,0.9913041184607448
408 (2).jpg,1,0.989517063937469
408 (3).jpg,1,0.9887228847484479
408 (4).jpg,1,0.992372995745313
408 (5).jpg,1,0.983493290640243
408 (6).jpg,1,0.9893786546153502
408 (7).jpg,1,0.9920495543117713
408 (8).jpg,1,0.9886765452882934
408 (9).jpg,1,0.8443322223966723
408.jpg,1,0.9291534494908726
409 (10).jpg,1,0.9908639736983582
409 (2).jpg,1,0.9759923420940763
409 (3).jpg,1,0.9890340327032692
409 (4).jpg,1,0.9902789165458465
409 (5).jpg,1,0.9907722043148512
409 (6).jpg,1,0.9922028566405281
409 (7).jpg,1,0.9919886384380299
409 (8).jpg,1,0.9888299766055965
409 (9).jpg,1,0.9597777656764244
409.jpg,1,0.9914152734953389
41 (10).jpg,1,0.9917323666467089
41 (2).jpg,1,0.9920465222068767
41 (3).jpg,1,0.9642627023930829
41 (4).jpg,1,0.9891793173750004
41 (5).jpg,1,0.9921659487349455
41 (6).jpg,1,0.9919966937625616
41 (7).jpg,1,0.99239841430094
41 (8).jpg,1,0.9913345838023248
41 (9).jpg,1,0.9904011078418484
41.jpg,1,0.9881191502310585
410 (10).jpg,1,0.9892367105734614
410 (2).jpg,1,0.988018156037087
410 (3).jpg,1,0.9902040120047033
410 (4).jpg,1,0.992571787377732
410 (5).jpg,1,0.9867549684587442
410 (6).jpg,1,0.991754948716891
410 (7).jpg,1,0.9926270415896876
410 (8).jpg,1,0.9850953732323554
410 (9).jpg,1,0.977966648247724
410.jpg,1,0.9911472763078274
411 (10).jpg,1,0.9855629090875837
411 (2).jpg,1,0.977621842280493
411 (3).jpg,1,0.8794690234307927
411 (4).jpg,1,0.9925646260739512
411 (5).jpg,1,0.9914226878003666
411 (6).jpg,1,0.9907545860678922
411 (7).jpg,1,0.9923021634499445
411 (8).jpg,1,0.9922855917852502
411 (9).jpg,1,0.9907654315340892
411.jpg,1,0.9917118800298937
412 (10).jpg,1,0.9878615775670793
412 (2).jpg,1,0.9919941741847439
412 (3).jpg,1,0.991706931556985
412 (4).jpg,1,0.9897748453587958
412 (5).jpg,1,0.9912872083717966
412 (6).jpg,1,0.9912657343879685
412 (7).jpg,1,0.9905894305045418
412 (8).jpg,1,0.992061375111362
412 (9).jpg,1,0.8621521717134522
412.jpg,1,0.9918704106909625
413 (10).jpg,1,0.9871738303531373
413 (2).jpg,1,0.9916863756591577
413 (3).jpg,0,0.009488116621879455
413 (4).jpg,1,0.9916419943638404
413 (5).jpg,1,0.9915060885288763
413 (6).jpg,1,0.66153634928484
413 (7).jpg,1,0.9876381776500494
413 (8).jpg,1,0.9917202561381561
413 (9).jpg,1,0.9859689775323282
413.jpg,1,0.9427651182960006
414 (10).jpg,1,0.9749350357308023
414 (2).jpg,1,0.9921997175708112
414 (3).jpg,1,0.9919923222991288
414 (4).jpg,1,0.9902752031207802
414 (5).jpg,1,0.9906503850504788
414 (6).jpg,1,0.9921330126846437
414 (7).jpg,1,0.9926104068579381
414 (8).jpg,1,0.9919289975870329
414 (9).jpg,1,0.991490774396378
414.jpg,1,0.9919381726817464
415 (10).jpg,1,0.9843888014477243
415 (2).jpg,1,0.9911403618287538
415 (3).jpg,1,0.9889192152844395
415 (4).jpg,1,0.978855394716967
415 (5).jpg,1,0.9911184548367404
415 (6).jpg,1,0.991770097790826
415 (7).jpg,1,0.9915800874914611
415 (8).jpg,1,0.9924190860553688
415 (9).jpg,1,0.9875423154878902
415.jpg,1,0.9919314804727077
416 (10).jpg,0,0.06967884629227684
416 (2).jpg,1,0.9822049220561001
416 (3).jpg,1,0.9755223155697409
416 (4).jpg,1,0.9922697897309902
416 (5).jpg,1,0.9925380753078455
416 (6).jpg,1,0.9922089091793515
416 (7).jpg,1,0.9925204760811202
416 (8).jpg,1,0.9895752180590184
416 (9).jpg,1,0.988282627242318
416.jpg,1,0.9917439129508567
417 (10).jpg,1,0.9844878610099849
417 (2).jpg,1,0.9915291575699309
417 (3).jpg,1,0.9858902670948054
417 (4).jpg,1,0.9802151097979825
417 (5).jpg,1,0.9922041122163144
417 (6).jpg,1,0.9919902098318204
417 (7).jpg,1,0.9924821920334207
417 (8).jpg,1,0.992159380629747
417 (9).jpg,1,0.9717378087830891
417.jpg,1,0.8110860291699045
418 (10).jpg,1,0.9893928627341825
418 (2).jpg,1,0.9908603991065947
418 (3).jpg,1,0.9911555411249448
418 (4).jpg,1,0.9915362200890742
418 (5).jpg,1,0.9768580537531031
418 (6).jpg,1,0.9924278230316127
418 (7).jpg,1,0.9919811271093366
418 (8).jpg,1,0.9924406790615986
418 (9).jpg,1,0.9902493104514906
418.jpg,1,0.9852625548200696
419 (10).jpg,1,0.9814081160312632
419 (2).jpg,1,0.9887806813757558
419 (3).jpg,1,0.98721895033177
419 (4).jpg,1,0.9902943502552363
419 (5).jpg,1,0.9888290481504971
419 (6).jpg,1,0.9908046421946101
419 (7).jpg,1,0.9903162892840162
419 (8).jpg,1,0.9924560745098855
419 (9).jpg,1,0.9921257911663162
419.jpg,1,0.9916870378599647
42 (10).jpg,1,0.991397447869242
42 (2).jpg,1,0.9917972889962127
42 (3).jpg,1,0.9828636265081117
42 (4).jpg,1,0.9923100548502034
42 (5).jpg,1,0.9906813561177635
42 (6).jpg,1,0.9869872245956969
42 (7).jpg,1,0.9925829714910707
42 (8).jpg,1,0.9901772025567875
42 (9).jpg,1,0.9891782545970945
42.jpg,1,0.9903848211855385
420 (10).jpg,1,0.9921593829584056
420 (2).jpg,1,0.9920458373172507
420 (3).jpg,1,0.950998030521989
420 (4).jpg,1,0.9923297162822547
420 (5).jpg,1,0.9896744945543962
420 (6).jpg,1,0.9907711800862472
420 (7).jpg,1,0.9925276227008712
420 (8).jpg,1,0.9921737972464061
420 (9).jpg,1,0.9903631981690714
420.jpg,1,0.9910253024730035
421 (10).jpg,1,0.9911454922269108
421 (2).jpg,1,0.9919961061802451
421 (3).jpg,1,0.9854787639487232
421 (4).jpg,1,0.991783407299349
421 (5).jpg,1,0.9907259235752238
421 (6).jpg,1,0.9918975600157861
421 (7).jpg,1,0.9926296387822765
421 (8).jpg,1,0.9923514317770117
421 (9).jpg,1,0.9852812018682399
421.jpg,1,0.9914905131309715
422 (10).jpg,1,0.9896864201892792
422 (2).jpg,1,0.9921649910360086
422 (3).jpg,1,0.987812151942558
422 (4).jpg,1,0.9922023097158283
422 (5).jpg,1,0.9917030673524886
422 (6).jpg,1,0.987514719330222
422 (7).jpg,1,0.992624054489295
422 (8).jpg,1,0.9872790762205075
422 (9).jpg,1,0.9906773674394319
422.jpg,1,0.9919982773986608
423 (10).jpg,1,0.9920790692214903
423 (2).jpg,1,0.991716094204947
423 (3).jpg,1,0.9920157764448659
423 (4).jpg,1,0.9924830890779258
423 (5).jpg,1,0.9923814852934272
423 (6).jpg,1,0.9925470904862612
423 (7).jpg,1,0.9924930597922246
423 (8).jpg,1,0.9916723065011175
423 (9).jpg,1,0.9913504799741413
423.jpg,1,0.9917296780142937
424 (10).jpg,1,0.9910282778932294
424 (2).jpg,1,0.9915876305678397
424 (3).jpg,1,0.977280040767362
424 (4).jpg,1,0.9896077168633896
424 (5).jpg,1,0.9868605951982172
424 (6).jpg,1,0.8172981951017758
424 (7).jpg,1,0.9925020262638219
424 (8).jpg,1,0.9925669013785926
424 (9).jpg,1,0.9905348517188763
424.jpg,1,0.9920929051263969
425 (10).jpg,1,0.9910631846542741
425 (2).jpg,1,0.9914217279608706
425 (3).jpg,1,0.9844962313977788
425 (4).jpg,1,0.9924745591340807
425 (5).jpg,1,0.9922038640144994
425 (6).jpg,1,0.989768836006234
425 (7).jpg,1,0.992591207769798
425 (8).jpg,1,0.97862935830329
425 (9).jpg,1,0.9898437719266605
425.jpg,1,0.9914127313002096
426 (10).jpg,1,0.9918366868526408
426 (2).jpg,1,0.9922879453617226
426 (3).jpg,1,0.98596192824399
426 (4).jpg,1,0.9924946626015808
426 (5).jpg,1,0.9921620085302644
426 (6).jpg,1,0.9905438097013555
426 (7).jpg,1,0.9925304349857417
426 (8).jpg,1,0.9919889271707677
426 (9).jpg,1,0.9920643647022629
426.jpg,1,0.9617643637549931
427 (10).jpg,1,0.8482667851273975
427 (2).jpg,1,0.9920925061480652
427 (3).jpg,1,0.9910882367674693
427 (4).jpg,1,0.9917994601829193
427 (5).jpg,1,0.9924125413039739
427 (6).jpg,1,0.9925360359440665
427 (7).jpg,1,0.9923673253054998
427 (8).jpg,1,0.9865870054068597
427 (9).jpg,1,0.9611075992700776
427.jpg,1,0.9857769763122675
428 (10).jpg,1,0.9901592642014658
428 (2).jpg,1,0.978064403144481
428 (3).jpg,1,0.978873143753126
428 (4).jpg,1,0.9866354990033165
428 (5).jpg,1,0.9923106462470875
428 (6).jpg,1,0.9712449611778408
428 (7).jpg,1,0.9926017985842562
428 (8).jpg,1,0.9922421616294608
428 (9).jpg,1,0.9922165037477559
428.jpg,1,0.9911052790108711
429 (10).jpg,1,0.9905273293447768
429 (2).jpg,1,0.9906027963524847
429 (3).jpg,1,0.9887033157362587
429 (4).jpg,1,0.9747852561825533
429 (5).jpg,1,0.989580481244799
429 (6).jpg,1,0.9896489152852436
429 (7).jpg,1,0.9880534144056003
429 (8).jpg,1,0.9915964809431169
429 (9).jpg,1,0.9897939847749364
429.jpg,1,0.9925126922777476
43 (10).jpg,1,0.9909247327071337
43 (2).jpg,1,0.9920028406968819
43 (3).jpg,1,0.9816339023028612
43 (4).jpg,1,0.9921587933997924
43 (5).jpg,0,0.024023902633276566
43 (6).jpg,1,0.9918113412273719
43 (7).jpg,1,0.9923490298637528
43 (8).jpg,1,0.9914732686005183
43 (9).jpg,1,0.9921353012695984
43.jpg,1,0.9608411180508821
430 (10).jpg,1,0.9909983544257769
430 (2).jpg,1,0.9924041567067017
430 (3).jpg,1,0.9639133197951912
430 (4).jpg,1,0.9924678878850124
430 (5).jpg,1,0.9907582602776825
430 (6).jpg,1,0.9878404044481578
430 (7).jpg,1,0.9923765255577502
430 (8).jpg,1,0.6438437966709584
430 (9).jpg,1,0.9725688742110373
430.jpg,1,0.9830081994762532
431 (10).jpg,1,0.9917205334924909
431 (2).jpg,1,0.9919443162945614
431 (3).jpg,1,0.9873887850700952
431 (4).jpg,1,0.9925433274074972
431 (5).jpg,1,0.9922542320274345
431 (6).jpg,1,0.9897860227721537
431 (7).jpg,1,0.9926259246188713
431 (8).jpg,1,0.991516400866712
431 (9).jpg,1,0.990950983779875
431.jpg,1,0.9919847429430464
432 (10).jpg,1,0.9909769288641816
432 (2).jpg,1,0.9909402084402119
432 (3).jpg,0,0.10236242534486474
432 (4).jpg,1,0.9924441887811692
432 (5).jpg,1,0.9920545515082099
432 (6).jpg,1,0.9904716279566776
432 (7).jpg,1,0.9925290917599829
432 (8).jpg,1,0.9919878128791508
432 (9).jpg,1,0.9915568285819569
432.jpg,1,0.9918731913464924
433 (10).jpg,1,0.9879620228458881
433 (2).jpg,1,0.9881919285111698
433 (3).jpg,1,0.9889066499937808
433 (4).jpg,1,0.9914294895340601
433 (5).jpg,1,0.9909663834154244
433 (6).jpg,1,0.9922694501894909
433 (7).jpg,1,0.9924905626349854
433 (8).jpg,1,0.9894490684180622
433 (9).jpg,1,0.9792608302131192
433.jpg,1,0.9883157589978097
434 (10).jpg,1,0.9919637394047139
434 (2).jpg,1,0.9919951217340617
434 (3).jpg,1,0.9847532003067992
434 (4).jpg,1,0.9920402290805692
434 (5).jpg,1,0.9914238902678103
434 (6).jpg,1,0.9899002425184199
434 (7).jpg,1,0.9925093481023542
434 (8).jpg,1,0.9913645547122049
434 (9).jpg,1,0.9891733922819761
434.jpg,1,0.9894221509002983
435 (10).jpg,1,0.9795775163370373
435 (2).jpg,1,0.986348019149373
435 (3).jpg,1,0.9859926092382398
435 (4).jpg,1,0.9912369117365682
435 (5).jpg,1,0.9925460625896395
435 (6).jpg,1,0.9861033191447284
435 (7).jpg,1,0.7618763368357843
435 (8).jpg,1,0.9815036113723103
435 (9).jpg,1,0.9780098240884849
435.jpg,0,0.02175047001368202
436 (10).jpg,1,0.9922866577480199
436 (2).jpg,1,0.9922688688691146
436 (3).jpg,1,0.9903798337990396
436 (4).jpg,1,0.9924447805986953
436 (5).jpg,1,0.9920873910617014
436 (6).jpg,1,0.9921897351471414
436 (7).jpg,1,0.9917967263131358
436 (8).jpg,1,0.9908884848093052
436 (9).jpg,1,0.5176491379844415
436.jpg,0,0.21534322713382212
437 (10).jpg,1,0.991038166244007
437 (2).jpg,1,0.9904652644907038
437 (3).jpg,1,0.9917204796606548
437 (4).jpg,1,0.9898339437360457
437 (5).jpg,1,0.9628417932666634
437 (6).jpg,1,0.992350285213096
437 (7).jpg,1,0.47599029012516125
437 (8).jpg,1,0.9920630224933947
437 (9).jpg,1,0.987633925223099
437.jpg,1,0.9921480342485981
438 (10).jpg,1,0.9909759250721273
438 (2).jpg,1,0.9660307677921811
438 (3).jpg,1,0.9874688632176302
438 (4).jpg,1,0.9923099446177898
438 (5).jpg,1,0.9914496995443302
438 (6).jpg,1,0.9915124422577661
438 (7).jpg,1,0.9905973188183269
438 (8).jpg,1,0.9890887214111586
438 (9).jpg,1,0.9913631228549421
438.jpg,1,0.9504373584692771
439 (10).jpg,1,0.9498086096902586
439 (2).jpg,1,0.9886663706034495
439 (3).jpg,1,0.9900078616021817
439 (4).jpg,1,0.992493303997809
439 (5).jpg,1,0.991146451323813
439 (6).jpg,1,0.7669848196929919
439 (7).jpg,1,0.9906341676432092
439 (8).jpg,1,0.991451233175633
439 (9).jpg,1,0.9915952451144222
439.jpg,1,0.9918895491809236
44 (10).jpg,1,0.9900174291528813
44 (2).jpg,1,0.9890192622312592
44 (3).jpg,1,0.9901683414593087
44 (4).jpg,1,0.9925737787092781
44 (5).jpg,1,0.9849851420574881
44 (6).jpg,1,0.9915109087719225
44 (7).jpg,1,0.9925848240995598
44 (8).jpg,0,0.13999491947724146
44 (9).jpg,1,0.9847466233597176
44.jpg,1,0.9920730714165965
440 (10).jpg,1,0.990936810248585
440 (2).jpg,1,0.991071524055965
440 (3).jpg,1,0.9817632113610257
440 (4).jpg,1,0.9923839747826614
440 (5).jpg,1,0.9923861637884542
440 (6).jpg,1,0.990238283299667
440 (7).jpg,1,0.9884743936065262
440 (8).jpg,0,0.13410143675215225
440 (9).jpg,1,0.9474532050563246
440.jpg,1,0.9914791934299517
441 (10).jpg,1,0.6025081672504026
441 (2).jpg,1,0.9914496216816565
441 (3).jpg,1,0.9905452740337033
441 (4).jpg,1,0.9925635667402675
441 (5).jpg,1,0.9895833349589657
441 (6).jpg,1,0.9916327293479368
441 (7).jpg,1,0.9926186744066444
441 (8).jpg,1,0.9914047535797443
441 (9).jpg,1,0.9880343055456385
441.jpg,1,0.9916751682078422
442 (10).jpg,1,0.9915209578553744
442 (2).jpg,1,0.9899945135701118
442 (3).jpg,1,0.9917932108377114
442 (4).jpg,1,0.9877989284756311
442 (5).jpg,1,0.9925832373285621
442 (6).jpg,1,0.9912369838616466
442 (7).jpg,1,0.9926199847056981
442 (8).jpg,1,0.9899821239558269
442 (9).jpg,1,0.9917391909262061
442.jpg,1,0.991748289792394
443 (10).jpg,1,0.9918886902911992
443 (2).jpg,1,0.9912262759204328
443 (3).jpg,1,0.9903816375569462
443 (4).jpg,1,0.9901908514004757
443 (5).jpg,1,0.9887778430871949
443 (6).jpg,1,0.9907685022951425
443 (7).jpg,1,0.9920971146093471
443 (8).jpg,1,0.9924477676536948
443 (9).jpg,1,0.6873902900606336
443.jpg,1,0.9915289942764698
444 (10).jpg,1,0.6685381019645591
444 (2).jpg,1,0.9922433514270315
444 (3).jpg,1,0.9909899049250428
444 (4).jpg,1,0.9921406319743491
444 (5).jpg,1,0.9890193984455979
444 (6).jpg,1,0.9642210288795725
444 (7).jpg,1,0.9925284448614407
444 (8).jpg,1,0.9913682776274377
444 (9).jpg,1,0.9906586095047617
444.jpg,1,0.990952484035892
445 (10).jpg,1,0.9614052468846386
445 (2).jpg,1,0.9823617693579089
445 (3).jpg,1,0.9907086473759387
445 (4).jpg,1,0.9913272678919771
445 (5).jpg,1,0.9921612212866219
445 (6).jpg,1,0.9920921679856044
445 (7).jpg,1,0.9908704721069828
445 (8).jpg,1,0.9922192216417022
445 (9).jpg,1,0.9909793166297639
445.jpg,1,0.9914402324861186
446 (10).jpg,1,0.9913439880861434
446 (2).jpg,1,0.991697804120133
446 (3).jpg,1,0.9897974528043058
446 (4).jpg,1,0.9924412783966358
446 (5).jpg,1,0.99209047722919
446 (6).jpg,1,0.9921990793767208
446 (7).jpg,1,0.9925525542198508
446 (8).jpg,1,0.9902777719601638
446 (9).jpg,1,0.9895810699594366
446.jpg,1,0.99036742998551
447 (10).jpg,1,0.9892057483462653
447 (2).jpg,1,0.9909303358534329
447 (3).jpg,1,0.9818734019829265
447 (4).jpg,1,0.9922544521446709
447 (5).jpg,1,0.9775292980249022
447 (6).jpg,1,0.9850776297681557
447 (7).jpg,1,0.992338725563114
447 (8).jpg,1,0.9920217637798576
447 (9).jpg,1,0.9915333611373575
447.jpg,1,0.9764188457169665
448 (10).jpg,1,0.9896135960972786
448 (2).jpg,1,0.9920544889636137
448 (3).jpg,1,0.8374975417637913
448 (4).jpg,1,0.989396750003742
448 (5).jpg,1,0.9925590839771877
448 (6).jpg,1,0.9920022978014321
448 (7).jpg,1,0.9926125224105024
448 (8).jpg,1,0.9905083321674105
448 (9).jpg,1,0.9912174908030082
448.jpg,1,0.9905677268339832
449 (10).jpg,1,0.9906247698413444
449 (2).jpg,1,0.9724995631916513
449 (3).jpg,1,0.9909793876032527
449 (4).jpg,1,0.9914674692187132
449 (5).jpg,1,0.9919069517030783
449 (6).jpg,1,0.9925068807584344
449 (7).jpg,1,0.9915237528259975
449 (8).jpg,1,0.9869904345010525
449 (9).jpg,1,0.9796253189378651
449.jpg,1,0.9912140057456625
45 (10).jpg,1,0.9917245542990284
45 (2).jpg,1,0.9910230473263538
45 (3).jpg,1,0.9902472112428172
45 (4).jpg,1,0.97415391341409
45 (5).jpg,1,0.9914785386059976
45 (6).jpg,1,0.9914304876622173
45 (7).jpg,1,0.9923240137339678
45 (8).jpg,1,0.992183608993496
45 (9).jpg,1,0.9920875861044115
45.jpg,1,0.9912073019447896
450 (10).jpg,1,0.9924505862387475
450 (2).jpg,1,0.9890392081918368
450 (3).jpg,1,0.9889136842569813
450 (4).jpg,1,0.9921912604146274
450 (5).jpg,1,0.9924011045656128
450 (6).jpg,1,0.9923463800973497
450 (7).jpg,1,0.9924646374243946
450 (8).jpg,1,0.9805580595726002
450 (9).jpg,0,0.0874904015136779
450.jpg,1,0.983297459286633
451 (10).jpg,1,0.9888895694159977
451 (2).jpg,1,0.9889656807435817
451 (3).jpg,1,0.7185344319986798
451 (4).jpg,1,0.9925578004510859
451 (5).jpg,1,0.9917107275638003
451 (6).jpg,1,0.9917973406291865
451 (7).jpg,1,0.9922278904180144
451 (8).jpg,1,0.9641132200883641
451 (9).jpg,1,0.9908652146228607
451.jpg,1,0.9905873401884377
452 (10).jpg,1,0.9921455498463052
452 (2).jpg,1,0.9894748041248136
452 (3).jpg,1,0.9805968340511068
452 (4).jpg,1,0.957287178369465
452 (5).jpg,1,0.9925048549522731
452 (6).jpg,1,0.9914982675152658
452 (7).jpg,1,0.9921494038146331
452 (8).jpg,1,0.9752286078127332
452 (9).jpg,1,0.9909800708095876
452.jpg,1,0.9836404283526458
453 (10).jpg,1,0.9906403929660859
453 (2).jpg,1,0.9912359500528931
453 (3).jpg,0,0.011220306802645809
453 (4).jpg,1,0.9924391689922042
453 (5).jpg,1,0.9836294908307534
453 (6).jpg,1,0.9886894457599881
453 (7).jpg,1,0.9926264854372447
453 (8).jpg,1,0.9917698489872517
453 (9).jpg,1,0.991261208685007
453.jpg,1,0.9921271180834788
454 (10).jpg,1,0.9883359723171814
454 (2).jpg,1,0.9891632855961924
454 (3).jpg,1,0.9919862965318258
454 (4).jpg,1,0.9924571765447623
454 (5).jpg,1,0.9925158992907733
454 (6).jpg,1,0.9918157230904542
454 (7).jpg,1,0.992455215389921
454 (8).jpg,1,0.9902545878231129
454 (9).jpg,1,0.9847551628258504
454.jpg,1,0.9781044665597688
455 (10).jpg,1,0.9921931464714153
455 (2).jpg,1,0.9921813356686072
455 (3).jpg,1,0.9724706051569375
455 (4).jpg,1,0.9867194579229656
455 (5).jpg,1,0.9915340769618829
455 (6).jpg,1,0.9917374291686495
455 (7).jpg,1,0.9910799046927501
455 (8).jpg,1,0.9920554399416603
455 (9).jpg,1,0.9914661669079855
455.jpg,1,0.9704895655140289
456 (10).jpg,1,0.9920286496803631
456 (2).jpg,1,0.9925115014936737
456 (3).jpg,1,0.9913265219865804
456 (4).jpg,1,0.9910647403699698
456 (5).jpg,1,0.9888325797438066
456 (6).jpg,1,0.9922635108259509
456 (7).jpg,1,0.9924850880990703
456 (8).jpg,1,0.9924455586389815
456 (9).jpg,1,0.9918399129046845
456.jpg,1,0.9922976328406216
457 (10).jpg,1,0.9864011899931281
457 (2).jpg,1,0.9914662872482253
457 (3).jpg,1,0.9833885468152421
457 (4).jpg,1,0.9923783293349749
457 (5).jpg,1,0.9923511803323612
457 (6).jpg,1,0.9794619499852101
457 (7).jpg,1,0.9925568848922066
457 (8).jpg,1,0.9907266198454588
457 (9).jpg,1,0.9880883110181774
457.jpg,1,0.9918293427950637
458 (10).jpg,1,0.992238583753962
458 (2).jpg,1,0.9897797829062411
458 (3).jpg,1,0.9872680074851645
458 (4).jpg,1,0.9920747822036721
458 (5).jpg,1,0.9925055417667348
458 (6).jpg,1,0.9903565075728512
458 (7).jpg,1,0.9924578110464585
458 (8).jpg,1,0.9292731053825313
458 (9).jpg,1,0.9901870176723163
458.jpg,1,0.987778605172057
459 (10).jpg,1,0.9877337698559171
459 (2).jpg,1,0.9895371907988754
459 (3).jpg,1,0.9849234695544944
459 (4).jpg,1,0.9925092096690353
459 (5).jpg,1,0.9907029479522727
459 (6).jpg,1,0.9834783468175874
459 (7).jpg,1,0.9925141711480295
459 (8).jpg,1,0.9895506100339371
459 (9).jpg,1,0.9917124028541877
459.jpg,1,0.9910683904596588
46 (10).jpg,1,0.9880371426628787
46 (2).jpg,1,0.9921934434689058
46 (3).jpg,1,0.9418902658344365
46 (4).jpg,1,0.9925555590882994
46 (5).jpg,1,0.9823331146964455
46 (6).jpg,1,0.9916491123457764
46 (7).jpg,1,0.9916070656889564
46 (8).jpg,1,0.991015582380847
46 (9).jpg,1,0.9892882778541378
46.jpg,1,0.9917128443222069
460 (10).jpg,1,0.9903694932807501
460 (2).jpg,1,0.9813644860320779
460 (3).jpg,1,0.9805034661360437
460 (4).jpg,1,0.9895468167383275
460 (5).jpg,1,0.9919428762039586
460 (6).jpg,1,0.9919023345221869
460 (7).jpg,1,0.9896066563897185
460 (8).jpg,1,0.9923580060330254
460 (9).jpg,0,0.03637021365815854
460.jpg,1,0.9902526784565405
461 (10).jpg,1,0.9912443544156826
461 (2).jpg,1,0.9623463278445772
461 (3).jpg,1,0.8817622952472476
461 (4).jpg,1,0.9913425819208336
461 (5).jpg,1,0.99210333876375
461 (6).jpg,1,0.9864516964251734
461 (7).jpg,1,0.9925880696810839
461 (8).jpg,1,0.9906740078876167
461 (9).jpg,1,0.9912961854537123
461.jpg,1,0.9922160015231132
462 (10).jpg,1,0.9895903940425278
462 (2).jpg,1,0.9909110253996942
462 (3).jpg,1,0.9735259652930167
462 (4).jpg,1,0.9897015330650952
462 (5).jpg,1,0.6368694761675411
462 (6).jpg,1,0.991461507129898
462 (7).jpg,1,0.9925847563738338
462 (8).jpg,1,0.9922427381295105
462 (9).jpg,1,0.988550039527625
462.jpg,1,0.9909222201374874
463 (10).jpg,1,0.9890370633139834
463 (2).jpg,1,0.9919919594444699
463 (3).jpg,1,0.9891806894195379
463 (4).jpg,1,0.9914525109476771
463 (5).jpg,1,0.9914349705582118
463 (6).jpg,1,0.9917348428722287
463 (7).jpg,1,0.992461582445914
463 (8).jpg,1,0.9757842745119142
463 (9).jpg,1,0.9850993556345117
463.jpg,1,0.9906802697537556
464 (10).jpg,1,0.9891789670697547
464 (2).jpg,1,0.9896497577749257
464 (3).jpg,1,0.992034208571707
464 (4).jpg,1,0.9918929996228458
464 (5).jpg,1,0.992454748396415
464 (6).jpg,1,0.9857552086491341
464 (7).jpg,1,0.9925778159625442
464 (8).jpg,1,0.9922638977439692
464 (9).jpg,1,0.9916612309928422
464.jpg,1,0.9922972556026551
465 (10).jpg,1,0.8338819736649331
465 (2).jpg,1,0.9921207439268871
465 (3).jpg,1,0.9907435324508982
465 (4).jpg,1,0.9920832692525868
465 (5).jpg,1,0.9923147020220537
465 (6).jpg,1,0.9863848609254511
465 (7).jpg,1,0.9925939197142379
465 (8).jpg,1,0.9915177976174494
465 (9).jpg,1,0.9915060081165535
465.jpg,1,0.9845901924911679
466 (10).jpg,1,0.9919360858066834
466 (2).jpg,1,0.9878220838404966
466 (3).jpg,1,0.7698837468358193
466 (4).jpg,1,0.9889174291905357
466 (5).jpg,1,0.9920604603081747
466 (6).jpg,1,0.9907597648594113
466 (7).jpg,1,0.9926079192456576
466 (8).jpg,1,0.9922022895458551
466 (9).jpg,0,0.027830521642558958
466.jpg,1,0.9922724189912019
467 (10).jpg,1,0.9917708560435147
467 (2).jpg,1,0.9914997474238161
467 (3).jpg,1,0.9894343766114384
467 (4).jpg,1,0.9917361696579852
467 (5).jpg,1,0.9798162896217654
467 (6).jpg,1,0.9907859871906056
467 (7).jpg,1,0.9926166999266116
467 (8).jpg,1,0.9923604086144753
467 (9).jpg,1,0.9885429600293377
467.jpg,1,0.9920087014198087
468 (10).jpg,1,0.9919978905725567
468 (2).jpg,1,0.9895456525059776
468 (3).jpg,1,0.9918795390486037
468 (4).jpg,1,0.9898405035639438
468 (5).jpg,1,0.9915177793656746
468 (6).jpg,1,0.9893650457806531
468 (7).jpg,1,0.9923084576409056
468 (8).jpg,1,0.9846701601947392
468 (9).jpg,1,0.990079424139994
468.jpg,1,0.9909961698102032
469 (10).jpg,1,0.9917717649879907
469 (2).jpg,1,0.9918382443510915
469 (3).jpg,1,0.9879065501558133
469 (4).jpg,1,0.9918768650537945
469 (5).jpg,1,0.9901302160546017
469 (6).jpg,1,0.9924610915133941
469 (7).jpg,1,0.9922974749615752
469 (8).jpg,1,0.9908373020071733
469 (9).jpg,1,0.9727088991255082
469.jpg,1,0.9918205869188153
47 (10).jpg,1,0.9915215814616117
47 (2).jpg,1,0.9888707612252745
47 (3).jpg,1,0.9918866670772333
47 (4).jpg,1,0.9916021871165157
47 (5).jpg,1,0.992412220713014
47 (6).jpg,1,0.9893192724815301
47 (7).jpg,1,0.9925811394362731
47 (8).jpg,1,0.9916773242561369
47 (9).jpg,1,0.988857779040108
47.jpg,1,0.9913760495049941
470 (10).jpg,1,0.9920466959138182
470 (2).jpg,1,0.9915397265360903
470 (3).jpg,1,0.9874730116055283
470 (4).jpg,1,0.9813096347538277
470 (5).jpg,1,0.9906611563941021
470 (6).jpg,1,0.9895267758663122
470 (7).jpg,1,0.9916146196018857
470 (8).jpg,1,0.989006730794213
470 (9).jpg,1,0.9913361360184647
470.jpg,1,0.9914629231874035
471 (10).jpg,1,0.9893031343384543
471 (2).jpg,1,0.9906463909461644
471 (3).jpg,1,0.9871553831946893
471 (4).jpg,1,0.9922472071567623
471 (5).jpg,1,0.9922823658975114
471 (6).jpg,1,0.9920927323490016
471 (7).jpg,1,0.9924800660060301
471 (8).jpg,1,0.9700915355689301
471 (9).jpg,1,0.9791635435090706
471.jpg,1,0.9911096308136312
472 (10).jpg,1,0.9879219533355291
472 (2).jpg,1,0.9916027083333901
472 (3).jpg,1,0.9916642113755294
472 (4).jpg,1,0.9925806653845203
472 (5).jpg,1,0.9921426488397916
472 (6).jpg,1,0.991816999941924
472 (7).jpg,1,0.9924269146215746
472 (8).jpg,1,0.9921946854014212
472 (9).jpg,1,0.9919914174258831
472.jpg,1,0.9913016657321386
473 (10).jpg,1,0.9903099575055235
473 (2).jpg,1,0.9908778180708745
473 (3).jpg,1,0.9877745922264783
473 (4).jpg,1,0.9923301400772552
473 (5).jpg,1,0.9925576195418604
473 (6).jpg,1,0.9922549251671431
473 (7).jpg,1,0.9926238989706553
473 (8).jpg,1,0.9902265752064325
473 (9).jpg,1,0.9920392945484056
473.jpg,1,0.9904050236980765
474 (10).jpg,1,0.9886363230428825
474 (2).jpg,1,0.9909339800018753
474 (3).jpg,1,0.9890463483366622
474 (4).jpg,1,0.932187689582626
474 (5).jpg,1,0.9918874974059426
474 (6).jpg,1,0.9916920998277623
474 (7).jpg,1,0.9923211086600258
474 (8).jpg,1,0.9871485671483262
474 (9).jpg,1,0.9884595445922337
474.jpg,1,0.9918693105310775
475 (10).jpg,1,0.9915992520101347
475 (2).jpg,1,0.7544045167726884
475 (3).jpg,1,0.9882008609190885
475 (4).jpg,1,0.990871510246352
475 (5).jpg,1,0.9750331925764346
475 (6).jpg,1,0.9440438207693511
475 (7).jpg,1,0.9911095512707295
475 (8).jpg,1,0.9911429917614537
475 (9).jpg,1,0.9920078231284749
475.jpg,1,0.9921826278460485
476 (10).jpg,1,0.9910049641054764
476 (2).jpg,1,0.992135083819396
476 (3).jpg,1,0.9844321840741065
476 (4).jpg,1,0.992447912789903
476 (5).jpg,1,0.9921723137739886
476 (6).jpg,1,0.9923803599573819
476 (7).jpg,1,0.9922864761062039
476 (8).jpg,1,0.9916661926585898
476 (9).jpg,1,0.9918671534441669
476.jpg,1,0.9916983854501995
477 (10).jpg,1,0.9823196140244403
477 (2).jpg,1,0.989930067884541
477 (3).jpg,1,0.991627745661903
477 (4).jpg,1,0.992008370319992
477 (5).jpg,1,0.9924535416267974
477 (6).jpg,1,0.9836195673742727
477 (7).jpg,1,0.992285260756107
477 (8).jpg,1,0.9919693130421938
477 (9).jpg,0,0.1800567413232174
477.jpg,1,0.9915880999886615
478 (10).jpg,1,0.9771390887895494
478 (2).jpg,1,0.9920964986744002
478 (3).jpg,0,0.32373461759033584
478 (4).jpg,1,0.9924353434962322
478 (5).jpg,1,0.9904078311023549
478 (6).jpg,1,0.9841232022179442
478 (7).jpg,1,0.9924896858552398
478 (8).jpg,1,0.9666030387751029
478 (9).jpg,1,0.9899272730049837
478.jpg,1,0.9918758088261134
479 (10).jpg,1,0.9912576365524755
479 (2).jpg,1,0.9895248095112134
479 (3).jpg,1,0.9494739324783196
479 (4).jpg,1,0.9907487197217255
479 (5).jpg,1,0.9923200349321176
479 (6).jpg,1,0.9907421614522244
479 (7).jpg,1,0.9922098233425588
479 (8).jpg,1,0.9808996234219659
479 (9).jpg,1,0.9818829664295875
479.jpg,1,0.9897545139828556
48 (10).jpg,1,0.9872697697134418
48 (2).jpg,1,0.9915835948870491
48 (3).jpg,1,0.9910158717307298
48 (4).jpg,1,0.9921302208527452
48 (5).jpg,1,0.991931776428045
48 (6).jpg,0,0.021337946461973758
48 (7).jpg,1,0.9925504796139847
48 (8).jpg,1,0.9893044376820949
48 (9).jpg,1,0.9923502100122493
48.jpg,1,0.9911628527039075
480 (10).jpg,1,0.9894904994651759
480 (2).jpg,1,0.9921112169351305
480 (3).jpg,1,0.9912592844554097
480 (4).jpg,1,0.974073353550816
480 (5).jpg,1,0.9480108845824993
480 (6).jpg,1,0.9917916517790737
480 (7).jpg,1,0.9917730755258741
480 (8).jpg,1,0.9912884445929497
480 (9).jpg,1,0.9906535722603935
480.jpg,1,0.9919480515792944
481 (10).jpg,1,0.9904879999336295
481 (2).jpg,1,0.992418058679578
481 (3).jpg,1,0.9870485610026163
481 (4).jpg,1,0.9920211964635002
481 (5).jpg,1,0.9925830205663934
481 (6).jpg,1,0.9918961424047091
481 (7).jpg,1,0.9923724165058008
481 (8).jpg,1,0.991163434940495
481 (9).jpg,1,0.9919883745594249
481.jpg,1,0.99213347374802
482 (10).jpg,1,0.9920278462349662
482 (2).jpg,1,0.9911824682940737
482 (3).jpg,1,0.9860472857390599
482 (4).jpg,1,0.9912861009574957
482 (5).jpg,1,0.99257409221655
482 (6).jpg,1,0.9912860903653017
482 (7).jpg,1,0.9923727349761876
482 (8).jpg,1,0.9924829350000401
482 (9).jpg,1,0.981065295818084
482.jpg,1,0.9866848919267913
483 (10).jpg,1,0.9895188674718065
483 (2).jpg,1,0.9900574967654748
483 (3).jpg,1,0.9909046914296469
483 (4).jpg,1,0.9922902678571534
483 (5).jpg,1,0.9925326278226825
483 (6).jpg,1,0.9920677880245571
483 (7).jpg,1,0.9924927257718772
483 (8).jpg,1,0.9921306139871481
483 (9).jpg,1,0.9904104334913033
483.jpg,1,0.9923749218160098
484 (10).jpg,1,0.9891947946557781
484 (2).jpg,1,0.991898846804383
484 (3).jpg,1,0.9897909996094593
484 (4).jpg,1,0.9922072846042785
484 (5).jpg,1,0.9919325651305928
484 (6).jpg,1,0.9923431499884786
484 (7).jpg,1,0.9920464870654669
484 (8).jpg,1,0.9923483035955087
484 (9).jpg,1,0.9900413589540902
484.jpg,1,0.9619782384399634
485 (10).jpg,1,0.991089516982024
485 (2).jpg,1,0.9905310219841749
485 (3).jpg,1,0.9662112265886054
485 (4).jpg,1,0.9903829693036298
485 (5).jpg,1,0.9910976296200955
485 (6).jpg,1,0.9827938680126751
485 (7).jpg,1,0.9902877451651059
485 (8).jpg,1,0.9922860759733215
485 (9).jpg,1,0.9858157177857615
485.jpg,1,0.9919891285896707
486 (10).jpg,1,0.9911297346696946
486 (2).jpg,1,0.9892211082610035
486 (3).jpg,1,0.9869105569267367
486 (4).jpg,1,0.9885410950816312
486 (5).jpg,1,0.9901936899339253
486 (6).jpg,1,0.9923414398040195
486 (7).jpg,1,0.9896794448234448
486 (8).jpg,1,0.9924926180628336
486 (9).jpg,1,0.9553486716686416
486.jpg,1,0.9083131703157145
487 (10).jpg,1,0.9915525287217904
487 (2).jpg,1,0.9903063531561238
487 (3).jpg,1,0.6836159424708813
487 (4).jpg,1,0.9903098457306362
487 (5).jpg,1,0.9772624049588723
487 (6).jpg,1,0.9731938972280063
487 (7).jpg,1,0.9925193200159669
487 (8).jpg,1,0.992361067694461
487 (9).jpg,1,0.9847661093471053
487.jpg,1,0.9884281176487536
488 (10).jpg,1,0.9892044509445995
488 (2).jpg,1,0.9921565794132874
488 (3).jpg,1,0.9891775609676087
488 (4).jpg,1,0.9888884646732765
488 (5).jpg,1,0.9924933331291009
488 (6).jpg,1,0.9922322550472982
488 (7).jpg,1,0.9920624558427835
488 (8).jpg,1,0.9917557825283128
488 (9).jpg,1,0.9915395402437671
488.jpg,1,0.99071671553383
489 (10).jpg,1,0.9295045275530144
489 (2).jpg,1,0.990192681751162
489 (3).jpg,0,0.2678700542683711
489 (4).jpg,1,0.9915182990028664
489 (5).jpg,0,0.09956859708465485
489 (6).jpg,1,0.9914225371453267
489 (7).jpg,1,0.9926245842391428
489 (8).jpg,1,0.9923094746797383
489 (9).jpg,1,0.9881399965552182
489.jpg,1,0.9900994923018261
49 (10).jpg,1,0.9914453335946051
49 (2).jpg,1,0.9918527532261516
49 (3).jpg,1,0.9826119294391823
49 (4).jpg,1,0.9924715770492246
49 (5).jpg,1,0.9913430812251128
49 (6).jpg,1,0.9915627845200466
49 (7).jpg,1,0.9924558228747136
49 (8).jpg,1,0.9497005296054738
49 (9).jpg,1,0.9446529638374896
49.jpg,1,0.9910530184028944
490 (10).jpg,1,0.7726494114891588
490 (2).jpg,1,0.9919027792641658
490 (3).jpg,1,0.56610473936164
490 (4).jpg,1,0.9335673366378178
490 (5).jpg,1,0.9919793203601484
490 (6).jpg,1,0.9905205019154174
490 (7).jpg,1,0.9920984539979997
490 (8).jpg,1,0.9923484593543948
490 (9).jpg,1,0.9868322758519703
490.jpg,1,0.9822313383726922
491 (10).jpg,1,0.9673165470667704
491 (2).jpg,1,0.990505388824062
491 (3).jpg,1,0.9884249984975886
491 (4).jpg,1,0.9926009727324366
491 (5).jpg,1,0.9916275860055211
491 (6).jpg,1,0.9923327720915425
491 (7).jpg,1,0.9925805408094498
491 (8).jpg,1,0.9915138623908378
491 (9).jpg,1,0.7090370244354388
491.jpg,1,0.9912042039773205
492 (10).jpg,1,0.9922321613905895
492 (2).jpg,1,0.9924247585993763
492 (3).jpg,1,0.9875186863273391
492 (4).jpg,1,0.9915852616142946
492 (5).jpg,1,0.9909010339780994
492 (6).jpg,1,0.9905690422565658
492 (7).jpg,1,0.9922147531033664
492 (8).jpg,1,0.9216677433127995
492 (9).jpg,1,0.9915269450865859
492.jpg,1,0.9921695311150068
493 (10).jpg,1,0.8767638986801021
493 (2).jpg,1,0.9920582966511058
493 (3).jpg,1,0.9892680376601753
493 (4).jpg,1,0.9913022826626987
493 (5).jpg,1,0.9924239068793321
493 (6).jpg,1,0.9912088027195027
493 (7).jpg,1,0.992540899118387
493 (8).jpg,1,0.9921708932220548
493 (9).jpg,1,0.9883869608895075
493.jpg,1,0.988540911106464
494 (10).jpg,1,0.9914366437111136
494 (2).jpg,1,0.9878703152649895
494 (3).jpg,1,0.9876952292371931
494 (4).jpg,1,0.9817342497361279
494 (5).jpg,1,0.9898574010501473
494 (6).jpg,1,0.9911966297624685
494 (7).jpg,1,0.9925106677846753
494 (8).jpg,1,0.9923931335120072
494 (9).jpg,1,0.9905688747793028
494.jpg,1,0.9905456028134622
495 (10).jpg,1,0.9260081976178571
495 (2).jpg,1,0.9920854855144203
495 (3).jpg,1,0.5983925637785802
495 (4).jpg,1,0.992015968173479
495 (5).jpg,1,0.9886569855546072
495 (6).jpg,1,0.9921558896810099
495 (7).jpg,1,0.9924163200377517
495 (8).jpg,1,0.991526995764109
495 (9).jpg,1,0.9815517768456506
495.jpg,1,0.9898142759490495
496 (10).jpg,1,0.9844813730061838
496 (2).jpg,1,0.9920619232090431
496 (3).jpg,1,0.9920232536917793
496 (4).jpg,1,0.9884898199460422
496 (5).jpg,1,0.9919363090144314
496 (6).jpg,1,0.9920832002941732
496 (7).jpg,1,0.9919017955628245
496 (8).jpg,1,0.9916415634115241
496 (9).jpg,1,0.5937616894959733
496.jpg,1,0.9884600107249164
497 (10).jpg,1,0.9644895374312926
497 (2).jpg,1,0.9920157378481873
497 (3).jpg,1,0.9916034744220499
497 (4).jpg,1,0.99252217152136
497 (5).jpg,1,0.9895354503403936
497 (6).jpg,1,0.8117221811793863
497 (7).jpg,1,0.9926007414933471
497 (8).jpg,1,0.9925835792439168
497 (9).jpg,1,0.958775806800806
497.jpg,1,0.990580338954721
498 (10).jpg,1,0.9875445752487398
498 (2).jpg,1,0.9901773211150336
498 (3).jpg,1,0.9905669794923989
498 (4).jpg,1,0.9870268674198357
498 (5).jpg,1,0.9904086863815355
498 (6).jpg,1,0.9903048531136563
498 (7).jpg,1,0.9924142134039958
498 (8).jpg,1,0.9922954975092872
498 (9).jpg,1,0.9921589260013427
498.jpg,1,0.9921591641056233
499 (10).jpg,1,0.9905286656631471
499 (2).jpg,1,0.9901495846126767
499 (3).jpg,1,0.9911672928339023
499 (4).jpg,1,0.991812135481915
499 (5).jpg,1,0.9916314205896791
499 (6).jpg,1,0.992508895616055
499 (7).jpg,1,0.9884312562160956
499 (8).jpg,1,0.991539499496038
499 (9).jpg,1,0.9902787932489191
499.jpg,1,0.9922201875438148
5 (10).jpg,1,0.9920042582617132
5 (2).jpg,1,0.9496965403443656
5 (3).jpg,1,0.9901591454057197
5 (4).jpg,1,0.9923622695179578
5 (5).jpg,1,0.9925819444349735
5 (6).jpg,1,0.9867273715196124
5 (7).jpg,1,0.9926216931478039
5 (8).jpg,1,0.9893946430072271
5 (9).jpg,1,0.9914890208434431
5.jpg,1,0.9924462787994145
50 (10).jpg,1,0.9894804782836689
50 (2).jpg,1,0.9893329700428553
50 (3).jpg,1,0.9900807053058245
50 (4).jpg,1,0.9065996483042399
50 (5).jpg,1,0.9914644225234555
50 (6).jpg,1,0.9922615830311948
50 (7).jpg,1,0.9925883479699316
50 (8).jpg,1,0.9919732464381794
50 (9).jpg,1,0.9830063317021385
50.jpg,1,0.9908513266180525
500 (10).jpg,1,0.8506218761495188
500 (2).jpg,1,0.9891559718364904
500 (3).jpg,1,0.8254082147301518
500 (4).jpg,1,0.9925486053751703
500 (5).jpg,1,0.99225563245969
500 (6).jpg,1,0.9911980703403849
500 (7).jpg,1,0.9926076546028336
500 (8).jpg,1,0.9924889601295976
500 (9).jpg,1,0.9918651311585218
500.jpg,1,0.9914511878233059
501 (10).jpg,1,0.9917520297992305
501 (2).jpg,1,0.9920799867030362
501 (3).jpg,1,0.9514337743963186
501 (4).jpg,1,0.9921428756291731
501 (5).jpg,1,0.9883296299572788
501 (6).jpg,1,0.9917329817061714
501 (7).jpg,1,0.9920492874849016
501 (8).jpg,1,0.9922804966025429
501 (9).jpg,1,0.9921894766609402
501.jpg,1,0.9922861826613198
502 (10).jpg,1,0.9909348908966011
502 (2).jpg,1,0.9912133265803146
502 (3).jpg,1,0.9890065949669837
502 (4).jpg,1,0.9902412864544385
502 (5).jpg,1,0.9918195522567428
502 (6).jpg,1,0.989816732223694
502 (7).jpg,1,0.9920660034805573
502 (8).jpg,1,0.8327562039034716
502 (9).jpg,1,0.9910356948734328
502.jpg,1,0.9911536223594579
503 (10).jpg,1,0.9920940402756309
503 (2).jpg,1,0.9907418705713473
503 (3).jpg,1,0.9906209382677693
503 (4).jpg,1,0.9921076635292936
503 (5).jpg,1,0.9922797176883931
503 (6).jpg,1,0.9918936002139241
503 (7).jpg,1,0.9920800894798409
503 (8).jpg,1,0.9917577681637073
503 (9).jpg,1,0.9908540302977856
503.jpg,1,0.9919777912358148
504 (10).jpg,1,0.9912169704070043
504 (2).jpg,1,0.9895692944691892
504 (3).jpg,1,0.9915649580935574
504 (4).jpg,1,0.9915436927413579
504 (5).jpg,1,0.9727886767310591
504 (6).jpg,1,0.9925179302301319
504 (7).jpg,1,0.9925976598122944
504 (8).jpg,1,0.9914109118897786
504 (9).jpg,1,0.992289254109668
504.jpg,1,0.9905327891533625
505 (10).jpg,1,0.989234019316042
505 (2).jpg,1,0.991434622304313
505 (3).jpg,1,0.9853190257083795
505 (4).jpg,1,0.9925032958752528
505 (5).jpg,1,0.992374567427512
505 (6).jpg,1,0.9902291242514701
505 (7).jpg,1,0.9924096867746701
505 (8).jpg,1,0.9891164820655365
505 (9).jpg,1,0.980686134553791
505.jpg,1,0.9902825530060938
506 (10).jpg,1,0.9879115978028485
506 (2).jpg,1,0.9921261322172857
506 (3).jpg,1,0.9656051275929234
506 (4).jpg,1,0.9917733318004615
506 (5).jpg,1,0.9913336251066344
506 (6).jpg,1,0.9915322752799555
506 (7).jpg,1,0.9923088241066118
506 (8).jpg,1,0.9924831482665785
506 (9).jpg,1,0.9888803822174299
506.jpg,1,0.9912983786338699
507 (10).jpg,1,0.9913432935257621
507 (2).jpg,1,0.9915571210907613
507 (3).jpg,1,0.9910423248146282
507 (4).jpg,1,0.6416774441734657
507 (5).jpg,1,0.9925887017805628
507 (6).jpg,1,0.9908000595133432
507 (7).jpg,1,0.9909508865607722
507 (8).jpg,1,0.9921307788463097
507 (9).jpg,1,0.9874215561378316
507.jpg,1,0.9901349397081469
508 (10).jpg,1,0.9901706885095215
508 (2).jpg,1,0.986429076299758
508 (3).jpg,1,0.9903795854250529
508 (4).jpg,1,0.9913084019948931
508 (5).jpg,1,0.9885892458416445
508 (6).jpg,1,0.9907673388819835
508 (7).jpg,1,0.9902520056982089
508 (8).jpg,1,0.9908693199858559
508 (9).jpg,1,0.9914257926427664
508.jpg,1,0.987623098537649
509 (10).jpg,1,0.9910742404097502
509 (2).jpg,1,0.9897305133771059
509 (3).jpg,1,0.9914209503652788
509 (4).jpg,1,0.9923100319781633
509 (5).jpg,1,0.9921705723042654
509 (6).jpg,1,0.992127578676262
509 (7).jpg,1,0.9919581613126118
509 (8).jpg,1,0.9916968092550823
509 (9).jpg,1,0.9286100025807241
509.jpg,1,0.9904327141675724
51 (10).jpg,1,0.9863850276811601
51 (2).jpg,1,0.9917911241678512
51 (3).jpg,1,0.9678512442875589
51 (4).jpg,1,0.991166951291275
51 (5).jpg,1,0.9909295758067623
51 (6).jpg,1,0.8061255183656579
51 (7).jpg,1,0.9924353058257925
51 (8).jpg,1,0.9919228079262896
51 (9).jpg,1,0.9899047970315854
51.jpg,1,0.9900829079768655
510 (10).jpg,1,0.991903518832822
510 (2).jpg,1,0.9922782265905834
510 (3).jpg,1,0.9900946150660902
510 (4).jpg,1,0.9921496216277284
510 (5).jpg,1,0.9925907974726338
510 (6).jpg,1,0.9918238931300283
510 (7).jpg,1,0.992559693224604
510 (8).jpg,1,0.9879744812979496
510 (9).jpg,1,0.9893423848258557
510.jpg,1,0.5780244192041929
511 (10).jpg,1,0.9883564168192359
511 (2).jpg,1,0.9923298057646384
511 (3).jpg,1,0.9917038257683365
511 (4).jpg,1,0.9688496675360985
511 (5).jpg,1,0.9919589347851278
511 (6).jpg,1,0.9858529466489102
511 (7).jpg,1,0.99220916288797
511 (8).jpg,1,0.9888722579952982
511 (9).jpg,1,0.9922237907784619
511.jpg,1,0.9915275226333858
512 (10).jpg,1,0.9909022022675009
512 (2).jpg,1,0.9921332849684985
512 (3).jpg,1,0.989154266303619
512 (4).jpg,1,0.9915736092419448
512 (5).jpg,1,0.9925689600181513
512 (6).jpg,1,0.9906987504069418
512 (7).jpg,1,0.9924385169305148
512 (8).jpg,1,0.9921353804409294
512 (9).jpg,1,0.9872620186628001
512.jpg,1,0.9920879849347086
513 (10).jpg,1,0.9856770022490695
513 (2).jpg,1,0.9923829329691428
513 (3).jpg,1,0.9181712168874451
513 (4).jpg,1,0.9923188259158514
513 (5).jpg,1,0.9904822444880814
513 (6).jpg,1,0.9813719062101128
513 (7).jpg,1,0.9926210795002045
513 (8).jpg,1,0.9922560072823461
513 (9).jpg,1,0.989715625115974
513.jpg,1,0.9841273643876007
514 (10).jpg,1,0.9913919397158264
514 (2).jpg,1,0.9904550139108996
514 (3).jpg,1,0.9917704570795867
514 (4).jpg,1,0.9912177300696284
514 (5).jpg,1,0.9512857381157503
514 (6).jpg,1,0.9896417876955976
514 (7).jpg,1,0.9925888340966327
514 (8).jpg,1,0.9751258510280397
514 (9).jpg,1,0.9907254463474006
514.jpg,1,0.9916591576591154
515 (10).jpg,1,0.9883559262118958
515 (2).jpg,1,0.9924267514521338
515 (3).jpg,1,0.7957563932529875
515 (4).jpg,1,0.9920392318840524
515 (5).jpg,1,0.9924198070105645
515 (6).jpg,1,0.9906235637171912
515 (7).jpg,1,0.9926190319053132
515 (8).jpg,1,0.9915925023402593
515 (9).jpg,1,0.9915419248570784
515.jpg,1,0.9910062428228162
516 (10).jpg,1,0.9874119426960201
516 (2).jpg,1,0.9900637067269782
516 (3).jpg,1,0.9199407975573336
516 (4).jpg,1,0.9925060639792201
516 (5).jpg,1,0.9918724682311854
516 (6).jpg,1,0.9923422908181592
516 (7).jpg,1,0.9923325616596308
516 (8).jpg,1,0.9898599270537481
516 (9).jpg,1,0.9921932543405939
516.jpg,1,0.9917814280326572
517 (10).jpg,1,0.9867471652808876
517 (2).jpg,1,0.9905994866720835
517 (3).jpg,1,0.9759361243957921
517 (4).jpg,1,0.9923204711435676
517 (5).jpg,1,0.9885398471004673
517 (6).jpg,1,0.9699218372140778
517 (7).jpg,1,0.9923916831721672
517 (8).jpg,1,0.9923608761652648
517 (9).jpg,1,0.9895007603310114
517.jpg,1,0.9923096907796238
518 (10).jpg,1,0.9922513179911794
518 (2).jpg,1,0.9910083478682837
518 (3).jpg,1,0.9546168949390557
518 (4).jpg,1,0.9919948207439183
518 (5).jpg,1,0.9917267176909595
518 (6).jpg,1,0.9916332247253594
518 (7).jpg,1,0.9925873068583794
518 (8).jpg,0,0.015989183332678847
518 (9).jpg,1,0.9907484613731564
518.jpg,1,0.9895802195523351
519 (10).jpg,1,0.9841108654187134
519 (2).jpg,1,0.6990388194344402
519 (3).jpg,1,0.9920442990942152
519 (4).jpg,1,0.9917178947304899
519 (5).jpg,1,0.9920476663602456
519 (6).jpg,1,0.9924806009472134
519 (7).jpg,1,0.9924730682529102
519 (8).jpg,1,0.9909977560086157
519 (9).jpg,1,0.9907272454772151
519.jpg,1,0.991021924587436
52 (10).jpg,1,0.9901256643659133
52 (2).jpg,1,0.9917568540738305
52 (3).jpg,1,0.9871489842663255
52 (4).jpg,1,0.992118769130764
52 (5).jpg,1,0.9925026170363249
52 (6).jpg,1,0.9916026404200149
52 (7).jpg,1,0.9866423043755251
52 (8).jpg,1,0.9923762464023206
52 (9).jpg,1,0.9898475837233478
52.jpg,1,0.9855557736680091
520 (10).jpg,1,0.9908816664555244
520 (2).jpg,1,0.9894086384216022
520 (3).jpg,1,0.9920771617070119
520 (4).jpg,1,0.9922978916798901
520 (5).jpg,1,0.9924063827183268
520 (6).jpg,1,0.9905831169402507
520 (7).jpg,1,0.992619776390854
520 (8).jpg,1,0.98828405540501
520 (9).jpg,1,0.9915057889613595
520.jpg,1,0.9889445916002666
521 (10).jpg,1,0.9917324661653649
521 (2).jpg,1,0.9924261239326145
521 (3).jpg,1,0.9918664504846002
521 (4).jpg,1,0.6068790403523193
521 (5).jpg,1,0.9919125955281033
521 (6).jpg,1,0.9919535792945631
521 (7).jpg,1,0.9925092492319421
521 (8).jpg,1,0.9924562248286043
521 (9).jpg,1,0.9922773895791311
521.jpg,1,0.9893599078780522
522 (10).jpg,1,0.9914768163928223
522 (2).jpg,1,0.9906311924703871
522 (3).jpg,1,0.9917595969687454
522 (4).jpg,1,0.9905465909871871
522 (5).jpg,1,0.9922311106801646
522 (6).jpg,1,0.9800614825595296
522 (7).jpg,1,0.9912688824216003
522 (8).jpg,1,0.9915745981585846
522 (9).jpg,1,0.9903538313813669
522.jpg,1,0.9918591148665784
523 (10).jpg,1,0.6790939495249865
523 (2).jpg,0,0.10518225466072274
523 (3).jpg,1,0.986712882766336
523 (4).jpg,1,0.9925678500969598
523 (5).jpg,1,0.992227104437597
523 (6).jpg,1,0.9922093088403419
523 (7).jpg,1,0.9926092775318316
523 (8).jpg,0,0.01113140736466372
523 (9).jpg,1,0.9850232022311344
523.jpg,1,0.9706150188240933
524 (10).jpg,1,0.9809598076003051
524 (2).jpg,1,0.9891022961044083
524 (3).jpg,1,0.9583605689297504
524 (4).jpg,1,0.959310354735609
524 (5).jpg,1,0.9904620150190844
524 (6).jpg,1,0.9910996398668946
524 (7).jpg,1,0.9924380882918249
524 (8).jpg,1,0.9921373142868285
524 (9).jpg,1,0.9906990230181095
524.jpg,1,0.9922398519527418
525 (10).jpg,1,0.9919826176002658
525 (2).jpg,1,0.9689103415992154
525 (3).jpg,1,0.9445168084489453
525 (4).jpg,1,0.9917649673502289
525 (5).jpg,1,0.9907749268287954
525 (6).jpg,1,0.9922537631719195
525 (7).jpg,1,0.9924113610699293
525 (8).jpg,1,0.9891983198328341
525 (9).jpg,1,0.9917801845892219
525.jpg,1,0.9608388197217719
526 (10).jpg,1,0.9901712780729378
526 (2).jpg,1,0.9920551114043077
526 (3).jpg,1,0.9905777086201277
526 (4).jpg,1,0.9924789770747373
526 (5).jpg,1,0.9873246702530644
526 (6).jpg,1,0.9826195172185372
526 (7).jpg,1,0.9914809736591151
526 (8).jpg,0,0.09642230061881915
526 (9).jpg,1,0.9867397907011216
526.jpg,1,0.990986906961853
527 (10).jpg,1,0.9913541727150771
527 (2).jpg,1,0.9919956111786398
527 (3).jpg,1,0.9897940149930238
527 (4).jpg,1,0.9829548268733975
527 (5).jpg,1,0.9922096524314238
527 (6).jpg,1,0.9753697891210279
527 (7).jpg,1,0.9922736648200684
527 (8).jpg,1,0.9917845239447581
527 (9).jpg,1,0.9818315476926879
527.jpg,1,0.9853680391547521
528 (10).jpg,1,0.9906759749515515
528 (2).jpg,1,0.9903232610779596
528 (3).jpg,1,0.9676225327523083
528 (4).jpg,0,0.29131776931005066
528 (5).jpg,1,0.992536220050099
528 (6).jpg,1,0.9652204554717861
528 (7).jpg,1,0.9916757263702846
528 (8).jpg,1,0.9698125460010654
528 (9).jpg,1,0.9505641772030301
528.jpg,1,0.9911543958285539
529 (10).jpg,1,0.9919141645777337
529 (2).jpg,1,0.9905168985596103
529 (3).jpg,1,0.9918248972841371
529 (4).jpg,1,0.9923591588541536
529 (5).jpg,1,0.9922641107881884
529 (6).jpg,1,0.992393912294512
529 (7).jpg,1,0.9922304606283339
529 (8).jpg,1,0.9920951673976662
529 (9).jpg,1,0.9807581694768904
529.jpg,1,0.9912590769668502
53 (10).jpg,1,0.9909002208869155
53 (2).jpg,1,0.9916162390194566
53 (3).jpg,1,0.9915463439823615
53 (4).jpg,1,0.9912648223055033
53 (5).jpg,1,0.9917077977675478
53 (6).jpg,1,0.9920226828588596
53 (7).jpg,1,0.9922351295653912
53 (8).jpg,1,0.9915655714394561
53 (9).jpg,1,0.988992070884749
53.jpg,1,0.9901820378740204
530 (10).jpg,1,0.9908174669105709
530 (2).jpg,1,0.9924244903335344
530 (3).jpg,1,0.9902951390630371
530 (4).jpg,1,0.9913508372622183
530 (5).jpg,1,0.5581961394089603
530 (6).jpg,1,0.9924617860319289
530 (7).jpg,1,0.992565746703486
530 (8).jpg,1,0.9922016604513109
530 (9).jpg,1,0.9577641648376923
530.jpg,1,0.9887286534022897
531 (10).jpg,1,0.9879431532256232
531 (2).jpg,1,0.9860160519488336
531 (3).jpg,1,0.9892578565648747
531 (4).jpg,1,0.9923757639100776
531 (5).jpg,1,0.9897386538525929
531 (6).jpg,1,0.9922976725604695
531 (7).jpg,1,0.9924746804675447
531 (8).jpg,1,0.9877811404485586
531 (9).jpg,1,0.9924236373368733
531.jpg,1,0.974459875213414
532 (10).jpg,1,0.9924027685341805
532 (2).jpg,0,0.3992982723067994
532 (3).jpg,1,0.992215203912076
532 (4).jpg,1,0.9924698066367417
532 (5).jpg,1,0.9923300878983965
532 (6).jpg,1,0.9921783814454369
532 (7).jpg,1,0.9922843104223955
532 (8).jpg,1,0.9885168262281385
532 (9).jpg,1,0.9909858979926707
532.jpg,1,0.9920360382546771
533 (10).jpg,1,0.9911259816792947
533 (2).jpg,1,0.9921363896648493
533 (3).jpg,1,0.9900522984426476
533 (4).jpg,1,0.9924236409897754
533 (5).jpg,1,0.9918874424130523
533 (6).jpg,1,0.9905143973081231
533 (7).jpg,1,0.9921822072841877
533 (8).jpg,1,0.9900335192621351
533 (9).jpg,1,0.9904690670398879
533.jpg,1,0.9910796490972171
534 (10).jpg,1,0.9913952683571735
534 (2).jpg,1,0.9924351488065608
534 (3).jpg,1,0.9899526340355862
534 (4).jpg,1,0.9913250766189412
534 (5).jpg,1,0.9918997656809143
534 (6).jpg,1,0.9925775707647592
534 (7).jpg,1,0.9926113388745386
534 (8).jpg,1,0.9920692111689213
534 (9).jpg,1,0.9902972440270646
534.jpg,1,0.9918717468653581
535 (10).jpg,1,0.9856651716177623
535 (2).jpg,1,0.9799900299474492
535 (3).jpg,1,0.4413944159677948
535 (4).jpg,1,0.9919446405869605
535 (5).jpg,1,0.9918598711460999
535 (6).jpg,1,0.9898956824463435
535 (7).jpg,1,0.9925783375433065
535 (8).jpg,1,0.9709414846177151
535 (9).jpg,1,0.9513318859346889
535.jpg,1,0.9535900562439946
536 (10).jpg,1,0.9906588558297266
536 (2).jpg,1,0.9906005901441702
536 (3).jpg,1,0.9860901246526323
536 (4).jpg,1,0.9925382960039126
536 (5).jpg,1,0.9918171075288602
536 (6).jpg,1,0.9919802238530799
536 (7).jpg,1,0.9879974427916662
536 (8).jpg,1,0.9895478993250413
536 (9).jpg,1,0.9896759547256273
536.jpg,1,0.9889319448328286
537 (10).jpg,1,0.9771853959383758
537 (2).jpg,1,0.9902077104170011
537 (3).jpg,1,0.9918153097339365
537 (4).jpg,1,0.9920579277102555
537 (5).jpg,1,0.9925561244743278
537 (6).jpg,1,0.9892077049396781
537 (7).jpg,1,0.9926293631080083
537 (8).jpg,1,0.9904832467927944
537 (9).jpg,1,0.992158692273828
537.jpg,1,0.9923027581434458
538 (10).jpg,1,0.9880216349919563
538 (2).jpg,1,0.992100634392071
538 (3).jpg,1,0.9852946076224794
538 (4).jpg,1,0.9893795827962946
538 (5).jpg,1,0.9922528532443825
538 (6).jpg,1,0.9822537027426625
538 (7).jpg,1,0.9925044357329377
538 (8).jpg,1,0.9895268551487385
538 (9).jpg,1,0.9875165450002127
538.jpg,1,0.9917270583805505
539 (10).jpg,1,0.9890334504963593
539 (2).jpg,1,0.9912878374328886
539 (3).jpg,1,0.9901252058547785
539 (4).jpg,1,0.9923191147855219
539 (5).jpg,1,0.97930250054349
539 (6).jpg,1,0.9824765070222987
539 (7).jpg,1,0.9922603079818277
539 (8).jpg,1,0.9922550319199752
539 (9).jpg,1,0.9885277321355745
539.jpg,1,0.9910357405632093
54 (10).jpg,1,0.9906226841547238
54 (2).jpg,1,0.9924383286196963
54 (3).jpg,1,0.9897763190859242
54 (4).jpg,1,0.9923907317688859
54 (5).jpg,1,0.9795356592776727
54 (6).jpg,1,0.9923387735385821
54 (7).jpg,1,0.9924550206606062
54 (8).jpg,1,0.99049552655879
54 (9).jpg,0,0.17723898667861143
54.jpg,1,0.9852264802905374
540 (10).jpg,1,0.9915896869120207
540 (2).jpg,1,0.9901099934963767
540 (3).jpg,1,0.9916132981434818
540 (4).jpg,1,0.9819126060267876
540 (5).jpg,1,0.9924268613957855
540 (6).jpg,1,0.9923775871576824
540 (7).jpg,1,0.9925008043475181
540 (8).jpg,1,0.9919780008080359
540 (9).jpg,1,0.989646123114863
540.jpg,1,0.991902707338875
541 (10).jpg,1,0.9889969815796703
541 (2).jpg,1,0.9924211537452979
541 (3).jpg,1,0.9903118929186524
541 (4).jpg,1,0.9922580299413726
541 (5).jpg,1,0.9913220446567469
541 (6).jpg,1,0.991494112475594
541 (7).jpg,1,0.992508019667597
541 (8).jpg,1,0.9912597823323704
541 (9).jpg,1,0.9909552101661805
541.jpg,1,0.9897972513260759
542 (10).jpg,1,0.9918794849924422
542 (2).jpg,1,0.9898363214611969
542 (3).jpg,1,0.990162440467103
542 (4).jpg,1,0.9925529723456284
542 (5).jpg,1,0.989048374170202
542 (6).jpg,1,0.9919551958520156
542 (7).jpg,1,0.9926106962386756
542 (8).jpg,1,0.9908003685759537
542 (9).jpg,1,0.9904261139041507
542.jpg,1,0.9899729080943522
543 (10).jpg,1,0.9889790756031925
543 (2).jpg,1,0.9895868424515678
543 (3).jpg,1,0.9913252433524429
543 (4).jpg,1,0.9917889220725938
543 (5).jpg,1,0.9924982559155625
543 (6).jpg,1,0.9922739313057608
543 (7).jpg,1,0.9925959307724131
543 (8).jpg,1,0.9831889588991813
543 (9).jpg,1,0.9906425836421087
543.jpg,1,0.9891719101627439
544 (10).jpg,1,0.9896024126605593
544 (2).jpg,1,0.9892011367936698
544 (3).jpg,1,0.9922755706525221
544 (4).jpg,1,0.9060380432819373
544 (5).jpg,1,0.9804306795796225
544 (6).jpg,1,0.9907126488726714
544 (7).jpg,1,0.992409643359748
544 (8).jpg,1,0.9918185039610169
544 (9).jpg,1,0.9903632130533842
544.jpg,1,0.8454981367010223
545 (10).jpg,1,0.992487420683249
545 (2).jpg,1,0.9916929992367501
545 (3).jpg,1,0.8339141297241791
545 (4).jpg,1,0.9627658225058235
545 (5).jpg,1,0.9913072841192357
545 (6).jpg,1,0.9903929823646258
545 (7).jpg,1,0.9926169199654725
545 (8).jpg,1,0.9900068467507422
545 (9).jpg,1,0.9920729937730977
545.jpg,1,0.9918441123885846
546 (10).jpg,1,0.9903667003872065
546 (2).jpg,1,0.9904046887184028
546 (3).jpg,1,0.9834898884854497
546 (4).jpg,1,0.991128689962504
546 (5).jpg,1,0.9905550800243199
546 (6).jpg,1,0.9923312434699164
546 (7).jpg,1,0.9925865823832286
546 (8).jpg,1,0.9923821861408947
546 (9).jpg,1,0.9610136338449426
546.jpg,1,0.9841093026192805
547 (10).jpg,1,0.9886161496267798
547 (2).jpg,1,0.9918783028488583
547 (3).jpg,1,0.9880721409951859
547 (4).jpg,1,0.990303142729744
547 (5).jpg,1,0.9922835383921166
547 (6).jpg,1,0.9899331314724439
547 (7).jpg,1,0.9916570601165307
547 (8).jpg,1,0.9920700247923278
547 (9).jpg,1,0.9915185083497372
547.jpg,1,0.9463776594478772
548 (10).jpg,1,0.9915540731950646
548 (2).jpg,1,0.9918360592071153
548 (3).jpg,1,0.9896369091758402
548 (4).jpg,1,0.991890016195849
548 (5).jpg,1,0.9918030526105652
548 (6).jpg,1,0.98941136259939
548 (7).jpg,1,0.9924463286449012
548 (8).jpg,1,0.9887826541658666
548 (9).jpg,1,0.9913459091325232
548.jpg,1,0.9923177795171266
549 (10).jpg,1,0.9922037577026404
549 (2).jpg,1,0.989863065755285
549 (3).jpg,1,0.9895236431134656
549 (4).jpg,1,0.9923891611298912
549 (5).jpg,1,0.9925584354944696
549 (6).jpg,1,0.9860140052898886
549 (7).jpg,1,0.992593403992458
549 (8).jpg,1,0.9914437924082871
549 (9).jpg,1,0.9918154469195916
549.jpg,1,0.992382381873396
55 (10).jpg,1,0.9892669619516037
55 (2).jpg,1,0.9902762976264136
55 (3).jpg,1,0.9891828992367429
55 (4).jpg,1,0.9919056952622483
55 (5).jpg,1,0.9793253224966665
55 (6).jpg,1,0.9847991117819063
55 (7).jpg,1,0.9897281812099892
55 (8).jpg,1,0.9911945705022808
55 (9).jpg,0,0.16225606909704682
55.jpg,1,0.9892356779760982
550 (10).jpg,1,0.9890854807841442
550 (2).jpg,1,0.9904681754493647
550 (3).jpg,1,0.9768758378892076
550 (4).jpg,1,0.9918684837004182
550 (5).jpg,1,0.992603545702692
550 (6).jpg,1,0.9923886449977265
550 (7).jpg,1,0.9926123595299963
550 (8).jpg,1,0.992547115481045
550 (9).jpg,1,0.9106373138420277
550.jpg,1,0.9917414337843814
551 (10).jpg,1,0.9902136252880451
551 (2).jpg,1,0.9922219274632789
551 (3).jpg,1,0.9887360235426631
551 (4).jpg,1,0.9925352864499645
551 (5).jpg,1,0.991434681245805
551 (6).jpg,1,0.9897132036994305
551 (7).jpg,1,0.9919752625635938
551 (8).jpg,1,0.9900073398138061
551 (9).jpg,1,0.9907278233800548
551.jpg,1,0.9905097127655328
552 (10).jpg,1,0.8118690389688096
552 (2).jpg,1,0.9915061098641712
552 (3).jpg,0,0.22259731072726285
552 (4).jpg,1,0.9922852902143855
552 (5).jpg,1,0.991452303289898
552 (6).jpg,1,0.9915394699349049
552 (7).jpg,1,0.991823732492929
552 (8).jpg,1,0.9914392779705314
552 (9).jpg,1,0.9915447722024727
552.jpg,1,0.9725614469752426
553 (10).jpg,1,0.9892692858784453
553 (2).jpg,1,0.9922810985043948
553 (3).jpg,1,0.9883476380646331
553 (4).jpg,1,0.9918398955906834
553 (5).jpg,1,0.9838245441298882
553 (6).jpg,1,0.9924426561372497
553 (7).jpg,1,0.9922843104223955
553 (8).jpg,1,0.7774043497369245
553 (9).jpg,1,0.9882885972258679
553.jpg,1,0.9864179013997825
554 (10).jpg,1,0.9915901065165053
554 (2).jpg,1,0.9901303157347038
554 (3).jpg,1,0.9752908123696533
554 (4).jpg,1,0.992467599562516
554 (5).jpg,1,0.9844570019869738
554 (6).jpg,1,0.9836064775809898
554 (7).jpg,1,0.992514336983545
554 (8).jpg,1,0.9904440121365716
554 (9).jpg,1,0.9882837031861164
554.jpg,1,0.9911344041624419
555 (10).jpg,1,0.9900871147555355
555 (2).jpg,1,0.9907029636956356
555 (3).jpg,1,0.9918425697242723
555 (4).jpg,1,0.9911847156059355
555 (5).jpg,1,0.9922802304540126
555 (6).jpg,1,0.9889867495093854
555 (7).jpg,1,0.9924964825174831
555 (8).jpg,1,0.9924973374828331
555 (9).jpg,1,0.9904656798696408
555.jpg,1,0.9920172085225134
556 (10).jpg,1,0.9896088119301019
556 (2).jpg,1,0.992146125608081
556 (3).jpg,0,0.16551376836918297
556 (4).jpg,1,0.9925380334213716
556 (5).jpg,1,0.9812850841880792
556 (6).jpg,1,0.9913981077881758
556 (7).jpg,1,0.9924350359921914
556 (8).jpg,1,0.9892919370663192
556 (9).jpg,1,0.992074834570282
556.jpg,1,0.9916267183335439
557 (10).jpg,1,0.9918986124913192
557 (2).jpg,1,0.9919721993450101
557 (3).jpg,1,0.9885500356051949
557 (4).jpg,1,0.9923614879113374
557 (5).jpg,1,0.9921289597464217
557 (6).jpg,1,0.9917355802796475
557 (7).jpg,1,0.9925874524491193
557 (8).jpg,1,0.9918089824478148
557 (9).jpg,1,0.991632563276999
557.jpg,1,0.987978340576588
558 (10).jpg,1,0.9902280936183245
558 (2).jpg,1,0.9906098424464838
558 (3).jpg,1,0.9696493858063989
558 (4).jpg,1,0.9920034563109693
558 (5).jpg,1,0.9919160068646582
558 (6).jpg,1,0.9908181483263163
558 (7).jpg,1,0.9922435982497181
558 (8).jpg,1,0.9895509605590351
558 (9).jpg,1,0.9909271812060981
558.jpg,1,0.9912464887038579
559 (10).jpg,1,0.9919453738183978
559 (2).jpg,1,0.9923672092809551
559 (3).jpg,1,0.981777242102908
559 (4).jpg,1,0.485754352276209
559 (5).jpg,1,0.9925367606886693
559 (6).jpg,1,0.9910482716575735
559 (7).jpg,1,0.9923009467451434
559 (8).jpg,1,0.9919470447173148
559 (9).jpg,1,0.9904565681856298
559.jpg,1,0.9915884723984735
56 (10).jpg,1,0.9836828322092263
56 (2).jpg,1,0.9917262077239483
56 (3).jpg,1,0.9901264176404866
56 (4).jpg,1,0.9896953736468668
56 (5).jpg,1,0.9920622682392449
56 (6).jpg,1,0.9924907529508928
56 (7).jpg,1,0.9925987305027901
56 (8).jpg,1,0.9891963206265171
56 (9).jpg,1,0.9914267155676131
56.jpg,1,0.8285771076046949
560 (10).jpg,1,0.9729605831707775
560 (2).jpg,1,0.9903828865406706
560 (3).jpg,1,0.6927104613176776
560 (4).jpg,1,0.9925489075196564
560 (5).jpg,1,0.9913134940272188
560 (6).jpg,1,0.9918187077477219
560 (7).jpg,1,0.9923390341404243
560 (8).jpg,1,0.9924125815418382
560 (9).jpg,1,0.974785230315726
560.jpg,1,0.9864929790634401
561 (10).jpg,1,0.9900823525522022
561 (2).jpg,1,0.9917143017333223
561 (3).jpg,1,0.9100729381995044
561 (4).jpg,1,0.9906683955321839
561 (5).jpg,1,0.9921763328056526
561 (6).jpg,1,0.9691884972667522
561 (7).jpg,1,0.9914561886158981
561 (8).jpg,1,0.9894343358673212
561 (9).jpg,1,0.9788710231990425
561.jpg,1,0.9883882564991752
562 (10).jpg,1,0.9877549468657851
562 (2).jpg,1,0.9923299406474875
562 (3).jpg,1,0.9897772722184625
562 (4).jpg,1,0.9910370771511854
562 (5).jpg,1,0.9911262977363583
562 (6).jpg,1,0.9881103416605201
562 (7).jpg,1,0.9925633307263614
562 (8).jpg,1,0.9919886063656531
562 (9).jpg,1,0.9846940744059862
562.jpg,1,0.9861444868395316
563 (10).jpg,1,0.9909192153404964
563 (2).jpg,1,0.9922808876411928
563 (3).jpg,1,0.9914682026077146
563 (4).jpg,1,0.992213909415482
563 (5).jpg,1,0.9878528767737262
563 (6).jpg,1,0.9892830593858751
563 (7).jpg,1,0.9921625855452989
563 (8).jpg,1,0.9923581608723694
563 (9).jpg,1,0.9884489822685466
563.jpg,1,0.9850743387609726
564 (10).jpg,1,0.9908877196760171
564 (2).jpg,1,0.9922303708094885
564 (3).jpg,1,0.98621561620059
564 (4).jpg,1,0.9923442274295008
564 (5).jpg,1,0.9918448260026512
564 (6).jpg,1,0.878643281468894
564 (7).jpg,1,0.992190104463845
564 (8).jpg,1,0.9827742999426797
564 (9).jpg,1,0.9911863442571309
564.jpg,1,0.9910252827589575
565 (10).jpg,1,0.9915569599723342
565 (2).jpg,1,0.9919293723182674
565 (3).jpg,1,0.9910299577501509
565 (4).jpg,1,0.9906436052999665
565 (5).jpg,1,0.9889388248808498
565 (6).jpg,1,0.9640818170403923
565 (7).jpg,1,0.9925913980576894
565 (8).jpg,1,0.990283095719281
565 (9).jpg,1,0.8950620459706671
565.jpg,1,0.9029244489894763
566 (10).jpg,1,0.9896119207048002
566 (2).jpg,1,0.9859517101862489
566 (3).jpg,1,0.9815906022001246
566 (4).jpg,1,0.9919724544863352
566 (5).jpg,1,0.9921832312778917
566 (6).jpg,1,0.9919223837948759
566 (7).jpg,1,0.9925799464169702
566 (8).jpg,1,0.9916042218900467
566 (9).jpg,1,0.9915279088601067
566.jpg,1,0.9858474821681346
567 (10).jpg,1,0.9801115565137994
567 (2).jpg,1,0.983266967443983
567 (3).jpg,1,0.7260945071132199
567 (4).jpg,1,0.9773058813378237
567 (5).jpg,1,0.991091754617531
567 (6).jpg,1,0.99225433731898
567 (7).jpg,1,0.9925801887812224
567 (8).jpg,1,0.9918015666047003
567 (9).jpg,1,0.9726653674188079
567.jpg,1,0.9921713796667149
568 (10).jpg,1,0.9747286464431075
568 (2).jpg,1,0.9880832579155654
568 (3).jpg,1,0.9897023501003434
568 (4).jpg,1,0.9883384322553886
568 (5).jpg,1,0.9921217822054383
568 (6).jpg,1,0.9912793070767808
568 (7).jpg,1,0.9925225887129359
568 (8).jpg,1,0.9924172831654594
568 (9).jpg,1,0.9910694285997897
568.jpg,1,0.9891582846176585
569 (10).jpg,1,0.9833119057166424
569 (2).jpg,1,0.9861565763368003
569 (3).jpg,1,0.984004285627483
569 (4).jpg,1,0.9879527150687298
569 (5).jpg,1,0.991403479945226
569 (6).jpg,1,0.9919020069376233
569 (7).jpg,1,0.5658649717847829
569 (8).jpg,0,0.010467246410997041
569 (9).jpg,1,0.9902326355142216
569.jpg,1,0.990371531440034
57 (10).jpg,1,0.9892467197610333
57 (2).jpg,1,0.9919655684560659
57 (3).jpg,1,0.9643297022450867
57 (4).jpg,1,0.9923962626605531
57 (5).jpg,1,0.9912224593036617
57 (6).jpg,1,0.9914582597955951
57 (7).jpg,1,0.987958444087075
57 (8).jpg,1,0.9908687631734884
57 (9).jpg,1,0.989013197862005
57.jpg,1,0.46388440118139834
570 (10).jpg,1,0.9910558316738608
570 (2).jpg,1,0.983904967270445
570 (3).jpg,1,0.9906372338337154
570 (4).jpg,1,0.992377920062863
570 (5).jpg,1,0.9924616126322978
570 (6).jpg,1,0.9904315814753887
570 (7).jpg,1,0.9901316548064049
570 (8).jpg,1,0.9887447381610197
570 (9).jpg,1,0.9625705646877587
570.jpg,1,0.9919265383712936
571 (10).jpg,1,0.9898052804236515
571 (2).jpg,1,0.9922019656615249
571 (3).jpg,1,0.9914387968384112
571 (4).jpg,1,0.9925458852117047
571 (5).jpg,1,0.9920855407147218
571 (6).jpg,1,0.9924275657292919
571 (7).jpg,1,0.9925388690625178
571 (8).jpg,1,0.9895419542424937
571 (9).jpg,1,0.9535017343043211
571.jpg,1,0.8834986838723006
572 (10).jpg,1,0.9790591200743968
572 (2).jpg,1,0.990477779431207
572 (3).jpg,1,0.9898369571497464
572 (4).jpg,1,0.99249098665048
572 (5).jpg,1,0.9924913821994444
572 (6).jpg,1,0.9924241660090051
572 (7).jpg,1,0.9924897007120768
572 (8).jpg,1,0.9895325259555617
572 (9).jpg,1,0.9906417426996781
572.jpg,1,0.9906060070814984
573 (10).jpg,1,0.9918404882852737
573 (2).jpg,1,0.9900807350350342
573 (3).jpg,1,0.9841227111284219
573 (4).jpg,1,0.9924022064201629
573 (5).jpg,1,0.9913203553147888
573 (6).jpg,1,0.9925206380171413
573 (7).jpg,1,0.991968455172968
573 (8).jpg,1,0.9912976904640204
573 (9).jpg,1,0.9684688552807115
573.jpg,1,0.9913826174342107
574 (10).jpg,1,0.991871192539984
574 (2).jpg,1,0.9920146363279521
574 (3).jpg,1,0.9918556194430459
574 (4).jpg,1,0.9921628873499917
574 (5).jpg,1,0.9924038929232664
574 (6).jpg,0,0.008855157891753621
574 (7).jpg,1,0.9902761610670835
574 (8).jpg,1,0.6764135273124192
574 (9).jpg,1,0.9908689840822342
574.jpg,1,0.9914972350343122
575 (10).jpg,1,0.9899096463850978
575 (2).jpg,1,0.9901486937003341
575 (3).jpg,1,0.6556993900307664
575 (4).jpg,1,0.9923940965157119
575 (5).jpg,1,0.9914557237679911
575 (6).jpg,1,0.9870981244548452
575 (7).jpg,1,0.9921181992410105
575 (8).jpg,1,0.985791833531558
575 (9).jpg,1,0.9914337021872957
575.jpg,1,0.9900182199301283
576 (10).jpg,0,0.029697173606046606
576 (2).jpg,1,0.9924548162020665
576 (3).jpg,1,0.991847765360006
576 (4).jpg,1,0.9904448550853483
576 (5).jpg,1,0.9924309473755693
576 (6).jpg,1,0.9871997274259896
576 (7).jpg,1,0.9925048754468826
576 (8).jpg,1,0.9923395437360794
576 (9).jpg,1,0.9828636711663161
576.jpg,1,0.9846484705262003
577 (10).jpg,1,0.9918584226902459
577 (2).jpg,1,0.9907017151243914
577 (3).jpg,1,0.9914945929627819
577 (4).jpg,1,0.5189501218777698
577 (5).jpg,1,0.9876021499654527
577 (6).jpg,0,0.07992888355385314
577 (7).jpg,1,0.9917650493209659
577 (8).jpg,1,0.9898437043037446
577 (9).jpg,1,0.9896552890282246
577.jpg,1,0.9906486965727838
578 (10).jpg,1,0.9899012232501266
578 (2).jpg,1,0.9920487442288443
578 (3).jpg,1,0.991497466588996
578 (4).jpg,1,0.9920066331033247
578 (5).jpg,1,0.9915979421202412
578 (6).jpg,1,0.9809498340993562
578 (7).jpg,0,0.41428073453810255
578 (8).jpg,1,0.9916562524738033
578 (9).jpg,1,0.9913350936576358
578.jpg,1,0.9889622644390017
579 (10).jpg,1,0.9907181129169602
579 (2).jpg,1,0.9911691889879914
579 (3).jpg,1,0.9916115989118155
579 (4).jpg,1,0.9918570201350142
579 (5).jpg,1,0.991737256546276
579 (6).jpg,1,0.9924493445329943
579 (7).jpg,1,0.9924985970354133
579 (8).jpg,1,0.9899830891275299
579 (9).jpg,1,0.9886715561771549
579.jpg,1,0.9582534239964939
58 (10).jpg,1,0.991384412391792
58 (2).jpg,1,0.9920955538549807
58 (3).jpg,1,0.9917009110147622
58 (4).jpg,1,0.990873956835282
58 (5).jpg,1,0.9921108168569803
58 (6).jpg,1,0.9919868807534831
58 (7).jpg,1,0.9923305972791939
58 (8).jpg,1,0.9925165240027503
58 (9).jpg,1,0.961565222403211
58.jpg,1,0.9918895608646375
580 (10).jpg,1,0.9904581076379301
580 (2).jpg,1,0.9916824666854386
580 (3).jpg,1,0.9707004157862517
580 (4).jpg,1,0.9924369710678499
580 (5).jpg,1,0.9910103460931414
580 (6).jpg,1,0.9193341557442191
580 (7).jpg,1,0.9919312686632601
580 (8).jpg,1,0.9925061977004446
580 (9).jpg,1,0.9922759178703334
580.jpg,0,0.3931559177656972
581 (10).jpg,0,0.19592681496863582
581 (2).jpg,1,0.9907546031376531
581 (3).jpg,1,0.9916880940429214
581 (4).jpg,1,0.9902860873524508
581 (5).jpg,1,0.9906521637959215
581 (6).jpg,1,0.9924762050765237
581 (7).jpg,1,0.9924252797400522
581 (8).jpg,1,0.9916432827504646
581 (9).jpg,1,0.8800675513625139
581.jpg,1,0.9921055734176134
582 (10).jpg,1,0.9841858260972371
582 (2).jpg,1,0.9914686742569462
582 (3).jpg,1,0.9669430320201932
582 (4).jpg,1,0.9915299707518049
582 (5).jpg,1,0.9924471070156478
582 (6).jpg,1,0.9908538193216807
582 (7).jpg,1,0.9921419457894195
582 (8).jpg,1,0.9920829745896448
582 (9).jpg,1,0.9903959514841068
582.jpg,1,0.9876891087485806
583 (10).jpg,1,0.9912264288362168
583 (2).jpg,1,0.9911719793261479
583 (3).jpg,1,0.9914891999454638
583 (4).jpg,1,0.9910172138248153
583 (5).jpg,1,0.9924796725879348
583 (6).jpg,1,0.990971809160456
583 (7).jpg,1,0.9924213044518253
583 (8).jpg,1,0.9914093179082473
583 (9).jpg,1,0.8908617337296966
583.jpg,1,0.9916828655284115
584 (10).jpg,1,0.9857968428454712
584 (2).jpg,1,0.9915827708561
584 (3).jpg,1,0.9910286314663325
584 (4).jpg,1,0.9921447017186124
584 (5).jpg,1,0.9856421272592112
584 (6).jpg,1,0.991505982440743
584 (7).jpg,1,0.9925822500894754
584 (8).jpg,0,0.3536994841479175
584 (9).jpg,1,0.9913212387086023
584.jpg,1,0.9907387517471764
585 (10).jpg,1,0.9908300891134064
585 (2).jpg,0,0.14573699615981323
585 (3).jpg,1,0.9897347338546363
585 (4).jpg,1,0.9907456491537876
585 (5).jpg,1,0.99027210503698
585 (6).jpg,1,0.9920542442186935
585 (7).jpg,1,0.9913377438233453
585 (8).jpg,1,0.9909555799170865
585 (9).jpg,1,0.9525423560396039
585.jpg,1,0.9922548331468689
586 (10).jpg,0,0.3088838226101785
586 (2).jpg,1,0.989455338965374
586 (3).jpg,1,0.9897084849091826
586 (4).jpg,1,0.9925859118508685
586 (5).jpg,1,0.9922349471031997
586 (6).jpg,1,0.9924353969034733
586 (7).jpg,1,0.9923329574738587
586 (8).jpg,1,0.9913732217601936
586 (9).jpg,1,0.9764364809161523
586.jpg,1,0.9923335667185462
587 (10).jpg,1,0.9910862455442094
587 (2).jpg,1,0.9916388206007122
587 (3).jpg,1,0.4751048047876959
587 (4).jpg,1,0.9922469113036078
587 (5).jpg,1,0.9887091778488581
587 (6).jpg,1,0.9924416982415853
587 (7).jpg,1,0.9914981996153307
587 (8).jpg,1,0.9920257764395858
587 (9).jpg,1,0.9888580342462477
587.jpg,1,0.991564347071463
588 (10).jpg,1,0.9916522337635091
588 (2).jpg,1,0.9900272386071827
588 (3).jpg,1,0.9862691177950175
588 (4).jpg,1,0.9916287610967975
588 (5).jpg,1,0.9925741081738214
588 (6).jpg,1,0.9871425025608204
588 (7).jpg,1,0.9925202548566423
588 (8).jpg,1,0.9869509169104378
588 (9).jpg,1,0.9911893668548049
588.jpg,1,0.9910280687903369
589 (10).jpg,1,0.9902060969412161
589 (2).jpg,1,0.989639082773974
589 (3).jpg,1,0.9826247161843891
589 (4).jpg,1,0.9877489808557757
589 (5).jpg,1,0.99131179351771
589 (6).jpg,1,0.9920470591788139
589 (7).jpg,1,0.9923660121442925
589 (8).jpg,1,0.9918472812221847
589 (9).jpg,1,0.9916185786020743
589.jpg,1,0.9923093951330902
59 (10).jpg,1,0.991565877893276
59 (2).jpg,1,0.9897451871477287
59 (3).jpg,1,0.976746367238491
59 (4).jpg,1,0.9902895623298423
59 (5).jpg,1,0.9834069042190202
59 (6).jpg,1,0.991921613896546
59 (7).jpg,1,0.9926274043910746
59 (8).jpg,1,0.9925879839892698
59 (9).jpg,1,0.988858494276412
59.jpg,1,0.9895775670139744
590 (10).jpg,1,0.9919861538558912
590 (2).jpg,1,0.9912269285996027
590 (3).jpg,1,0.9877241105273626
590 (4).jpg,1,0.9911945669557327
590 (5).jpg,1,0.9914257109490501
590 (6).jpg,1,0.9915628916177343
590 (7).jpg,1,0.9923485010831629
590 (8).jpg,1,0.9920294866729515
590 (9).jpg,1,0.9787541617508859
590.jpg,1,0.9922772156818798
591 (10).jpg,1,0.9783732452456999
591 (2).jpg,1,0.9910324474568772
591 (3).jpg,1,0.8790669989636704
591 (4).jpg,1,0.9921500816605415
591 (5).jpg,0,0.39899809742409703
591 (6).jpg,1,0.9925541328715951
591 (7).jpg,1,0.9925783464297774
591 (8).jpg,1,0.992104117519127
591 (9).jpg,1,0.7006836589190919
591.jpg,1,0.9913092516481352
592 (10).jpg,1,0.9918984005702539
592 (2).jpg,1,0.9920900958354093
592 (3).jpg,1,0.9893210361054173
592 (4).jpg,1,0.9909095446100001
592 (5).jpg,1,0.9923037766826186
592 (6).jpg,1,0.9910184701044981
592 (7).jpg,1,0.992373476183745
592 (8).jpg,1,0.9913266455498997
592 (9).jpg,1,0.9900363012738934
592.jpg,1,0.9748841873142854
593 (10).jpg,1,0.9914592912030704
593 (2).jpg,1,0.9923057650075326
593 (3).jpg,1,0.9828079757285753
593 (4).jpg,1,0.9921917402515367
593 (5).jpg,1,0.9924098717098184
593 (6).jpg,1,0.9851739977628841
593 (7).jpg,1,0.9924167734385895
593 (8).jpg,1,0.9924168862737013
593 (9).jpg,1,0.6202841139780675
593.jpg,1,0.9920227819100566
594 (10).jpg,1,0.9921522777793649
594 (2).jpg,0,0.1220387190440599
594 (3).jpg,1,0.9731100794630593
594 (4).jpg,1,0.9206666942354055
594 (5).jpg,1,0.9906339983818904
594 (6).jpg,1,0.9888999413006963
594 (7).jpg,1,0.9924650580141772
594 (8).jpg,0,0.056332741740002926
594 (9).jpg,1,0.9915204718066937
594.jpg,1,0.992307566106825
595 (10).jpg,1,0.9911984214658666
595 (2).jpg,1,0.9912875438479612
595 (3).jpg,1,0.9912137457202651
595 (4).jpg,1,0.9920605607582297
595 (5).jpg,1,0.9911075766515511
595 (6).jpg,1,0.9887267565190107
595 (7).jpg,1,0.9926033088106851
595 (8).jpg,1,0.9915864064562998
595 (9).jpg,1,0.9899120885175764
595.jpg,1,0.9553967629677098
596 (10).jpg,1,0.990847820657191
596 (2).jpg,1,0.9911603104994381
596 (3).jpg,1,0.9899278526659926
596 (4).jpg,1,0.9924291167843549
596 (5).jpg,1,0.9922400432741931
596 (6).jpg,1,0.9917330162771664
596 (7).jpg,1,0.9920474328438479
596 (8).jpg,1,0.9916575098684139
596 (9).jpg,1,0.9918927760961311
596.jpg,1,0.9915123049405175
597 (10).jpg,1,0.9915450447869711
597 (2).jpg,1,0.9915595739252687
597 (3).jpg,1,0.991021157567218
597 (4).jpg,1,0.9912369334342778
597 (5).jpg,1,0.99235094449743
597 (6).jpg,1,0.9480381909903789
597 (7).jpg,1,0.9922666272980185
597 (8).jpg,1,0.9918298882858798
597 (9).jpg,1,0.9719182904048823
597.jpg,1,0.992164267850783
598 (10).jpg,1,0.9913574172887929
598 (2).jpg,1,0.9897005801357628
598 (3).jpg,1,0.987528513873173
598 (4).jpg,1,0.9861991935501719
598 (5).jpg,1,0.9911928690562076
598 (6).jpg,1,0.9920430895969858
598 (7).jpg,1,0.9925302434611583
598 (8).jpg,1,0.9896433819725896
598 (9).jpg,1,0.9915291710850764
598.jpg,1,0.983295780788225
599 (10).jpg,1,0.9395930284226437
599 (2).jpg,1,0.9922191432515894
599 (3).jpg,1,0.7686107542745635
599 (4).jpg,1,0.9914760593246461
599 (5).jpg,1,0.9925214630749826
599 (6).jpg,1,0.9748764009234138
599 (7).jpg,1,0.9925366159875002
599 (8).jpg,1,0.9917207930412254
599 (9).jpg,1,0.982145580020218
599.jpg,1,0.9863390489444724
6 (10).jpg,1,0.9906798463071951
6 (2).jpg,1,0.9880789208076559
6 (3).jpg,1,0.9681415375885344
6 (4).jpg,1,0.9915855060929564
6 (5).jpg,1,0.9898760100214369
6 (6).jpg,1,0.9909061034618499
6 (7).jpg,1,0.9924903225996681
6 (8).jpg,1,0.9920329623809682
6 (9).jpg,1,0.9892425966343292
6.jpg,1,0.9438318971134998
60 (10).jpg,1,0.9923908543315619
60 (2).jpg,1,0.9910100348669282
60 (3).jpg,1,0.9895450280777202
60 (4).jpg,1,0.9921945210018898
60 (5).jpg,1,0.9924444200604027
60 (6).jpg,1,0.9864335745953727
60 (7).jpg,1,0.9905098609462878
60 (8).jpg,1,0.9918687932232491
60 (9).jpg,1,0.9860365191746907
60.jpg,1,0.9911842062546681
600 (10).jpg,0,0.26722565859782293
600 (2).jpg,1,0.9922902690445371
600 (3).jpg,1,0.9899616488224118
600 (4).jpg,1,0.9912362424422649
600 (5).jpg,1,0.9921485819284783
600 (6).jpg,1,0.9921769356770113
600 (7).jpg,1,0.9926273363896277
600 (8).jpg,1,0.9911846477351058
600 (9).jpg,1,0.9845303359575248
600.jpg,1,0.9875749905803982
601 (10).jpg,1,0.9891153496546574
601 (2).jpg,1,0.9912059328177183
601 (3).jpg,1,0.9860614883676337
601 (4).jpg,1,0.9909070334463951
601 (5).jpg,1,0.9903964918911482
601 (6).jpg,1,0.9923939360438784
601 (7).jpg,1,0.9926215792560459
601 (8).jpg,1,0.9882895322483166
601 (9).jpg,1,0.9711271760893536
601.jpg,1,0.9908936082346661
602 (10).jpg,1,0.9919925130657758
602 (2).jpg,1,0.9813792838885159
602 (3).jpg,1,0.9904927841932337
602 (4).jpg,1,0.9859552268401311
602 (5).jpg,1,0.9919625007126366
602 (6).jpg,1,0.991507911228031
602 (7).jpg,1,0.9899860517963281
602 (8).jpg,1,0.991555382189075
602 (9).jpg,1,0.9910668366308489
602.jpg,0,0.2080284959536962
603 (10).jpg,1,0.9913076082325472
603 (2).jpg,1,0.9797248066885487
603 (3).jpg,1,0.9917276105544273
603 (4).jpg,1,0.9623109882826698
603 (5).jpg,1,0.9908194504023417
603 (6).jpg,1,0.9925576201409426
603 (7).jpg,1,0.9924557557777015
603 (8).jpg,1,0.9887329231180253
603 (9).jpg,1,0.9447415172300913
603.jpg,1,0.9907332946766423
604 (10).jpg,1,0.9711164736287069
604 (2).jpg,1,0.9920281909473613
604 (3).jpg,1,0.9919967577282321
604 (4).jpg,1,0.992584575805488
604 (5).jpg,1,0.9923024875409806
604 (6).jpg,1,0.9906505598201705
604 (7).jpg,1,0.9925580605321407
604 (8).jpg,1,0.992457957944744
604 (9).jpg,1,0.9919454027505755
604.jpg,1,0.9923804845491154
605 (10).jpg,1,0.991381262302044
605 (2).jpg,1,0.9903163960172202
605 (3).jpg,1,0.97530402829551
605 (4).jpg,1,0.9920755370469981
605 (5).jpg,1,0.9922435499055513
605 (6).jpg,1,0.9619422942497545
605 (7).jpg,1,0.9918864266183635
605 (8).jpg,1,0.9025471123607218
605 (9).jpg,1,0.9903484565368269
605.jpg,1,0.9920377963844506
606 (10).jpg,1,0.9885418900938654
606 (2).jpg,1,0.9918452261036803
606 (3).jpg,1,0.9911279039561752
606 (4).jpg,1,0.9922005610037944
606 (5).jpg,1,0.992350696200017
606 (6).jpg,1,0.9897678303345132
606 (7).jpg,1,0.9903846484053959
606 (8).jpg,1,0.9923314669994955
606 (9).jpg,1,0.9867745119864219
606.jpg,0,0.00825967936463938
607 (10).jpg,1,0.9920827921375946
607 (2).jpg,1,0.9920211903459247
607 (3).jpg,1,0.9159230589247692
607 (4).jpg,1,0.9925555938415669
607 (5).jpg,1,0.9893830514426347
607 (6).jpg,1,0.988681838014875
607 (7).jpg,1,0.9925269227061728
607 (8).jpg,1,0.9908704366582303
607 (9).jpg,1,0.9879413915113512
607.jpg,1,0.9837099380124837
608 (10).jpg,1,0.9914000905934361
608 (2).jpg,1,0.992231075118397
608 (3).jpg,1,0.9917705842694191
608 (4).jpg,1,0.9911764477163786
608 (5).jpg,1,0.9910306693267902
608 (6).jpg,1,0.9682140387140327
608 (7).jpg,1,0.9912774920687036
608 (8).jpg,1,0.9893225853732466
608 (9).jpg,1,0.984488826259207
608.jpg,1,0.9917725807078878
609 (10).jpg,1,0.9915617802789709
609 (2).jpg,1,0.9919777344513611
609 (3).jpg,1,0.9890837589604525
609 (4).jpg,1,0.9923378498599134
609 (5).jpg,1,0.9922217078771423
609 (6).jpg,1,0.569373040091408
609 (7).jpg,1,0.9925402599693468
609 (8).jpg,1,0.9917955579648378
609 (9).jpg,1,0.986459591630197
609.jpg,1,0.9919691758089647
61 (10).jpg,1,0.9920614476357766
61 (2).jpg,1,0.9921394488122665
61 (3).jpg,1,0.9913434785194748
61 (4).jpg,1,0.9675189104413684
61 (5).jpg,1,0.9921902725193712
61 (6).jpg,1,0.9829125118367655
61 (7).jpg,1,0.9925464653159191
61 (8).jpg,1,0.9905246791238999
61 (9).jpg,1,0.9906519795058821
61.jpg,1,0.9920244023687803
610 (10).jpg,1,0.9913530499152692
610 (2).jpg,1,0.990917102431411
610 (3).jpg,1,0.9915482581491957
610 (4).jpg,1,0.9925851483285054
610 (5).jpg,1,0.9920100004837916
610 (6).jpg,1,0.8055397184223229
610 (7).jpg,1,0.9923406515161726
610 (8).jpg,1,0.9912844911575946
610 (9).jpg,1,0.9812086859264338
610.jpg,1,0.9428018615863132
611 (10).jpg,1,0.9909210053358648
611 (2).jpg,1,0.9921784074743655
611 (3).jpg,1,0.9906055596590538
611 (4).jpg,1,0.9923310222773909
611 (5).jpg,1,0.9923706680628
611 (6).jpg,1,0.9917658400240293
611 (7).jpg,1,0.9920930591086442
611 (8).jpg,1,0.9921094186090207
611 (9).jpg,1,0.991926629723812
611.jpg,1,0.9911397070753106
612 (10).jpg,1,0.9878063831238545
612 (2).jpg,1,0.9923198233528185
612 (3).jpg,1,0.985268502780481
612 (4).jpg,1,0.9918238624319387
612 (5).jpg,1,0.9922495962683802
612 (6).jpg,1,0.9904920529683072
612 (7).jpg,1,0.9924459209692105
612 (8).jpg,1,0.9907503699607113
612 (9).jpg,1,0.992370387654779
612.jpg,1,0.878220419450915
613 (10).jpg,1,0.9913404908748793
613 (2).jpg,1,0.9918188407099618
613 (3).jpg,1,0.9922982061082642
613 (4).jpg,1,0.9923616637865369
613 (5).jpg,1,0.9502656367898514
613 (6).jpg,1,0.9918960920562888
613 (7).jpg,1,0.9920619158874616
613 (8).jpg,1,0.990724656943185
613 (9).jpg,1,0.9905954164201985
613.jpg,1,0.9825976543547263
614 (10).jpg,1,0.9917531674258201
614 (2).jpg,1,0.9916496109704268
614 (3).jpg,1,0.9734012881270128
614 (4).jpg,1,0.9923770556434436
614 (5).jpg,0,0.3679469685740757
614 (6).jpg,1,0.9921085173465176
614 (7).jpg,1,0.9925985272527966
614 (8).jpg,1,0.9908399739819164
614 (9).jpg,1,0.9897011939556126
614.jpg,1,0.9541777589607895
615 (10).jpg,1,0.9776822807828682
615 (2).jpg,1,0.9904687976696239
615 (3).jpg,1,0.990908580011025
615 (4).jpg,1,0.9846556385932577
615 (5).jpg,1,0.989283207741284
615 (6).jpg,1,0.9919616440188815
615 (7).jpg,1,0.9924459794816172
615 (8).jpg,1,0.9913969371743317
615 (9).jpg,1,0.9358946023883195
615.jpg,1,0.9871054371149832
616 (10).jpg,1,0.9863989053693982
616 (2).jpg,1,0.9894881903031822
616 (3).jpg,1,0.9896646774069308
616 (4).jpg,1,0.9920357629450881
616 (5).jpg,1,0.9923101707528402
616 (6).jpg,1,0.9920037812530236
616 (7).jpg,1,0.9925532859071363
616 (8).jpg,1,0.9918648213182917
616 (9).jpg,1,0.9903538939989406
616.jpg,1,0.9823675825081734
617 (10).jpg,1,0.9900045999125684
617 (2).jpg,1,0.9924084523687401
617 (3).jpg,1,0.9839904683002828
617 (4).jpg,1,0.9905399152673261
617 (5).jpg,1,0.9888772919210045
617 (6).jpg,1,0.9905765364471557
617 (7).jpg,1,0.9925909804481495
617 (8).jpg,1,0.9921986934840108
617 (9).jpg,1,0.9909808707155467
617.jpg,1,0.9745071398558177
618 (10).jpg,1,0.8776141420818647
618 (2).jpg,1,0.9807684604380503
618 (3).jpg,1,0.9903011647035846
618 (4).jpg,1,0.99229479024958
618 (5).jpg,1,0.9747870108921904
618 (6).jpg,1,0.991819006383572
618 (7).jpg,1,0.9924589433787986
618 (8).jpg,1,0.9907258008357585
618 (9).jpg,1,0.9888513561201132
618.jpg,1,0.9894324130095408
619 (10).jpg,1,0.9904601963868048
619 (2).jpg,1,0.991722417066945
619 (3).jpg,1,0.9875029258040572
619 (4).jpg,1,0.9907318584678707
619 (5).jpg,1,0.9903309412327603
619 (6).jpg,1,0.9922464344991415
619 (7).jpg,1,0.979455999055098
619 (8).jpg,0,0.04882224474713136
619 (9).jpg,1,0.9891939173779838
619.jpg,1,0.9878974438888406
62 (10).jpg,1,0.9766628872209062
62 (2).jpg,1,0.9918027998313651
62 (3).jpg,1,0.8462310975834136
62 (4).jpg,1,0.9919463913616998
62 (5).jpg,1,0.9896180672883468
62 (6).jpg,1,0.9438037643199105
62 (7).jpg,1,0.9922191011094939
62 (8).jpg,1,0.9870618278404344
62 (9).jpg,1,0.9900408237096774
62.jpg,1,0.9903358776802723
620 (10).jpg,1,0.5610570764644619
620 (2).jpg,1,0.991270544700632
620 (3).jpg,1,0.992087345387949
620 (4).jpg,1,0.9924774027784572
620 (5).jpg,1,0.9924416804185955
620 (6).jpg,1,0.9918697421633891
620 (7).jpg,1,0.9921226925693439
620 (8).jpg,1,0.9910977373981122
620 (9).jpg,1,0.9858743908953662
620.jpg,1,0.9899294873744033
621 (10).jpg,1,0.9911697526901403
621 (2).jpg,1,0.9881872834462226
621 (3).jpg,1,0.990953978887857
621 (4).jpg,1,0.9917815055014013
621 (5).jpg,1,0.9914609492887055
621 (6).jpg,1,0.9910591322303887
621 (7).jpg,1,0.9872358395456162
621 (8).jpg,1,0.9920043872484836
621 (9).jpg,1,0.9902202390748713
621.jpg,1,0.9908761468664105
622 (10).jpg,1,0.9607009284150758
622 (2).jpg,1,0.9893609815153906
622 (3).jpg,1,0.9782361632197153
622 (4).jpg,1,0.9918736358764504
622 (5).jpg,1,0.9922560562336921
622 (6).jpg,1,0.9921849625398792
622 (7).jpg,1,0.9925314616990598
622 (8).jpg,1,0.9896629397666441
622 (9).jpg,1,0.9887409193484031
622.jpg,1,0.9923291271003729
623 (10).jpg,1,0.9841231555459095
623 (2).jpg,1,0.9914790817994699
623 (3).jpg,1,0.9889031437724451
623 (4).jpg,1,0.9914820140964401
623 (5).jpg,1,0.992427236439217
623 (6).jpg,1,0.991764147025802
623 (7).jpg,1,0.9923242031570065
623 (8).jpg,1,0.9907716229433823
623 (9).jpg,1,0.989295472839691
623.jpg,1,0.9920755137061585
624 (10).jpg,1,0.9919016746323309
624 (2).jpg,1,0.9907056205576938
624 (3).jpg,1,0.991116140813706
624 (4).jpg,1,0.9907903093848851
624 (5).jpg,1,0.9916350497253199
624 (6).jpg,1,0.991771306336389
624 (7).jpg,1,0.9874475482584807
624 (8).jpg,1,0.9917649397384702
624 (9).jpg,1,0.9907121608154966
624.jpg,1,0.9821011536011747
625 (10).jpg,1,0.9921004479164868
625 (2).jpg,1,0.9925182677919462
625 (3).jpg,1,0.989649396186563
625 (4).jpg,1,0.9894694727721742
625 (5).jpg,1,0.9925697380923418
625 (6).jpg,1,0.9924289685498073
625 (7).jpg,1,0.9926018295725124
625 (8).jpg,1,0.9925378310012121
625 (9).jpg,1,0.9904212476736907
625.jpg,0,0.09394847620311943
626 (10).jpg,0,0.014223379357254574
626 (2).jpg,1,0.9924429292633035
626 (3).jpg,1,0.9913608995009993
626 (4).jpg,1,0.9923995659732878
626 (5).jpg,1,0.99248961082809
626 (6).jpg,1,0.9920608492275663
626 (7).jpg,1,0.9913799108462674
626 (8).jpg,1,0.9908853946051175
626 (9).jpg,1,0.9860067017837303
626.jpg,1,0.9884329434353334
627 (10).jpg,1,0.990884962241173
627 (2).jpg,1,0.9874129302581837
627 (3).jpg,1,0.9865792044144402
627 (4).jpg,1,0.9916526679714016
627 (5).jpg,1,0.9921931784125514
627 (6).jpg,1,0.9827085411180546
627 (7).jpg,1,0.9892195148384864
627 (8).jpg,1,0.9922527631241665
627 (9).jpg,1,0.9846223407394145
627.jpg,1,0.9606810816296879
628 (10).jpg,1,0.9896801263979799
628 (2).jpg,1,0.9922364348473859
628 (3).jpg,1,0.9893233411600764
628 (4).jpg,1,0.9919173993804493
628 (5).jpg,1,0.9891876794515931
628 (6).jpg,1,0.9866021091895675
628 (7).jpg,1,0.9925608525931114
628 (8).jpg,1,0.9920564156359323
628 (9).jpg,1,0.9410007859938893
628.jpg,1,0.9923641683970195
629 (10).jpg,1,0.9918915043845359
629 (2).jpg,1,0.9919304492047643
629 (3).jpg,1,0.9886206407640774
629 (4).jpg,1,0.9925738110763261
629 (5).jpg,1,0.9914121952649431
629 (6).jpg,1,0.9908288643506059
629 (7).jpg,1,0.9920042004415816
629 (8).jpg,1,0.9912056892706655
629 (9).jpg,1,0.9908862686353713
629.jpg,1,0.9898203453486035
63 (10).jpg,1,0.9843691179582233
63 (2).jpg,1,0.9917982224731298
63 (3).jpg,1,0.9891233339515886
63 (4).jpg,1,0.9917988029418733
63 (5).jpg,1,0.9581623745839986
63 (6).jpg,1,0.9925038746949945
63 (7).jpg,1,0.9889127615435164
63 (8).jpg,1,0.9894530536325329
63 (9).jpg,1,0.9906134479072878
63.jpg,1,0.9901449362518404
630 (10).jpg,1,0.8812641030773283
630 (2).jpg,1,0.9921225955915124
630 (3).jpg,1,0.9870734891588478
630 (4).jpg,1,0.9879433663528006
630 (5).jpg,1,0.992167012523217
630 (6).jpg,1,0.9915945050620583
630 (7).jpg,1,0.9921532407147396
630 (8).jpg,1,0.9916425166333662
630 (9).jpg,1,0.9907676414993032
630.jpg,1,0.9912901494256089
631 (10).jpg,1,0.9891879863643833
631 (2).jpg,1,0.9889084512029577
631 (3).jpg,1,0.9885946392362849
631 (4).jpg,1,0.9925702398062664
631 (5).jpg,1,0.992504602707685
631 (6).jpg,1,0.9889766560728389
631 (7).jpg,1,0.9925725761699178
631 (8).jpg,1,0.9923504769283921
631 (9).jpg,1,0.9908410336853093
631.jpg,1,0.9910683260426829
632 (10).jpg,1,0.9899550226713026
632 (2).jpg,1,0.9875016175405107
632 (3).jpg,1,0.9889581609191876
632 (4).jpg,1,0.9925612955336703
632 (5).jpg,1,0.9893166880060001
632 (6).jpg,1,0.9602534313230595
632 (7).jpg,1,0.9891771644867361
632 (8).jpg,1,0.9918107515878845
632 (9).jpg,1,0.9841206496438502
632.jpg,1,0.9895112289770328
633 (10).jpg,1,0.9873711329041911
633 (2).jpg,1,0.9918892018119185
633 (3).jpg,1,0.9911627771640801
633 (4).jpg,1,0.9923474207167863
633 (5).jpg,1,0.9917433256343262
633 (6).jpg,1,0.9917219903617837
633 (7).jpg,1,0.9923938686323643
633 (8).jpg,1,0.9909214761265712
633 (9).jpg,1,0.973904035125128
633.jpg,1,0.8891110996790684
634 (10).jpg,1,0.9914011301927834
634 (2).jpg,1,0.9607601639788822
634 (3).jpg,1,0.9883183393644327
634 (4).jpg,1,0.9903524904147707
634 (5).jpg,1,0.9853173474644314
634 (6).jpg,1,0.9922287503648566
634 (7).jpg,1,0.9925877989437022
634 (8).jpg,1,0.7426393800881708
634 (9).jpg,1,0.9911866926384441
634.jpg,1,0.9845699208501416
635 (10).jpg,1,0.9911967679803331
635 (2).jpg,1,0.9918877483142229
635 (3).jpg,1,0.9858323357481881
635 (4).jpg,1,0.9922624070285053
635 (5).jpg,1,0.9909580490169063
635 (6).jpg,1,0.9915183198206271
635 (7).jpg,1,0.9925849855978333
635 (8).jpg,1,0.9908809714977447
635 (9).jpg,1,0.9915280015557658
635.jpg,1,0.9907997958802044
636 (10).jpg,1,0.9921442543823806
636 (2).jpg,1,0.9899830166137666
636 (3).jpg,1,0.9868718613392002
636 (4).jpg,1,0.9921990376444437
636 (5).jpg,1,0.9871094185833353
636 (6).jpg,1,0.9919903350431031
636 (7).jpg,1,0.9924856389493915
636 (8).jpg,1,0.9917423724315746
636 (9).jpg,1,0.9917975198383171
636.jpg,1,0.9922649308867714
637 (10).jpg,1,0.9891055756458131
637 (2).jpg,1,0.9916011921050121
637 (3).jpg,1,0.991193443500779
637 (4).jpg,1,0.9905930983641893
637 (5).jpg,1,0.9913350542658038
637 (6).jpg,1,0.9883642484892705
637 (7).jpg,1,0.9922769609186742
637 (8).jpg,1,0.9904520310220297
637 (9).jpg,1,0.9639049601379507
637.jpg,1,0.9917836659599656
638 (10).jpg,1,0.9873378687469513
638 (2).jpg,1,0.9901946356943954
638 (3).jpg,1,0.9891208846319365
638 (4).jpg,1,0.9921903273283414
638 (5).jpg,1,0.9909910848121734
638 (6).jpg,1,0.9925693084462522
638 (7).jpg,1,0.9919896645292592
638 (8).jpg,1,0.9886608430932404
638 (9).jpg,1,0.9916599982446644
638.jpg,1,0.9888817605928014
639 (10).jpg,1,0.9913166547870249
639 (2).jpg,1,0.9882663930737444
639 (3).jpg,1,0.9909326034782187
639 (4).jpg,1,0.9875683828965972
639 (5).jpg,1,0.986371991598068
639 (6).jpg,1,0.991197440364293
639 (7).jpg,1,0.9926288351938272
639 (8).jpg,1,0.9922853532166809
639 (9).jpg,1,0.9911674887358667
639.jpg,1,0.9920540389594298
64 (10).jpg,1,0.9841696030897739
64 (2).jpg,1,0.9889917881643785
64 (3).jpg,1,0.987050025556475
64 (4).jpg,1,0.990872444190612
64 (5).jpg,1,0.9018657963327072
64 (6).jpg,1,0.9852916979336938
64 (7).jpg,1,0.9918573326559526
64 (8).jpg,1,0.9918424506074948
64 (9).jpg,1,0.9901651620725993
64.jpg,1,0.9903121356629017
640 (10).jpg,1,0.99159134465916
640 (2).jpg,1,0.990257426286053
640 (3).jpg,0,0.08959946072450209
640 (4).jpg,1,0.992221277606262
640 (5).jpg,1,0.991919111431788
640 (6).jpg,1,0.9926017512644315
640 (7).jpg,1,0.9926040258099607
640 (8).jpg,1,0.9895287587290922
640 (9).jpg,1,0.9922498239273175
640.jpg,1,0.991866511219128
641 (10).jpg,1,0.9871452197206535
641 (2).jpg,1,0.9765890216975439
641 (3).jpg,1,0.9913283826973844
641 (4).jpg,1,0.9919650830192049
641 (5).jpg,1,0.9923394288920677
641 (6).jpg,1,0.9612354347444344
641 (7).jpg,1,0.9923281801698848
641 (8).jpg,1,0.9911219265491166
641 (9).jpg,1,0.9917566947547934
641.jpg,1,0.9920379507938488
642 (10).jpg,1,0.9917800983937878
642 (2).jpg,1,0.990035241056391
642 (3).jpg,1,0.9882200207319332
642 (4).jpg,1,0.9925683875242833
642 (5).jpg,1,0.9921655901222306
642 (6).jpg,1,0.8935734867235217
642 (7).jpg,1,0.9923331876599852
642 (8).jpg,1,0.9921629752133727
642 (9).jpg,1,0.9872050575480277
642.jpg,1,0.9747749475565907
643 (10).jpg,1,0.9904970721586424
643 (2).jpg,1,0.9812749326723506
643 (3).jpg,1,0.9917383598518635
643 (4).jpg,1,0.9919850827175568
643 (5).jpg,1,0.9918148422936933
643 (6).jpg,1,0.9907974409471751
643 (7).jpg,1,0.9925743568971906
643 (8).jpg,1,0.9924191621531374
643 (9).jpg,1,0.9840915054720067
643.jpg,1,0.991566177276408
644 (10).jpg,1,0.990501209049258
644 (2).jpg,1,0.9914680146400201
644 (3).jpg,1,0.9889723169295513
644 (4).jpg,1,0.9924822702113548
644 (5).jpg,1,0.9924791858004108
644 (6).jpg,1,0.9833765512429578
644 (7).jpg,1,0.9925116848566002
644 (8).jpg,1,0.9870693348785989
644 (9).jpg,1,0.9908243019336608
644.jpg,1,0.9913571939929143
645 (10).jpg,1,0.9914926747292451
645 (2).jpg,1,0.9909771994112317
645 (3).jpg,1,0.9886829510614481
645 (4).jpg,1,0.9921224523140089
645 (5).jpg,1,0.9913723589619021
645 (6).jpg,1,0.9906168637977247
645 (7).jpg,1,0.9925380677981194
645 (8).jpg,1,0.9885468920975428
645 (9).jpg,1,0.9905052938375666
645.jpg,1,0.9894237726307628
646 (10).jpg,1,0.9915588598422207
646 (2).jpg,1,0.992451541084956
646 (3).jpg,1,0.9682659698469733
646 (4).jpg,1,0.992393536693829
646 (5).jpg,1,0.992336359108347
646 (6).jpg,1,0.9915759211242078
646 (7).jpg,1,0.9925478947694456
646 (8).jpg,1,0.99089305377031
646 (9).jpg,1,0.9890582598507068
646.jpg,1,0.991832026145562
647 (10).jpg,1,0.9895932274246416
647 (2).jpg,1,0.9911389335791508
647 (3).jpg,1,0.9919515146469707
647 (4).jpg,1,0.9922992145779872
647 (5).jpg,1,0.991549178720546
647 (6).jpg,1,0.9918472364211579
647 (7).jpg,1,0.99228269652805
647 (8).jpg,1,0.9883070107440364
647 (9).jpg,1,0.9898150333065318
647.jpg,1,0.992463137993901
648 (10).jpg,1,0.9522791026341667
648 (2).jpg,1,0.9909250622402246
648 (3).jpg,1,0.9913711468775729
648 (4).jpg,1,0.9921026119051951
648 (5).jpg,1,0.9910676685050483
648 (6).jpg,1,0.9896743772479955
648 (7).jpg,1,0.9925333345580131
648 (8).jpg,0,0.023117869161803983
648 (9).jpg,0,0.09058404131787638
648.jpg,1,0.9916319220408385
649 (10).jpg,1,0.9917271813362721
649 (2).jpg,1,0.9919802291890716
649 (3).jpg,1,0.98723287506913
649 (4).jpg,1,0.9923931494667745
649 (5).jpg,1,0.985299413618213
649 (6).jpg,1,0.9883806010375629
649 (7).jpg,1,0.9871301634834382
649 (8).jpg,1,0.9921884528583245
649 (9).jpg,0,0.4224807774544163
649.jpg,1,0.989010760215872
65 (10).jpg,1,0.9914858034228871
65 (2).jpg,1,0.6351014359298724
65 (3).jpg,1,0.9881164897200806
65 (4).jpg,1,0.9913838678525744
65 (5).jpg,1,0.9924342816803702
65 (6).jpg,1,0.9920801175385364
65 (7).jpg,1,0.9882390099384317
65 (8).jpg,1,0.9908806012771978
65 (9).jpg,1,0.9873414736552891
65.jpg,1,0.9834525583538157
650 (10).jpg,1,0.9915077346799162
650 (2).jpg,1,0.9903948576183543
650 (3).jpg,1,0.988836392222294
650 (4).jpg,1,0.9883977286255481
650 (5).jpg,1,0.991021255304815
650 (6).jpg,1,0.9888663790795409
650 (7).jpg,1,0.9925080619643966
650 (8).jpg,1,0.9921932111318581
650 (9).jpg,1,0.9915433887008954
650.jpg,1,0.9918947534792169
651 (10).jpg,1,0.9897030595013028
651 (2).jpg,1,0.991442631211319
651 (3).jpg,1,0.9895016323606523
651 (4).jpg,1,0.9878203973739533
651 (5).jpg,1,0.992436742892711
651 (6).jpg,1,0.9919249504075806
651 (7).jpg,1,0.9925785758382557
651 (8).jpg,1,0.9893637959304544
651 (9).jpg,1,0.89819209912529
651.jpg,1,0.9885341916451129
652 (10).jpg,1,0.9916353333478455
652 (2).jpg,1,0.9894619176112799
652 (3).jpg,1,0.9909779598034139
652 (4).jpg,1,0.9916711997765112
652 (5).jpg,1,0.9905159395327621
652 (6).jpg,1,0.9884227243986409
652 (7).jpg,1,0.9922541845505312
652 (8).jpg,1,0.9923641620081489
652 (9).jpg,1,0.9911542185330333
652.jpg,1,0.9915276124302298
653 (10).jpg,1,0.9908308833687064
653 (2).jpg,1,0.990115707190986
653 (3).jpg,1,0.9903824176373924
653 (4).jpg,1,0.9883700548208973
653 (5).jpg,1,0.9925207521261574
653 (6).jpg,1,0.9869796752710881
653 (7).jpg,1,0.990497207201931
653 (8).jpg,1,0.9922913902616024
653 (9).jpg,1,0.9870121728047411
653.jpg,1,0.9903051521428592
654 (10).jpg,1,0.9874434503236138
654 (2).jpg,1,0.9923621827748199
654 (3).jpg,1,0.9909822726346554
654 (4).jpg,1,0.992312077507173
654 (5).jpg,1,0.9918861822543114
654 (6).jpg,1,0.9925043285578002
654 (7).jpg,1,0.9922659631689593
654 (8).jpg,1,0.9787886367781039
654 (9).jpg,1,0.9915165221724427
654.jpg,1,0.9917503927288084
655 (10).jpg,1,0.9894956903477719
655 (2).jpg,1,0.9920109996949411
655 (3).jpg,1,0.9873929722158498
655 (4).jpg,1,0.99255568022256
655 (5).jpg,1,0.9872298494748792
655 (6).jpg,1,0.9922984320212638
655 (7).jpg,1,0.9914564109087927
655 (8).jpg,1,0.9922831380719509
655 (9).jpg,1,0.9887369681645116
655.jpg,1,0.8672749979711605
656 (10).jpg,1,0.9328844067864668
656 (2).jpg,1,0.9920553018404137
656 (3).jpg,1,0.9917027751068515
656 (4).jpg,1,0.9923143134247043
656 (5).jpg,1,0.981957916443291
656 (6).jpg,1,0.9914089634954557
656 (7).jpg,1,0.992499795915684
656 (8).jpg,1,0.9904845187591447
656 (9).jpg,1,0.9911174552317674
656.jpg,1,0.9843719034452257
657 (10).jpg,1,0.99070451694146
657 (2).jpg,1,0.9921489761172501
657 (3).jpg,0,0.0076724592998961
657 (4).jpg,1,0.99171070513068
657 (5).jpg,1,0.9924924745638356
657 (6).jpg,1,0.9920514706023341
657 (7).jpg,1,0.9915814211105067
657 (8).jpg,1,0.9922169681033003
657 (9).jpg,1,0.9915286467136533
657.jpg,1,0.9895572563041087
658 (10).jpg,1,0.9915471693029942
658 (2).jpg,1,0.9841044421690521
658 (3).jpg,1,0.9906936941092197
658 (4).jpg,1,0.9917318662495485
658 (5).jpg,1,0.9880240469735528
658 (6).jpg,1,0.9908235433092337
658 (7).jpg,1,0.9919780245135633
658 (8).jpg,1,0.9922537090125039
658 (9).jpg,1,0.9919265522127287
658.jpg,1,0.9810151759276222
659 (10).jpg,1,0.9899756432115028
659 (2).jpg,1,0.9921357867536629
659 (3).jpg,1,0.9707665989384362
659 (4).jpg,1,0.9922159101076918
659 (5).jpg,1,0.9922688053239523
659 (6).jpg,1,0.9913698290922748
659 (7).jpg,1,0.9925277689263734
659 (8).jpg,1,0.9402564320560236
659 (9).jpg,1,0.9917488888483105
659.jpg,1,0.6504660949336095
66 (10).jpg,1,0.9877738355081731
66 (2).jpg,1,0.9900893869415889
66 (3).jpg,1,0.9903689190880316
66 (4).jpg,1,0.9920396696756233
66 (5).jpg,1,0.9921305397223789
66 (6).jpg,1,0.991000194128705
66 (7).jpg,1,0.9905847920336863
66 (8).jpg,1,0.9920504095434401
66 (9).jpg,1,0.9910869335740313
66.jpg,1,0.9919917723301753
660 (10).jpg,1,0.9918406239369305
660 (2).jpg,1,0.9652996355853474
660 (3).jpg,1,0.9861510940798486
660 (4).jpg,1,0.9925503861310785
660 (5).jpg,1,0.9922798802238151
660 (6).jpg,1,0.9919691287579316
660 (7).jpg,1,0.9925914274679363
660 (8).jpg,1,0.9923235182512199
660 (9).jpg,1,0.9908821380060258
660.jpg,1,0.9916378972863129
661 (10).jpg,1,0.9923720092507512
661 (2).jpg,1,0.9904399907480487
661 (3).jpg,1,0.9899925170738156
661 (4).jpg,1,0.9926028919179353
661 (5).jpg,1,0.9921791629561724
661 (6).jpg,1,0.9912266954345246
661 (7).jpg,1,0.9924896369919464
661 (8).jpg,1,0.979145357972021
661 (9).jpg,1,0.4547461823174512
661.jpg,1,0.9904522046370848
662 (10).jpg,1,0.9893028969153679
662 (2).jpg,1,0.9916208061074916
662 (3).jpg,1,0.9880190607505767
662 (4).jpg,1,0.8654057955402489
662 (5).jpg,1,0.9925851131208765
662 (6).jpg,1,0.9923925551545809
662 (7).jpg,1,0.9920306527621726
662 (8).jpg,1,0.9907942773219183
662 (9).jpg,1,0.9889382559012554
662.jpg,1,0.9908943506612539
663 (10).jpg,1,0.9906432653734952
663 (2).jpg,1,0.9914803188274935
663 (3).jpg,1,0.9897156229025381
663 (4).jpg,1,0.8935075909145432
663 (5).jpg,1,0.5657063378415333
663 (6).jpg,1,0.9922935778540285
663 (7).jpg,1,0.992600119679525
663 (8).jpg,1,0.9909767357001323
663 (9).jpg,1,0.9906846000289972
663.jpg,1,0.9891115219761434
664 (10).jpg,1,0.9769263786595258
664 (2).jpg,1,0.9922830118570322
664 (3).jpg,1,0.9910082567322475
664 (4).jpg,1,0.9923068230795622
664 (5).jpg,1,0.9788322957362594
664 (6).jpg,1,0.9921967146345954
664 (7).jpg,1,0.9926106962386756
664 (8).jpg,1,0.9897695914731788
664 (9).jpg,1,0.9918516380022726
664.jpg,1,0.9901902871320778
665 (10).jpg,1,0.9915361012768656
665 (2).jpg,1,0.9904377224480722
665 (3).jpg,1,0.9854653534964839
665 (4).jpg,1,0.9778906243875222
665 (5).jpg,1,0.989086654286054
665 (6).jpg,1,0.9892899715142165
665 (7).jpg,1,0.9923140906083876
665 (8).jpg,1,0.9915761831392607
665 (9).jpg,1,0.9910384337326119
665.jpg,1,0.9923993225166003
666 (10).jpg,1,0.9635015718548442
666 (2).jpg,1,0.9908052210345771
666 (3).jpg,1,0.9900852373333243
666 (4).jpg,1,0.9907703047265775
666 (5).jpg,1,0.9919145682836612
666 (6).jpg,1,0.9917942366716428
666 (7).jpg,1,0.9919370270425544
666 (8).jpg,1,0.9914589801926892
666 (9).jpg,1,0.9910522528885798
666.jpg,1,0.9911470922171061
667 (10).jpg,1,0.9726164404522262
667 (2).jpg,1,0.9914954710859776
667 (3).jpg,1,0.9851581939938425
667 (4).jpg,1,0.9880184684254142
667 (5).jpg,1,0.9843618524060264
667 (6).jpg,1,0.992574865469418
667 (7).jpg,1,0.9923126165847722
667 (8).jpg,1,0.9921484594584448
667 (9).jpg,1,0.9874783605886216
667.jpg,1,0.9876447932174452
668 (10).jpg,1,0.9912173068901745
668 (2).jpg,1,0.9922091236375928
668 (3).jpg,1,0.9831544242932961
668 (4).jpg,1,0.9610023833155035
668 (5).jpg,1,0.9882770641016928
668 (6).jpg,1,0.992155351345789
668 (7).jpg,1,0.9922792124082567
668 (8).jpg,1,0.9919578328562532
668 (9).jpg,1,0.9887143086182676
668.jpg,1,0.9910388756865808
669 (10).jpg,1,0.9905879978292885
669 (2).jpg,1,0.9923818312582828
669 (3).jpg,1,0.9909275173660375
669 (4).jpg,1,0.9923798260058815
669 (5).jpg,1,0.9922604207858794
669 (6).jpg,1,0.9923983173266337
669 (7).jpg,1,0.9920827921248645
669 (8).jpg,1,0.9889436752576977
669 (9).jpg,1,0.9913301030639584
669.jpg,1,0.9914585082806625
67 (10).jpg,1,0.9910177111590219
67 (2).jpg,1,0.9917640533283173
67 (3).jpg,0,0.19242445731252936
67 (4).jpg,1,0.9912619391383507
67 (5).jpg,1,0.8533296042957079
67 (6).jpg,1,0.9919147436333076
67 (7).jpg,1,0.9924655314662519
67 (8).jpg,1,0.9888272324369335
67 (9).jpg,1,0.9919050936608194
67.jpg,1,0.9916775694888352
670 (10).jpg,1,0.991382698768536
670 (2).jpg,1,0.9924574614647936
670 (3).jpg,1,0.9919837943493869
670 (4).jpg,1,0.9916749670232953
670 (5).jpg,1,0.9887071474656848
670 (6).jpg,1,0.9920660410006219
670 (7).jpg,1,0.9925232483618808
670 (8).jpg,1,0.9919649442921948
670 (9).jpg,1,0.9887101938217494
670.jpg,1,0.9905646792945262
671 (10).jpg,1,0.986360790580636
671 (2).jpg,1,0.9905937117616609
671 (3).jpg,1,0.9920536392307081
671 (4).jpg,1,0.9921708689610492
671 (5).jpg,1,0.9924905627018321
671 (6).jpg,1,0.9900933652111169
671 (7).jpg,1,0.9925961464644226
671 (8).jpg,1,0.9919733436595556
671 (9).jpg,1,0.9893097258099285
671.jpg,1,0.9910992010419906
672 (10).jpg,1,0.9795552901430877
672 (2).jpg,1,0.9918586043889877
672 (3).jpg,0,0.009310643037907872
672 (4).jpg,1,0.9920760429653042
672 (5).jpg,1,0.9923953906457977
672 (6).jpg,1,0.9920065518152268
672 (7).jpg,1,0.9926280794344787
672 (8).jpg,1,0.9834280719733582
672 (9).jpg,1,0.9867368951591898
672.jpg,1,0.9881308884401683
673 (10).jpg,1,0.9902112229389443
673 (2).jpg,1,0.9920604843724198
673 (3).jpg,1,0.9832362779623879
673 (4).jpg,1,0.9833196061706768
673 (5).jpg,1,0.9925065240082062
673 (6).jpg,1,0.9923587449448349
673 (7).jpg,1,0.9925373590210473
673 (8).jpg,1,0.9909420393110316
673 (9).jpg,1,0.9895695017900494
673.jpg,1,0.989423272006204
674 (10).jpg,1,0.9891734167115633
674 (2).jpg,1,0.9908427277448318
674 (3).jpg,1,0.9905463947456524
674 (4).jpg,1,0.9920496626500899
674 (5).jpg,1,0.9863711267919558
674 (6).jpg,1,0.9922868598173548
674 (7).jpg,1,0.9926200365941977
674 (8).jpg,1,0.9888993418855927
674 (9).jpg,0,0.24157067228120815
674.jpg,1,0.9914625022815797
675 (10).jpg,1,0.9917912825410895
675 (2).jpg,1,0.9899023199974759
675 (3).jpg,1,0.9873704072047307
675 (4).jpg,1,0.9741211150062464
675 (5).jpg,1,0.9921815008214475
675 (6).jpg,1,0.9918406181125804
675 (7).jpg,1,0.9902520056982089
675 (8).jpg,1,0.5222767653024172
675 (9).jpg,1,0.909472870468261
675.jpg,1,0.9913899043002695
676 (10).jpg,1,0.830593810691483
676 (2).jpg,1,0.9924675039769472
676 (3).jpg,1,0.984029238513315
676 (4).jpg,1,0.9920398680425364
676 (5).jpg,1,0.9910658572972717
676 (6).jpg,1,0.9917548221752172
676 (7).jpg,1,0.9924796011513002
676 (8).jpg,1,0.9923771873405789
676 (9).jpg,1,0.9854965974374359
676.jpg,1,0.9921984030241904
677 (10).jpg,1,0.9923199163973039
677 (2).jpg,1,0.992063541311459
677 (3).jpg,1,0.9780853626439041
677 (4).jpg,1,0.9924725814511984
677 (5).jpg,1,0.9923792257164519
677 (6).jpg,1,0.9924763128036307
677 (7).jpg,1,0.9901401279391894
677 (8).jpg,1,0.9846941481422367
677 (9).jpg,1,0.9891419915010445
677.jpg,1,0.9919478796011147
678 (10).jpg,1,0.9917669255270145
678 (2).jpg,1,0.991948712316763
678 (3).jpg,1,0.9877332001655937
678 (4).jpg,1,0.9897034197311356
678 (5).jpg,1,0.9894393667075483
678 (6).jpg,1,0.992270212316342
678 (7).jpg,1,0.9898055087210015
678 (8).jpg,1,0.9905776670746337
678 (9).jpg,1,0.9816746457012862
678.jpg,1,0.9915203488389361
679 (10).jpg,1,0.9920214176411778
679 (2).jpg,1,0.992314599383905
679 (3).jpg,1,0.9656096516436153
679 (4).jpg,1,0.9920211558197446
679 (5).jpg,1,0.9916207015745189
679 (6).jpg,1,0.9921688855370296
679 (7).jpg,1,0.9920894931252017
679 (8).jpg,1,0.9915868143780454
679 (9).jpg,1,0.9889877027994831
679.jpg,1,0.9916949294520723
68 (10).jpg,1,0.9887332292552532
68 (2).jpg,0,0.018532951012626406
68 (3).jpg,1,0.9894329259918412
68 (4).jpg,1,0.992290600871547
68 (5).jpg,1,0.9917667821323746
68 (6).jpg,1,0.988364110069964
68 (7).jpg,1,0.99181585399384
68 (8).jpg,1,0.9923595173632472
68 (9).jpg,1,0.9886405116379993
68.jpg,1,0.9903532146882943
680 (10).jpg,1,0.9809302121751111
680 (2).jpg,1,0.992290084131603
680 (3).jpg,1,0.9911041010589642
680 (4).jpg,1,0.9921985869519075
680 (5).jpg,1,0.613658512999227
680 (6).jpg,1,0.9915407281900582
680 (7).jpg,1,0.992450880023954
680 (8).jpg,1,0.9923693904527684
680 (9).jpg,1,0.9847445382174962
680.jpg,1,0.9880176100289716
681 (10).jpg,1,0.9910151110207435
681 (2).jpg,1,0.9887080648827569
681 (3).jpg,1,0.975011103458325
681 (4).jpg,1,0.9813485014488672
681 (5).jpg,1,0.9918609880099818
681 (6).jpg,1,0.9919856914338768
681 (7).jpg,1,0.9924879453591761
681 (8).jpg,1,0.9922489943267424
681 (9).jpg,1,0.9864889655665182
681.jpg,1,0.9917502872178223
682 (10).jpg,1,0.9834315850583754
682 (2).jpg,1,0.9913026197403818
682 (3).jpg,1,0.9921191353304678
682 (4).jpg,1,0.9880868576181002
682 (5).jpg,1,0.9920761639006449
682 (6).jpg,1,0.9921943219415057
682 (7).jpg,1,0.9926048862296337
682 (8).jpg,1,0.9832747793281456
682 (9).jpg,1,0.9900859252063746
682.jpg,1,0.9924883835792864
683 (10).jpg,1,0.9821981713641192
683 (2).jpg,1,0.9923554351640378
683 (3).jpg,1,0.9906777856447948
683 (4).jpg,1,0.990896570405157
683 (5).jpg,1,0.9907316472084818
683 (6).jpg,1,0.9918854250601835
683 (7).jpg,1,0.9921374903402318
683 (8).jpg,1,0.9910917409676662
683 (9).jpg,1,0.9839982708421011
683.jpg,1,0.9883484605964562
684 (10).jpg,1,0.9908951799649651
684 (2).jpg,1,0.9901695795300061
684 (3).jpg,1,0.9887917829606966
684 (4).jpg,1,0.9903246463685781
684 (5).jpg,1,0.9922426918937332
684 (6).jpg,1,0.9908611966317908
684 (7).jpg,1,0.992497325307872
684 (8).jpg,1,0.9925086801547648
684 (9).jpg,1,0.9901114832453399
684.jpg,1,0.991360595593387
685 (10).jpg,1,0.9889380003240533
685 (2).jpg,1,0.9829567040039219
685 (3).jpg,1,0.9922259720016225
685 (4).jpg,1,0.992460979122199
685 (5).jpg,1,0.9899530141445032
685 (6).jpg,1,0.9922375330688308
685 (7).jpg,1,0.9922842152472211
685 (8).jpg,1,0.9916544205431361
685 (9).jpg,1,0.9888247048603644
685.jpg,1,0.9920346431320194
686 (10).jpg,1,0.9908281499456811
686 (2).jpg,1,0.9916785591418645
686 (3).jpg,1,0.9904510057480628
686 (4).jpg,1,0.9925483226049102
686 (5).jpg,1,0.8760081446626578
686 (6).jpg,1,0.9862347681753116
686 (7).jpg,1,0.9926064953028504
686 (8).jpg,1,0.9900713743760076
686 (9).jpg,0,0.42254919696632015
686.jpg,1,0.9914412358214452
687 (10).jpg,1,0.9444273011844798
687 (2).jpg,1,0.9870801305861693
687 (3).jpg,0,0.42309856014936603
687 (4).jpg,1,0.9923744136657272
687 (5).jpg,0,0.16648566005640167
687 (6).jpg,1,0.9719487360723642
687 (7).jpg,1,0.9924702327711352
687 (8).jpg,1,0.992001224656694
687 (9).jpg,1,0.9903890254293325
687.jpg,1,0.9741360764199908
688 (10).jpg,1,0.9917250466271681
688 (2).jpg,1,0.9901491816846646
688 (3).jpg,1,0.9912378522681874
688 (4).jpg,1,0.9924741746230098
688 (5).jpg,1,0.7003290874758781
688 (6).jpg,1,0.9923144036430607
688 (7).jpg,1,0.9919120337109864
688 (8).jpg,1,0.9915048065300778
688 (9).jpg,1,0.9904953413426073
688.jpg,1,0.9922025483700478
689 (10).jpg,1,0.9898760502299332
689 (2).jpg,1,0.9921784709598558
689 (3).jpg,1,0.991693936665531
689 (4).jpg,1,0.9913825426322241
689 (5).jpg,1,0.9906753931618891
689 (6).jpg,1,0.9891663230454183
689 (7).jpg,1,0.9920135723849117
689 (8).jpg,1,0.9909317163491409
689 (9).jpg,1,0.9868447095024837
689.jpg,1,0.9920122200581024
69 (10).jpg,1,0.9917710692086167
69 (2).jpg,1,0.9921983720703759
69 (3).jpg,1,0.9885593542531929
69 (4).jpg,1,0.9924026203431198
69 (5).jpg,1,0.9924173763411228
69 (6).jpg,1,0.9899859127695837
69 (7).jpg,1,0.9913302788935485
69 (8).jpg,1,0.9913977760162964
69 (9).jpg,1,0.9901251280160636
69.jpg,1,0.9886148939944177
690 (10).jpg,1,0.967937875278044
690 (2).jpg,1,0.9914569118763334
690 (3).jpg,1,0.9878099253228269
690 (4).jpg,1,0.9924827669340273
690 (5).jpg,1,0.985725701660451
690 (6).jpg,1,0.9924233382440879
690 (7).jpg,1,0.991020487618082
690 (8).jpg,1,0.9911487035812946
690 (9).jpg,1,0.991534362421579
690.jpg,1,0.9890641295094066
691 (10).jpg,1,0.9897635182240442
691 (2).jpg,1,0.9893546960112107
691 (3).jpg,1,0.9887910030366929
691 (4).jpg,1,0.9925575349831162
691 (5).jpg,1,0.9921913354057463
691 (6).jpg,1,0.9788721360130358
691 (7).jpg,1,0.9923990482154375
691 (8).jpg,1,0.9579505090498407
691 (9).jpg,1,0.9893495120721315
691.jpg,1,0.991670016534392
692 (10).jpg,1,0.9921005851635039
692 (2).jpg,1,0.9907563395748387
692 (3).jpg,1,0.988425437322873
692 (4).jpg,1,0.9919331943119143
692 (5).jpg,1,0.9921537498691843
692 (6).jpg,1,0.9919063945813011
692 (7).jpg,1,0.9924576762960872
692 (8).jpg,1,0.9788285699743188
692 (9).jpg,1,0.9920608979342961
692.jpg,1,0.9921431120368353
693 (10).jpg,1,0.9850163783402435
693 (2).jpg,1,0.9922369362252752
693 (3).jpg,1,0.9708826373328779
693 (4).jpg,1,0.9918976561160235
693 (5).jpg,1,0.9868772913359039
693 (6).jpg,1,0.9849543275238384
693 (7).jpg,1,0.9926077379302148
693 (8).jpg,1,0.9920759471701006
693 (9).jpg,1,0.9911967532530642
693.jpg,1,0.9920213148696881
694 (10).jpg,1,0.9856317267966729
694 (2).jpg,1,0.9923249665143743
694 (3).jpg,1,0.9819725250298511
694 (4).jpg,1,0.9911378595039373
694 (5).jpg,1,0.9920375784532399
694 (6).jpg,1,0.9684726402138379
694 (7).jpg,1,0.9848764033442764
694 (8).jpg,1,0.9902313813117692
694 (9).jpg,1,0.9889341766747616
694.jpg,1,0.9894496166999287
695 (10).jpg,1,0.9870469902301999
695 (2).jpg,1,0.9923494587863472
695 (3).jpg,1,0.9921318915250721
695 (4).jpg,1,0.9924209879840901
695 (5).jpg,1,0.9904423490395967
695 (6).jpg,1,0.9915350581590738
695 (7).jpg,1,0.9909050055493385
695 (8).jpg,1,0.9895971484234529
695 (9).jpg,1,0.9915072889895796
695.jpg,1,0.9912062351958772
696 (10).jpg,1,0.9914037401468357
696 (2).jpg,1,0.9921820182892668
696 (3).jpg,1,0.9903379814928923
696 (4).jpg,1,0.992449176324341
696 (5).jpg,1,0.9894188582548905
696 (6).jpg,1,0.992065681990354
696 (7).jpg,1,0.9922125097064871
696 (8).jpg,1,0.987845332634719
696 (9).jpg,1,0.9914758895487867
696.jpg,1,0.9909603971015438
697 (10).jpg,1,0.9924907700988144
697 (2).jpg,1,0.9913616728399919
697 (3).jpg,1,0.9903229322660326
697 (4).jpg,1,0.988911856304924
697 (5).jpg,1,0.9227798180507865
697 (6).jpg,1,0.9906493938923023
697 (7).jpg,1,0.9925428508015051
697 (8).jpg,1,0.9748061370768281
697 (9).jpg,1,0.9682285152124038
697.jpg,1,0.991350487769871
698 (10).jpg,1,0.9910947148842678
698 (2).jpg,1,0.9924284188159299
698 (3).jpg,1,0.9913339914676014
698 (4).jpg,1,0.9921960982452073
698 (5).jpg,1,0.9915589187812986
698 (6).jpg,1,0.9919118690506897
698 (7).jpg,1,0.9921146032479166
698 (8).jpg,1,0.9923666040990338
698 (9).jpg,1,0.9921119109163155
698.jpg,1,0.6086294935902155
699 (10).jpg,1,0.9888752533334806
699 (2).jpg,1,0.9914306102010697
699 (3).jpg,1,0.9915310454891182
699 (4).jpg,1,0.9923727433686095
699 (5).jpg,1,0.9878145737436634
699 (6).jpg,1,0.9918167909183246
699 (7).jpg,1,0.9926227448279138
699 (8).jpg,1,0.9223308193173406
699 (9).jpg,1,0.9888602957419003
699.jpg,1,0.9780695542256443
7 (10).jpg,1,0.9908806011961706
7 (2).jpg,1,0.9917167001857005
7 (3).jpg,1,0.9810689680540379
7 (4).jpg,1,0.9919003587416029
7 (5).jpg,1,0.9923794919221888
7 (6).jpg,1,0.9924766052324803
7 (7).jpg,1,0.9925614502507101
7 (8).jpg,1,0.9910011195987614
7 (9).jpg,1,0.8701424161968462
7.jpg,1,0.9895076748039197
70 (10).jpg,1,0.99226337882006
70 (2).jpg,1,0.9903669243632527
70 (3).jpg,1,0.9904844108277722
70 (4).jpg,0,0.1517780383151045
70 (5).jpg,1,0.9919831741188948
70 (6).jpg,1,0.9905024086258362
70 (7).jpg,1,0.9925448255373344
70 (8).jpg,1,0.944868423332315
70 (9).jpg,1,0.9904071009710299
70.jpg,1,0.9912400713835059
700 (10).jpg,1,0.9867143767411806
700 (2).jpg,1,0.9917805752729942
700 (3).jpg,1,0.988615628636646
700 (4).jpg,1,0.9923761126099023
700 (5).jpg,1,0.9923799190686123
700 (6).jpg,1,0.9925002745342202
700 (7).jpg,1,0.9925666333834522
700 (8).jpg,1,0.9874323213143896
700 (9).jpg,1,0.9724525788027899
700.jpg,1,0.9909001844041136
701 (10).jpg,1,0.9852275069507823
701 (2).jpg,1,0.9819831831569035
701 (3).jpg,1,0.9909552207901876
701 (4).jpg,0,0.20238677992430756
701 (5).jpg,1,0.9922799998978235
701 (6).jpg,1,0.9902439089380273
701 (7).jpg,1,0.9915791245512212
701 (8).jpg,1,0.9914510675159035
701 (9).jpg,1,0.9818714019867121
701.jpg,1,0.9376438816109796
702 (10).jpg,1,0.9914816945653366
702 (2).jpg,1,0.992161117037882
702 (3).jpg,1,0.991780561487648
702 (4).jpg,1,0.9863407769778618
702 (5).jpg,1,0.9912428997059193
702 (6).jpg,1,0.9918722282619941
702 (7).jpg,1,0.9926134991040654
702 (8).jpg,1,0.9889658576193783
702 (9).jpg,1,0.9826093406582268
702.jpg,1,0.9921572683397265
703 (10).jpg,1,0.8887336192080403
703 (2).jpg,1,0.9914465958212885
703 (3).jpg,1,0.988689680428421
703 (4).jpg,1,0.9925927729082002
703 (5).jpg,1,0.9925829484704727
703 (6).jpg,1,0.992314792574134
703 (7).jpg,1,0.7212824183818097
703 (8).jpg,1,0.9875080994822742
703 (9).jpg,1,0.9764699639606581
703.jpg,1,0.9844353341765218
704 (10).jpg,0,0.31787925318743326
704 (2).jpg,1,0.9923006640085339
704 (3).jpg,1,0.9887085843702473
704 (4).jpg,1,0.9782305446410465
704 (5).jpg,1,0.9921612819709208
704 (6).jpg,1,0.9828820059594816
704 (7).jpg,1,0.9925762130187031
704 (8).jpg,1,0.9923081344763334
704 (9).jpg,1,0.9919601497617223
704.jpg,1,0.9921158334237146
705 (10).jpg,1,0.9913232886842083
705 (2).jpg,1,0.9922237514604932
705 (3).jpg,1,0.9898442640576193
705 (4).jpg,1,0.991076393227974
705 (5).jpg,1,0.9914857871879812
705 (6).jpg,1,0.9920946399962617
705 (7).jpg,1,0.9921096585144746
705 (8).jpg,1,0.989201094938166
705 (9).jpg,1,0.9916378084644782
705.jpg,1,0.992074146533552
706 (10).jpg,1,0.9917852595772326
706 (2).jpg,1,0.9918076082476465
706 (3).jpg,1,0.9880186263626961
706 (4).jpg,1,0.9921249208962937
706 (5).jpg,1,0.992378069094165
706 (6).jpg,1,0.9889357755315268
706 (7).jpg,1,0.9911500111528996
706 (8).jpg,1,0.9925497344477958
706 (9).jpg,1,0.992148975599074
706.jpg,1,0.9918419596368193
707 (10).jpg,1,0.9813116635454336
707 (2).jpg,1,0.9896521472359572
707 (3).jpg,1,0.8559463637272187
707 (4).jpg,1,0.9925212604138556
707 (5).jpg,1,0.9926165228866729
707 (6).jpg,1,0.9746626744369731
707 (7).jpg,1,0.9924463804792163
707 (8).jpg,1,0.9915578742625112
707 (9).jpg,1,0.9787438839174715
707.jpg,1,0.9923084377339203
708 (10).jpg,1,0.9914820102306949
708 (2).jpg,1,0.9900654123554811
708 (3).jpg,1,0.9912566663896714
708 (4).jpg,1,0.9912565368219075
708 (5).jpg,1,0.9920233199486218
708 (6).jpg,1,0.9906461872572995
708 (7).jpg,1,0.9925415942405263
708 (8).jpg,1,0.9925046980840231
708 (9).jpg,1,0.9718253094340265
708.jpg,1,0.9921919242749568
709 (10).jpg,1,0.9910894964766472
709 (2).jpg,1,0.9923437751322697
709 (3).jpg,1,0.99209334037945
709 (4).jpg,0,0.008589587215775995
709 (5).jpg,1,0.9921729182397001
709 (6).jpg,1,0.9923478420509229
709 (7).jpg,1,0.9926243722678365
709 (8).jpg,1,0.9920223291179697
709 (9).jpg,1,0.9859603690726763
709.jpg,1,0.9883742998649068
71 (10).jpg,1,0.9810560885730648
71 (2).jpg,1,0.9923279648022895
71 (3).jpg,1,0.9906158714930978
71 (4).jpg,1,0.9856943738720639
71 (5).jpg,1,0.9920212977678325
71 (6).jpg,1,0.987723865500589
71 (7).jpg,1,0.9921052219865881
71 (8).jpg,1,0.9915407934622446
71 (9).jpg,1,0.9905531108881159
71.jpg,1,0.9910043208365166
710 (10).jpg,1,0.9919609152158269
710 (2).jpg,1,0.9893762414441136
710 (3).jpg,1,0.9912394322879979
710 (4).jpg,1,0.9924450755747363
710 (5).jpg,1,0.9924471595828656
710 (6).jpg,1,0.9900971123451059
710 (7).jpg,1,0.9925828621162248
710 (8).jpg,1,0.9925779891126563
710 (9).jpg,1,0.9904484706939422
710.jpg,1,0.990373198555348
711 (10).jpg,1,0.9906370797782299
711 (2).jpg,1,0.9749131509680579
711 (3).jpg,1,0.9910646248415057
711 (4).jpg,1,0.9874909315427784
711 (5).jpg,1,0.9924549911383475
711 (6).jpg,1,0.9905193797135877
711 (7).jpg,1,0.992282097523409
711 (8).jpg,1,0.9923633539256942
711 (9).jpg,1,0.9888162274913551
711.jpg,1,0.9890757572205626
712 (10).jpg,1,0.9914389368900082
712 (2).jpg,1,0.9914276160655028
712 (3).jpg,1,0.9713236858407357
712 (4).jpg,1,0.9868226792505626
712 (5).jpg,1,0.9920674278696598
712 (6).jpg,1,0.9924887943069391
712 (7).jpg,1,0.9882257386265461
712 (8).jpg,1,0.992216130705561
712 (9).jpg,1,0.9795711508175861
712.jpg,1,0.9914529040683747
713 (10).jpg,1,0.9792609557657673
713 (2).jpg,1,0.9892093922655137
713 (3).jpg,1,0.9911179912405533
713 (4).jpg,1,0.9921130502428703
713 (5).jpg,1,0.9909964962424588
713 (6).jpg,1,0.9906012450350971
713 (7).jpg,1,0.9925789918346958
713 (8).jpg,1,0.9894992938505964
713 (9).jpg,1,0.9766367676316705
713.jpg,1,0.9913190692957082
714 (10).jpg,1,0.980158240886493
714 (2).jpg,1,0.9850722687504764
714 (3).jpg,1,0.9897154200580754
714 (4).jpg,1,0.9922651452163608
714 (5).jpg,1,0.9920165548887169
714 (6).jpg,1,0.9925313331671245
714 (7).jpg,1,0.9890613376651537
714 (8).jpg,1,0.9885753916885451
714 (9).jpg,1,0.9873326228984962
714.jpg,1,0.9900742356126047
715 (10).jpg,1,0.9698244032203706
715 (2).jpg,1,0.9914352127320695
715 (3).jpg,1,0.5175540806606759
715 (4).jpg,1,0.9887970535493164
715 (5).jpg,1,0.9925027664365733
715 (6).jpg,1,0.9910183209186627
715 (7).jpg,1,0.9901885134072366
715 (8).jpg,1,0.9922514869917882
715 (9).jpg,1,0.9842615469102359
715.jpg,1,0.9692693921329629
716 (10).jpg,1,0.9730001386492583
716 (2).jpg,1,0.9911590494543249
716 (3).jpg,1,0.9917106537935599
716 (4).jpg,1,0.9925445399389088
716 (5).jpg,1,0.9890167129084344
716 (6).jpg,1,0.9918430014293707
716 (7).jpg,1,0.9890956039563715
716 (8).jpg,1,0.9922446822379954
716 (9).jpg,1,0.9905642279692914
716.jpg,1,0.9908647965653817
717 (10).jpg,1,0.9914412239993541
717 (2).jpg,1,0.9916425825319651
717 (3).jpg,1,0.9765145719803808
717 (4).jpg,1,0.989215646179364
717 (5).jpg,1,0.9916599662508635
717 (6).jpg,1,0.9894781748568892
717 (7).jpg,1,0.9903395482877598
717 (8).jpg,1,0.9908967817855249
717 (9).jpg,1,0.9762421397870401
717.jpg,1,0.9904518388281148
718 (10).jpg,1,0.9921129161796584
718 (2).jpg,1,0.9887209690489427
718 (3).jpg,1,0.9904964193475304
718 (4).jpg,1,0.9923677178414219
718 (5).jpg,1,0.9908943557277952
718 (6).jpg,1,0.9921990793767208
718 (7).jpg,1,0.9926038458162493
718 (8).jpg,1,0.8863971090600382
718 (9).jpg,1,0.9906762932320357
718.jpg,1,0.9901907112046882
719 (10).jpg,1,0.7782186028444874
719 (2).jpg,1,0.9913428596945112
719 (3).jpg,1,0.9850418278052806
719 (4).jpg,1,0.9917972491721572
719 (5).jpg,1,0.961024371680329
719 (6).jpg,1,0.9879176203227809
719 (7).jpg,1,0.9923793102216476
719 (8).jpg,1,0.9919236710767659
719 (9).jpg,1,0.9888152930417623
719.jpg,1,0.9907199484911413
72 (10).jpg,1,0.9909711975890892
72 (2).jpg,1,0.9890606465444274
72 (3).jpg,1,0.9897598047616722
72 (4).jpg,1,0.9911764693571532
72 (5).jpg,1,0.9915893514118028
72 (6).jpg,1,0.9920557562399902
72 (7).jpg,1,0.9922288308787108
72 (8).jpg,1,0.9906946491889514
72 (9).jpg,1,0.9911636220526289
72.jpg,1,0.9744066769791024
720 (10).jpg,1,0.983733649690832
720 (2).jpg,1,0.9918816556798912
720 (3).jpg,1,0.9911177191543717
720 (4).jpg,1,0.9847702932020577
720 (5).jpg,1,0.9888281180298226
720 (6).jpg,1,0.9910086593621407
720 (7).jpg,1,0.9926252039793635
720 (8).jpg,1,0.9912304362424871
720 (9).jpg,1,0.9913545432726796
720.jpg,1,0.9918051012403509
721 (10).jpg,1,0.9835936417174607
721 (2).jpg,1,0.988446447085324
721 (3).jpg,1,0.9780464968145928
721 (4).jpg,1,0.9925637377374653
721 (5).jpg,1,0.9915078673530937
721 (6).jpg,1,0.9921207150262034
721 (7).jpg,1,0.9923167524270339
721 (8).jpg,1,0.9902117878637564
721 (9).jpg,1,0.9900742124396555
721.jpg,1,0.9895994779629961
722 (10).jpg,1,0.9811304262771057
722 (2).jpg,1,0.9905636116056569
722 (3).jpg,0,0.06626140788624843
722 (4).jpg,1,0.9873186226542934
722 (5).jpg,1,0.9907685926874299
722 (6).jpg,1,0.9921000270375435
722 (7).jpg,1,0.9926197275238041
722 (8).jpg,1,0.9924021440885668
722 (9).jpg,1,0.9907164359698274
722.jpg,1,0.9922700929012453
723 (10).jpg,1,0.9902931063779669
723 (2).jpg,1,0.9924615646605703
723 (3).jpg,1,0.9876233701925593
723 (4).jpg,1,0.9881625160269385
723 (5).jpg,1,0.9904524376210971
723 (6).jpg,1,0.9925210574899529
723 (7).jpg,1,0.9925908480231174
723 (8).jpg,1,0.9922309948215882
723 (9).jpg,1,0.9699180725718971
723.jpg,1,0.9660711459997499
724 (10).jpg,1,0.9911450300592319
724 (2).jpg,1,0.9903233203082186
724 (3).jpg,1,0.9767038003010113
724 (4).jpg,1,0.992552147934569
724 (5).jpg,1,0.9911315638161317
724 (6).jpg,1,0.99182783598675
724 (7).jpg,1,0.9925816720556463
724 (8).jpg,1,0.9920637147855638
724 (9).jpg,1,0.639139217126035
724.jpg,1,0.9922080350479936
725 (10).jpg,1,0.991598304050346
725 (2).jpg,0,0.1942865204727942
725 (3).jpg,1,0.9874662622868206
725 (4).jpg,1,0.9924686980569096
725 (5).jpg,1,0.9924651418255362
725 (6).jpg,1,0.9914136578677144
725 (7).jpg,1,0.9925398588914174
725 (8).jpg,1,0.98456579479866
725 (9).jpg,1,0.9912986597344721
725.jpg,1,0.9903577138271042
726 (10).jpg,1,0.989411202619147
726 (2).jpg,1,0.9909377328002985
726 (3).jpg,1,0.9900366089184204
726 (4).jpg,1,0.9920534662602811
726 (5).jpg,1,0.9915646097712367
726 (6).jpg,1,0.9919616350886598
726 (7).jpg,1,0.9926210590795657
726 (8).jpg,1,0.9920892725515258
726 (9).jpg,1,0.9881894718276505
726.jpg,1,0.9904348556063921
727 (10).jpg,1,0.9911568608574303
727 (2).jpg,1,0.988673651540646
727 (3).jpg,1,0.9908263465176775
727 (4).jpg,1,0.9921566171234669
727 (5).jpg,1,0.9897947122413685
727 (6).jpg,1,0.989696747113919
727 (7).jpg,1,0.9919165086524024
727 (8).jpg,1,0.9905434139329251
727 (9).jpg,1,0.9898599823644353
727.jpg,1,0.9920611897279157
728 (10).jpg,1,0.9768297158726886
728 (2).jpg,1,0.992219266713239
728 (3).jpg,1,0.9852423260764096
728 (4).jpg,1,0.9859847648143154
728 (5).jpg,1,0.9916585820854409
728 (6).jpg,1,0.9846767592645398
728 (7).jpg,1,0.9920038227309037
728 (8).jpg,1,0.9925663729772765
728 (9).jpg,1,0.9694246998641595
728.jpg,1,0.9917157856666372
729 (10).jpg,1,0.9902532847495783
729 (2).jpg,1,0.9906703651241398
729 (3).jpg,1,0.9910770288970798
729 (4).jpg,1,0.9923708525593341
729 (5).jpg,1,0.9875612981881539
729 (6).jpg,1,0.9917899730038409
729 (7).jpg,1,0.9925852264867807
729 (8).jpg,1,0.9875433189349054
729 (9).jpg,1,0.9869765380235412
729.jpg,1,0.9855179879774574
73 (10).jpg,1,0.9874984340304507
73 (2).jpg,1,0.9915986287626771
73 (3).jpg,1,0.9897570252362782
73 (4).jpg,1,0.9770079075073965
73 (5).jpg,1,0.9920830310558979
73 (6).jpg,1,0.9916190105443458
73 (7).jpg,1,0.9916505517354884
73 (8).jpg,0,0.1556562492226965
73 (9).jpg,1,0.9916814921550648
73.jpg,1,0.9832702314956374
730 (10).jpg,1,0.9865672667296158
730 (2).jpg,0,0.14449610489279424
730 (3).jpg,1,0.9773580266527574
730 (4).jpg,1,0.992447508019675
730 (5).jpg,1,0.9924479769285216
730 (6).jpg,1,0.9923246184228417
730 (7).jpg,1,0.9920747961983801
730 (8).jpg,1,0.991609150525468
730 (9).jpg,1,0.9474938219300688
730.jpg,1,0.9922859596405555
731 (10).jpg,1,0.985977404483619
731 (2).jpg,1,0.9856465053898457
731 (3).jpg,1,0.9151332631060897
731 (4).jpg,1,0.992010694804589
731 (5).jpg,1,0.9924850430831863
731 (6).jpg,1,0.9869593923120042
731 (7).jpg,1,0.9898182364306761
731 (8).jpg,1,0.9924059217880474
731 (9).jpg,1,0.9917553920473205
731.jpg,1,0.9891069709856896
732 (10).jpg,1,0.9842318556465572
732 (2).jpg,1,0.9922373536369893
732 (3).jpg,1,0.989335335307564
732 (4).jpg,1,0.9843568219934458
732 (5).jpg,1,0.9915901564187216
732 (6).jpg,1,0.9901851404860958
732 (7).jpg,1,0.992491205476162
732 (8).jpg,1,0.9920245959157987
732 (9).jpg,1,0.9900804157604314
732.jpg,1,0.989281072725686
733 (10).jpg,1,0.9920990183849412
733 (2).jpg,1,0.9886793839849326
733 (3).jpg,1,0.9897189756708058
733 (4).jpg,1,0.9795352381533665
733 (5).jpg,1,0.9923424118554889
733 (6).jpg,1,0.9899204821573413
733 (7).jpg,1,0.9924567221694713
733 (8).jpg,1,0.9511416715867449
733 (9).jpg,1,0.9687366217508899
733.jpg,1,0.990257486531298
734 (10).jpg,1,0.9881241703959319
734 (2).jpg,1,0.9920612699971081
734 (3).jpg,1,0.9812333685647914
734 (4).jpg,1,0.9896761380245148
734 (5).jpg,1,0.9664535987414551
734 (6).jpg,1,0.9923642589078532
734 (7).jpg,1,0.992620099326002
734 (8).jpg,1,0.9921274377851976
734 (9).jpg,1,0.9921769098082384
734.jpg,1,0.9888785347988663
735 (10).jpg,1,0.9917918930150833
735 (2).jpg,1,0.9911781763522742
735 (3).jpg,1,0.992036719462689
735 (4).jpg,1,0.9923797488879048
735 (5).jpg,1,0.9892323860610652
735 (6).jpg,1,0.9911253418330649
735 (7).jpg,1,0.9926064942254459
735 (8).jpg,1,0.9920422160762659
735 (9).jpg,1,0.9569842823499264
735.jpg,1,0.9925017065072725
736 (10).jpg,1,0.9921312500941357
736 (2).jpg,1,0.9914810385659143
736 (3).jpg,1,0.990935883779752
736 (4).jpg,1,0.9909061520854213
736 (5).jpg,1,0.9924868490447093
736 (6).jpg,1,0.9906342889485095
736 (7).jpg,1,0.9925479677839966
736 (8).jpg,1,0.984434074526857
736 (9).jpg,1,0.9922422841641909
736.jpg,0,0.3490419504287219
737 (10).jpg,1,0.9911567694171438
737 (2).jpg,1,0.9919365759381648
737 (3).jpg,1,0.9911763660083798
737 (4).jpg,1,0.5624990341250949
737 (5).jpg,1,0.9857868380997227
737 (6).jpg,1,0.9597995216578207
737 (7).jpg,1,0.9925526433959406
737 (8).jpg,1,0.9922257752094976
737 (9).jpg,1,0.9899817947646875
737.jpg,1,0.9844428436996905
738 (10).jpg,1,0.9856923995460379
738 (2).jpg,1,0.9921777507570269
738 (3).jpg,1,0.9089471299715728
738 (4).jpg,1,0.9674390281526187
738 (5).jpg,1,0.9826097212816163
738 (6).jpg,1,0.9917942366716428
738 (7).jpg,1,0.9925903465563203
738 (8).jpg,1,0.9867200419698234
738 (9).jpg,1,0.9909591185453929
738.jpg,1,0.9917915492689768
739 (10).jpg,1,0.9910932751131363
739 (2).jpg,1,0.9920939318655
739 (3).jpg,1,0.9780949784825438
739 (4).jpg,1,0.9917381027689492
739 (5).jpg,1,0.9924580941254108
739 (6).jpg,1,0.978774426654667
739 (7).jpg,1,0.9922420921279234
739 (8).jpg,1,0.988613970285063
739 (9).jpg,1,0.9897690353314275
739.jpg,1,0.9894147360083817
74 (10).jpg,1,0.9913036434969916
74 (2).jpg,1,0.9911554760020062
74 (3).jpg,1,0.9876766905093293
74 (4).jpg,1,0.9926054572141467
74 (5).jpg,1,0.9925457236001951
74 (6).jpg,1,0.9917777656664534
74 (7).jpg,1,0.9917426269636233
74 (8).jpg,1,0.9919847753538228
74 (9).jpg,1,0.9918434684516831
74.jpg,1,0.9845455113055616
740 (10).jpg,1,0.9911263253716898
740 (2).jpg,1,0.9909303255275205
740 (3).jpg,1,0.9909226464920021
740 (4).jpg,1,0.992244676222869
740 (5).jpg,1,0.9851754479639117
740 (6).jpg,1,0.9917433798532247
740 (7).jpg,1,0.9922943283802854
740 (8).jpg,1,0.9880188831009373
740 (9).jpg,1,0.989778456484845
740.jpg,1,0.9876307815310826
741 (10).jpg,1,0.6959912885441455
741 (2).jpg,1,0.9923743670836305
741 (3).jpg,1,0.9909597969814707
741 (4).jpg,1,0.9918513225167722
741 (5).jpg,1,0.9919960363465987
741 (6).jpg,1,0.9923631281824377
741 (7).jpg,1,0.9925206871782781
741 (8).jpg,1,0.9923318993942597
741 (9).jpg,1,0.9920126505334234
741.jpg,1,0.9908289594981476
742 (10).jpg,1,0.9912607656232264
742 (2).jpg,1,0.9921436511824185
742 (3).jpg,1,0.9911634130081796
742 (4).jpg,1,0.9924424594480091
742 (5).jpg,1,0.992330463986324
742 (6).jpg,1,0.9919504530111699
742 (7).jpg,1,0.9924080066735884
742 (8).jpg,1,0.9923603559258858
742 (9).jpg,1,0.9916823287763434
742.jpg,1,0.9909083539133579
743 (10).jpg,1,0.9915659379938848
743 (2).jpg,1,0.9915431003454919
743 (3).jpg,1,0.8399491585043697
743 (4).jpg,1,0.9898138453426021
743 (5).jpg,1,0.9919287372792057
743 (6).jpg,1,0.9894629247089508
743 (7).jpg,1,0.9920094476385489
743 (8).jpg,1,0.9788307331769911
743 (9).jpg,1,0.9919977263156545
743.jpg,1,0.9914187811868628
744 (10).jpg,1,0.9910422521202561
744 (2).jpg,1,0.8104060994426612
744 (3).jpg,1,0.9120686133146226
744 (4).jpg,1,0.9923547475499396
744 (5).jpg,1,0.9923128958395505
744 (6).jpg,1,0.9883567116104868
744 (7).jpg,1,0.9922921432240368
744 (8).jpg,1,0.9890800075293673
744 (9).jpg,1,0.9908535051013112
744.jpg,1,0.9784658591330246
745 (10).jpg,1,0.9738606346320415
745 (2).jpg,1,0.9920131280944854
745 (3).jpg,1,0.9923478056897616
745 (4).jpg,1,0.9923104566737272
745 (5).jpg,1,0.9920841188095997
745 (6).jpg,1,0.9922220381135766
745 (7).jpg,1,0.991806596557035
745 (8).jpg,1,0.9880146740259225
745 (9).jpg,1,0.9802172522149833
745.jpg,1,0.7437797721478648
746 (10).jpg,1,0.9881525046409582
746 (2).jpg,1,0.992202461955687
746 (3).jpg,0,0.03225921020942491
746 (4).jpg,1,0.9914767886518382
746 (5).jpg,0,0.10480000794950285
746 (6).jpg,1,0.9901468098129684
746 (7).jpg,1,0.9924605351073329
746 (8).jpg,1,0.9924703391287476
746 (9).jpg,1,0.9916855499794222
746.jpg,1,0.9850245216681808
747 (10).jpg,1,0.9920133588577096
747 (2).jpg,1,0.9922318296551124
747 (3).jpg,1,0.988064873326896
747 (4).jpg,1,0.9923827205342528
747 (5).jpg,1,0.9921443809238766
747 (6).jpg,1,0.9896644363156163
747 (7).jpg,1,0.9924885682693549
747 (8).jpg,1,0.9886843325378294
747 (9).jpg,1,0.9842632509455892
747.jpg,1,0.9918832973371121
748 (10).jpg,1,0.9889843787350661
748 (2).jpg,1,0.9896473027664793
748 (3).jpg,1,0.991104271253717
748 (4).jpg,1,0.9923806723593668
748 (5).jpg,1,0.9862149129571659
748 (6).jpg,1,0.990560950457818
748 (7).jpg,1,0.9924263121741025
748 (8).jpg,1,0.9917744471927836
748 (9).jpg,1,0.991003402631894
748.jpg,1,0.9917685689492801
749 (10).jpg,1,0.9917992383599756
749 (2).jpg,1,0.9533392616456406
749 (3).jpg,1,0.9901232620273739
749 (4).jpg,1,0.9537545658089835
749 (5).jpg,1,0.9786783019521519
749 (6).jpg,1,0.9899212347868793
749 (7).jpg,1,0.9925262476619934
749 (8).jpg,1,0.9910132939741625
749 (9).jpg,1,0.9893748770142758
749.jpg,1,0.9916591178834132
75 (10).jpg,1,0.9186645867419874
75 (2).jpg,1,0.9916343535613813
75 (3).jpg,1,0.9767924526899359
75 (4).jpg,1,0.9240957028181593
75 (5).jpg,1,0.9917634211163947
75 (6).jpg,1,0.9924836919000766
75 (7).jpg,1,0.9921347986769072
75 (8).jpg,1,0.9914361050121712
75 (9).jpg,1,0.9868160596500368
75.jpg,0,0.15067874151146737
750 (10).jpg,1,0.9913791908084482
750 (2).jpg,1,0.9924412599612328
750 (3).jpg,1,0.9915266599818463
750 (4).jpg,1,0.9918241740593793
750 (5).jpg,1,0.9924074427081226
750 (6).jpg,1,0.9924880252326902
750 (7).jpg,1,0.9916496576374534
750 (8).jpg,1,0.9922014583512975
750 (9).jpg,1,0.9866411018297951
750.jpg,1,0.9899867068041333
751 (10).jpg,1,0.9836867388083401
751 (2).jpg,1,0.9895889663150935
751 (3).jpg,1,0.9899394049437076
751 (4).jpg,1,0.9925507268782502
751 (5).jpg,1,0.9916021865241694
751 (6).jpg,1,0.9923311253475691
751 (7).jpg,1,0.9898164430511237
751 (8).jpg,1,0.9907888411923201
751 (9).jpg,1,0.9918344378195075
751.jpg,1,0.991206841921125
752 (10).jpg,1,0.9918154780303895
752 (2).jpg,1,0.9894225312782918
752 (3).jpg,1,0.9922406513999045
752 (4).jpg,1,0.9924859300637728
752 (5).jpg,1,0.9901381474789467
752 (6).jpg,1,0.9922449921676745
752 (7).jpg,1,0.9925322578921584
752 (8).jpg,1,0.9924321408489335
752 (9).jpg,1,0.9897438862849732
752.jpg,1,0.990959725288663
753 (10).jpg,1,0.9816168861866684
753 (2).jpg,1,0.992230585365452
753 (3).jpg,1,0.9850736793487036
753 (4).jpg,1,0.9910600115543012
753 (5).jpg,1,0.9919709128923135
753 (6).jpg,1,0.991967450077869
753 (7).jpg,1,0.992629561334543
753 (8).jpg,1,0.9924586416719163
753 (9).jpg,1,0.5494315058960244
753.jpg,1,0.9910914946673158
754 (10).jpg,1,0.9906476882344791
754 (2).jpg,1,0.9925349823383399
754 (3).jpg,1,0.6537247284231749
754 (4).jpg,0,0.052139028064613215
754 (5).jpg,1,0.9913352581967989
754 (6).jpg,1,0.992115255408961
754 (7).jpg,1,0.9924385482792527
754 (8).jpg,1,0.9911682103024761
754 (9).jpg,1,0.9912898526515035
754.jpg,1,0.9911305145818942
755 (10).jpg,0,0.2194540530432461
755 (2).jpg,1,0.9908589653517547
755 (3).jpg,1,0.9916797682175961
755 (4).jpg,1,0.9919067578984612
755 (5).jpg,1,0.9924093144757365
755 (6).jpg,1,0.9925640546016442
755 (7).jpg,1,0.9920860456803973
755 (8).jpg,1,0.9912236669807313
755 (9).jpg,1,0.914356439796416
755.jpg,1,0.991157519408933
756 (10).jpg,1,0.9762242573569149
756 (2).jpg,1,0.9905590754570657
756 (3).jpg,1,0.991845045565373
756 (4).jpg,1,0.9887192231285317
756 (5).jpg,1,0.9893902651129735
756 (6).jpg,1,0.9890223286904335
756 (7).jpg,1,0.6322592167036243
756 (8).jpg,1,0.9904022048251728
756 (9).jpg,1,0.9880128261496504
756.jpg,1,0.9904309546592842
757 (10).jpg,1,0.9913580215793737
757 (2).jpg,1,0.9919695084213987
757 (3).jpg,1,0.9011252090039078
757 (4).jpg,1,0.9903511187711069
757 (5).jpg,1,0.99248885496925
757 (6).jpg,1,0.9925039241957705
757 (7).jpg,1,0.9925212653009776
757 (8).jpg,1,0.992046809852117
757 (9).jpg,1,0.8426938369366825
757.jpg,1,0.9915964291855566
758 (10).jpg,1,0.9921763724129425
758 (2).jpg,1,0.9918592026304252
758 (3).jpg,1,0.9909519756108377
758 (4).jpg,1,0.9919147617878917
758 (5).jpg,1,0.9912144089086532
758 (6).jpg,1,0.9918283124400029
758 (7).jpg,1,0.9926005820214989
758 (8).jpg,1,0.991798849611599
758 (9).jpg,0,0.01239194105788547
758.jpg,1,0.9920910621589345
759 (10).jpg,1,0.9885257277013396
759 (2).jpg,1,0.9873559974267649
759 (3).jpg,1,0.9407650901226265
759 (4).jpg,1,0.9906345959249495
759 (5).jpg,1,0.9892029137109752
759 (6).jpg,1,0.9924025525422844
759 (7).jpg,1,0.9925543612443841
759 (8).jpg,1,0.9914279396484903
759 (9).jpg,1,0.9841764986988149
759.jpg,1,0.988943097697411
76 (10).jpg,1,0.9912837374416167
76 (2).jpg,1,0.8405573107180572
76 (3).jpg,1,0.8171358676579334
76 (4).jpg,1,0.9721908425554752
76 (5).jpg,1,0.99238890490811
76 (6).jpg,1,0.9924676753696878
76 (7).jpg,1,0.9911856598338474
76 (8).jpg,1,0.992293782429065
76 (9).jpg,1,0.9922165983325122
76.jpg,1,0.9903666906990543
760 (10).jpg,1,0.9873901913467285
760 (2).jpg,1,0.9915564346679527
760 (3).jpg,1,0.9869712289721647
760 (4).jpg,1,0.9900122564862301
760 (5).jpg,1,0.9859266257862519
760 (6).jpg,1,0.9918466036237875
760 (7).jpg,1,0.9915898080870357
760 (8).jpg,1,0.9906982556074845
760 (9).jpg,1,0.988624318716315
760.jpg,1,0.9915888577492141
761 (10).jpg,1,0.9910892518767408
761 (2).jpg,1,0.9835900342873757
761 (3).jpg,1,0.9873100002056908
761 (4).jpg,1,0.974067922977303
761 (5).jpg,1,0.9884811356267101
761 (6).jpg,1,0.9920625847478906
761 (7).jpg,1,0.9924334622938971
761 (8).jpg,1,0.9925337342938046
761 (9).jpg,1,0.9493960038086581
761.jpg,1,0.992144171172292
762 (10).jpg,1,0.9915099790798514
762 (2).jpg,1,0.9844315311669106
762 (3).jpg,1,0.9913914674272137
762 (4).jpg,1,0.9899938346544915
762 (5).jpg,1,0.992305580211311
762 (6).jpg,1,0.9921938420524352
762 (7).jpg,1,0.9925852001620845
762 (8).jpg,1,0.9885230843741077
762 (9).jpg,1,0.9807289546044999
762.jpg,1,0.98819667705573
763 (10).jpg,1,0.9919864475341997
763 (2).jpg,1,0.989450614863431
763 (3).jpg,1,0.9911084712776941
763 (4).jpg,1,0.9730315589269336
763 (5).jpg,1,0.606496361277086
763 (6).jpg,1,0.9916192843100846
763 (7).jpg,1,0.9920118105338771
763 (8).jpg,1,0.9919031869666082
763 (9).jpg,1,0.9911779045928418
763.jpg,1,0.9803852172183437
764 (10).jpg,1,0.9888955592080969
764 (2).jpg,1,0.9917734812698212
764 (3).jpg,1,0.9494012110155451
764 (4).jpg,1,0.9915373639186498
764 (5).jpg,1,0.9922054927600225
764 (6).jpg,1,0.9904096100339136
764 (7).jpg,1,0.9794793172100665
764 (8).jpg,1,0.991909171796375
764 (9).jpg,0,0.3738092904642359
764.jpg,1,0.9905384218095519
765 (10).jpg,1,0.9914698891174023
765 (2).jpg,1,0.9916347117320601
765 (3).jpg,1,0.9908440244195347
765 (4).jpg,1,0.9922652734093386
765 (5).jpg,1,0.9588778579889712
765 (6).jpg,1,0.9911517395879574
765 (7).jpg,1,0.9916474876280733
765 (8).jpg,1,0.9886064972822929
765 (9).jpg,1,0.9786569812832154
765.jpg,1,0.990793961011218
766 (10).jpg,1,0.9891457843380868
766 (2).jpg,1,0.9915800276301533
766 (3).jpg,1,0.9843174065029189
766 (4).jpg,1,0.9921267656969883
766 (5).jpg,1,0.9779586514150668
766 (6).jpg,1,0.9891413292305755
766 (7).jpg,1,0.9924972254243082
766 (8).jpg,1,0.9917051909956716
766 (9).jpg,1,0.9905702312435472
766.jpg,1,0.9880958431638509
767 (10).jpg,0,0.031090844140689015
767 (2).jpg,1,0.9920230327119445
767 (3).jpg,1,0.9884451289285136
767 (4).jpg,1,0.9860891456415176
767 (5).jpg,1,0.9912425489625646
767 (6).jpg,1,0.9914029017592388
767 (7).jpg,1,0.99258145314328
767 (8).jpg,1,0.9905971819247669
767 (9).jpg,1,0.9877325158148506
767.jpg,1,0.9886505889791223
768 (10).jpg,1,0.9845889546348251
768 (2).jpg,1,0.989192138027964
768 (3).jpg,1,0.990216819525976
768 (4).jpg,1,0.8831749087816704
768 (5).jpg,1,0.9920101363025795
768 (6).jpg,1,0.9559936418982944
768 (7).jpg,1,0.9925999209556687
768 (8).jpg,1,0.9896275011729561
768 (9).jpg,1,0.9908422858176665
768.jpg,1,0.988602732501087
769 (10).jpg,1,0.990644001159058
769 (2).jpg,1,0.9910715843124058
769 (3).jpg,1,0.9923553702938136
769 (4).jpg,1,0.9875930693647086
769 (5).jpg,1,0.9847547544988188
769 (6).jpg,1,0.9910028998302068
769 (7).jpg,1,0.992601082701887
769 (8).jpg,1,0.9905289144139799
769 (9).jpg,1,0.9871901509670892
769.jpg,1,0.9923101227399942
77 (10).jpg,1,0.9725581506882994
77 (2).jpg,1,0.9863336645903181
77 (3).jpg,1,0.9908745951660424
77 (4).jpg,1,0.992445239635079
77 (5).jpg,1,0.9915908915463816
77 (6).jpg,1,0.9888664781205125
77 (7).jpg,1,0.9926225166510647
77 (8).jpg,1,0.9919212786794269
77 (9).jpg,1,0.9916237607121711
77.jpg,1,0.9923235548328507
770 (10).jpg,1,0.9901116671540322
770 (2).jpg,1,0.9889336582983419
770 (3).jpg,1,0.9901623358900922
770 (4).jpg,1,0.9915699679664736
770 (5).jpg,1,0.9675162760944429
770 (6).jpg,1,0.9922304662929764
770 (7).jpg,1,0.9887408294591968
770 (8).jpg,1,0.9905214545220551
770 (9).jpg,1,0.9914915717264551
770.jpg,1,0.9917919119145273
771 (10).jpg,1,0.9920151179188315
771 (2).jpg,1,0.9731929418594751
771 (3).jpg,1,0.9888050701731527
771 (4).jpg,1,0.9911311350477618
771 (5).jpg,1,0.9916709342850424
771 (6).jpg,1,0.9836094557406841
771 (7).jpg,1,0.9924915811436049
771 (8).jpg,1,0.883860641269551
771 (9).jpg,1,0.9914120317152518
771.jpg,1,0.9905963965865839
772 (10).jpg,1,0.9920520974286221
772 (2).jpg,1,0.9913863669328632
772 (3).jpg,1,0.4553506853273845
772 (4).jpg,1,0.9925814881186592
772 (5).jpg,1,0.9919115992343287
772 (6).jpg,1,0.9602534313230595
772 (7).jpg,1,0.9926179966453234
772 (8).jpg,1,0.9915415998020012
772 (9).jpg,1,0.8671001987122395
772.jpg,1,0.9920818249354169
773 (10).jpg,1,0.9909753185798353
773 (2).jpg,1,0.9923462167725706
773 (3).jpg,1,0.9912034279313334
773 (4).jpg,1,0.9924956093270307
773 (5).jpg,1,0.9917551754296231
773 (6).jpg,1,0.9921438831345426
773 (7).jpg,1,0.989055670656312
773 (8).jpg,1,0.9924887200544134
773 (9).jpg,1,0.9919918506716789
773.jpg,1,0.9921936682961218
774 (10).jpg,1,0.9915763754032799
774 (2).jpg,1,0.9915253002415277
774 (3).jpg,1,0.9912792986088991
774 (4).jpg,1,0.9877359081041328
774 (5).jpg,1,0.9920194520169475
774 (6).jpg,1,0.9919013645510891
774 (7).jpg,1,0.9926118360756804
774 (8).jpg,1,0.9844282766507253
774 (9).jpg,1,0.9917959623306718
774.jpg,1,0.9898308905959734
775 (10).jpg,1,0.9921450146108222
775 (2).jpg,1,0.991466552145775
775 (3).jpg,1,0.7740708632465328
775 (4).jpg,1,0.9911852376296036
775 (5).jpg,1,0.9906619827316939
775 (6).jpg,1,0.9918079305227426
775 (7).jpg,1,0.9900548746426706
775 (8).jpg,1,0.992458115173714
775 (9).jpg,1,0.9919359832142739
775.jpg,1,0.9915971060415824
776 (10).jpg,1,0.990292711073839
776 (2).jpg,1,0.8642978261062743
776 (3).jpg,1,0.9897533834535212
776 (4).jpg,1,0.9919569034429507
776 (5).jpg,1,0.9886304718642839
776 (6).jpg,1,0.9917537218819569
776 (7).jpg,1,0.9870943825387904
776 (8).jpg,1,0.9911827812368589
776 (9).jpg,1,0.985662214866682
776.jpg,1,0.9904907929711136
777 (10).jpg,1,0.97176032247742
777 (2).jpg,1,0.9920330312713315
777 (3).jpg,1,0.9917359028554217
777 (4).jpg,1,0.9914307288162524
777 (5).jpg,1,0.9920478291463335
777 (6).jpg,1,0.9912674691217334
777 (7).jpg,1,0.9926129402622846
777 (8).jpg,1,0.9907393735586931
777 (9).jpg,1,0.9913356539112484
777.jpg,1,0.9917928165503863
778 (10).jpg,1,0.9891625895039484
778 (2).jpg,1,0.9923376379277037
778 (3).jpg,1,0.982769541541033
778 (4).jpg,1,0.9908424366258826
778 (5).jpg,1,0.99179846773523
778 (6).jpg,1,0.9903706912701823
778 (7).jpg,1,0.9923729389667798
778 (8).jpg,1,0.9912319682720465
778 (9).jpg,1,0.9879775378220751
778.jpg,1,0.9891795410264487
779 (10).jpg,1,0.990041301439644
779 (2).jpg,1,0.9921577994500268
779 (3).jpg,1,0.9869290409810599
779 (4).jpg,1,0.9920855544699904
779 (5).jpg,1,0.9920580863366152
779 (6).jpg,1,0.9917675682334851
779 (7).jpg,1,0.992282496413051
779 (8).jpg,1,0.9528081941476231
779 (9).jpg,1,0.9837185364661072
779.jpg,1,0.9771655925005144
78 (10).jpg,1,0.9918642741124131
78 (2).jpg,1,0.991444047740215
78 (3).jpg,1,0.9837142837377428
78 (4).jpg,1,0.9919690166265702
78 (5).jpg,0,0.05438071831203507
78 (6).jpg,1,0.9913253603574649
78 (7).jpg,1,0.9919742579881807
78 (8).jpg,1,0.992286246636568
78 (9).jpg,1,0.9758679753720286
78.jpg,1,0.992415353425998
780 (10).jpg,1,0.9852557295349784
780 (2).jpg,1,0.9907725137371256
780 (3).jpg,1,0.9856227241658457
780 (4).jpg,1,0.9897581864956525
780 (5).jpg,1,0.9905823217816985
780 (6).jpg,1,0.9917004802431538
780 (7).jpg,1,0.9926208822364334
780 (8).jpg,1,0.9919074531854949
780 (9).jpg,1,0.9913729380365017
780.jpg,1,0.9880443663609005
781 (10).jpg,1,0.9919859922671319
781 (2).jpg,1,0.629844611998575
781 (3).jpg,1,0.991287741077526
781 (4).jpg,1,0.9919936060901982
781 (5).jpg,1,0.9920192522550487
781 (6).jpg,1,0.9923683251524203
781 (7).jpg,1,0.9924652067335054
781 (8).jpg,1,0.9914718503109429
781 (9).jpg,1,0.9915599910226939
781.jpg,1,0.9878590251412308
782 (10).jpg,1,0.990053079889591
782 (2).jpg,1,0.9886840021197186
782 (3).jpg,1,0.989877798335412
782 (4).jpg,1,0.9914482958427752
782 (5).jpg,1,0.9916305870542975
782 (6).jpg,1,0.9924497351322094
782 (7).jpg,1,0.9925435072198243
782 (8).jpg,1,0.9893376987763366
782 (9).jpg,1,0.9923812758570237
782.jpg,1,0.9910910658882381
783 (10).jpg,1,0.9617448461076864
783 (2).jpg,1,0.9892579050278365
783 (3).jpg,1,0.9917632518954909
783 (4).jpg,1,0.9920803325162937
783 (5).jpg,1,0.9922848407465624
783 (6).jpg,1,0.9883364102997885
783 (7).jpg,1,0.9918510617219359
783 (8).jpg,1,0.9912239532738141
783 (9).jpg,1,0.9912529664174957
783.jpg,1,0.991753639971631
784 (10).jpg,1,0.9864394031472263
784 (2).jpg,1,0.9920225774523811
784 (3).jpg,1,0.9906920417717124
784 (4).jpg,1,0.9860321949676811
784 (5).jpg,1,0.9917157029636973
784 (6).jpg,1,0.9902185629372812
784 (7).jpg,1,0.9924113575285569
784 (8).jpg,1,0.9909103461257586
784 (9).jpg,1,0.9878965654726227
784.jpg,1,0.9893756220305177
785 (10).jpg,1,0.9924117221396391
785 (2).jpg,1,0.9682135161462081
785 (3).jpg,1,0.8734835770116602
785 (4).jpg,1,0.9925630507112603
785 (5).jpg,1,0.9919898565151675
785 (6).jpg,1,0.9833413661449135
785 (7).jpg,1,0.9917319845580302
785 (8).jpg,1,0.989452099691209
785 (9).jpg,1,0.9916592102970406
785.jpg,1,0.9917359304341318
786 (10).jpg,1,0.9907438534257852
786 (2).jpg,1,0.9908433787992867
786 (3).jpg,1,0.9923508365676385
786 (4).jpg,1,0.9911243506141793
786 (5).jpg,1,0.9909138627861628
786 (6).jpg,1,0.9913964600351346
786 (7).jpg,1,0.9925620917461456
786 (8).jpg,1,0.9922050765776796
786 (9).jpg,1,0.9843809461465619
786.jpg,1,0.9914648171896263
787 (10).jpg,1,0.9891308705592666
787 (2).jpg,1,0.9923435972372965
787 (3).jpg,1,0.9798206134691967
787 (4).jpg,1,0.9926006084372963
787 (5).jpg,1,0.9908052741868355
787 (6).jpg,1,0.9924410467568702
787 (7).jpg,1,0.9925452606146753
787 (8).jpg,1,0.9902044461444216
787 (9).jpg,1,0.9905515046796941
787.jpg,1,0.9348415919476191
788 (10).jpg,1,0.9747839698668919
788 (2).jpg,1,0.9918259236086033
788 (3).jpg,1,0.9805059436065751
788 (4).jpg,1,0.986432459482993
788 (5).jpg,1,0.9913248703053033
788 (6).jpg,1,0.9904862286006021
788 (7).jpg,1,0.9925867565647887
788 (8).jpg,1,0.9910221461548075
788 (9).jpg,1,0.9913090240187779
788.jpg,1,0.9911807500630604
789 (10).jpg,1,0.9869367435511237
789 (2).jpg,1,0.7850452889195323
789 (3).jpg,1,0.9830218437461126
789 (4).jpg,1,0.9916336048277417
789 (5).jpg,1,0.9833822403124645
789 (6).jpg,1,0.9905609106654427
789 (7).jpg,1,0.9920167855867683
789 (8).jpg,1,0.9921800708978558
789 (9).jpg,1,0.9874344796740526
789.jpg,1,0.990067637196398
79 (10).jpg,1,0.9865168249564225
79 (2).jpg,1,0.9716358224281688
79 (3).jpg,1,0.9861471427915263
79 (4).jpg,1,0.9919444299455029
79 (5).jpg,1,0.9922430579622079
79 (6).jpg,1,0.9912125599736836
79 (7).jpg,1,0.9925365391985408
79 (8).jpg,1,0.9902136868923699
79 (9).jpg,1,0.9892726164540646
79.jpg,1,0.9906344041798686
790 (10).jpg,1,0.991306271684255
790 (2).jpg,1,0.7601101706052072
790 (3).jpg,1,0.9890106943433082
790 (4).jpg,1,0.9921494829320727
790 (5).jpg,1,0.9923400836887647
790 (6).jpg,1,0.9916201633387745
790 (7).jpg,1,0.992281035418956
790 (8).jpg,1,0.9910522274099085
790 (9).jpg,1,0.992256025307195
790.jpg,1,0.9911313761557278
791 (10).jpg,1,0.9801224245203013
791 (2).jpg,1,0.9909065941545914
791 (3).jpg,1,0.9916596940758462
791 (4).jpg,1,0.9925145034516726
791 (5).jpg,1,0.9925466063181188
791 (6).jpg,1,0.9912336743838385
791 (7).jpg,1,0.9924317956350035
791 (8).jpg,1,0.9921783377839702
791 (9).jpg,1,0.9771826960064476
791.jpg,1,0.9905647895909295
792 (10).jpg,1,0.9891572673552357
792 (2).jpg,1,0.9835031826130349
792 (3).jpg,1,0.6549097683628747
792 (4).jpg,1,0.9923232130334086
792 (5).jpg,1,0.992299264238564
792 (6).jpg,1,0.9877806655285873
792 (7).jpg,1,0.9926070187844475
792 (8).jpg,1,0.9914481235618582
792 (9).jpg,1,0.990286310337604
792.jpg,1,0.9907080297618291
793 (10).jpg,1,0.8362397222440687
793 (2).jpg,1,0.9917088187856784
793 (3).jpg,1,0.9877143046852493
793 (4).jpg,1,0.9794913218184602
793 (5).jpg,1,0.9918265158443683
793 (6).jpg,1,0.9871352348407163
793 (7).jpg,1,0.9924966539363598
793 (8).jpg,1,0.9555815023399798
793 (9).jpg,1,0.9848522893030119
793.jpg,1,0.9886383825292798
794 (10).jpg,1,0.8625995404238873
794 (2).jpg,1,0.9918672904584858
794 (3).jpg,1,0.9899490091919465
794 (4).jpg,1,0.9919938212782229
794 (5).jpg,0,0.34744508876022895
794 (6).jpg,1,0.9923261920763139
794 (7).jpg,1,0.9924781595959893
794 (8).jpg,1,0.9924225489849287
794 (9).jpg,1,0.9829840920513776
794.jpg,1,0.9898894525726968
795 (10).jpg,1,0.9917055451107815
795 (2).jpg,1,0.9795749436797031
795 (3).jpg,1,0.9777579128031201
795 (4).jpg,1,0.9921898506836806
795 (5).jpg,1,0.9920215512467491
795 (6).jpg,1,0.992335523104711
795 (7).jpg,1,0.9923958395508048
795 (8).jpg,1,0.9910193666997588
795 (9).jpg,1,0.9924371546441593
795.jpg,1,0.9897482916348668
796 (10).jpg,1,0.9900942818533223
796 (2).jpg,1,0.9921997418166075
796 (3).jpg,1,0.6059608514501003
796 (4).jpg,1,0.9917163769595193
796 (5).jpg,1,0.9891217731145361
796 (6).jpg,1,0.9891065270925624
796 (7).jpg,1,0.9866806456789543
796 (8).jpg,1,0.9923190259211552
796 (9).jpg,1,0.9907847072905871
796.jpg,1,0.9909399680508645
797 (10).jpg,1,0.9914217141123708
797 (2).jpg,0,0.21863359509959854
797 (3).jpg,1,0.9898430746859161
797 (4).jpg,1,0.9885357489540604
797 (5).jpg,1,0.9741412478024445
797 (6).jpg,1,0.9397610128992032
797 (7).jpg,1,0.9925776297488003
797 (8).jpg,1,0.9903011018467677
797 (9).jpg,1,0.9820893777480806
797.jpg,1,0.990835502998291
798 (10).jpg,1,0.9415886947472667
798 (2).jpg,1,0.9923743459159238
798 (3).jpg,1,0.9668624367455227
798 (4).jpg,1,0.9921151127826237
798 (5).jpg,1,0.9924415235640469
798 (6).jpg,1,0.9925507409685816
798 (7).jpg,1,0.9915700518993031
798 (8).jpg,1,0.9864275637593873
798 (9).jpg,1,0.9912822854119908
798.jpg,1,0.992108473010262
799 (10).jpg,1,0.9908674233734148
799 (2).jpg,1,0.9912914781021959
799 (3).jpg,1,0.9847532003067992
799 (4).jpg,1,0.9882812859016588
799 (5).jpg,1,0.9892346144483324
799 (6).jpg,1,0.992585859294315
799 (7).jpg,1,0.9919134029220543
799 (8).jpg,1,0.9916107959361055
799 (9).jpg,1,0.9910471869199288
799.jpg,1,0.9920354479025415
8 (10).jpg,1,0.9881800738766409
8 (2).jpg,1,0.992264925975495
8 (3).jpg,1,0.9810763324613129
8 (4).jpg,1,0.9916005443346907
8 (5).jpg,1,0.9913756070843074
8 (6).jpg,1,0.9923038741654978
8 (7).jpg,1,0.9926010780372833
8 (8).jpg,1,0.992528183139192
8 (9).jpg,1,0.989081186222291
8.jpg,1,0.9758375116289302
80 (10).jpg,0,0.13412315303108566
80 (2).jpg,1,0.9869943807852538
80 (3).jpg,1,0.9893355651447738
80 (4).jpg,1,0.9925754975064776
80 (5).jpg,1,0.9920844289447572
80 (6).jpg,1,0.9888870761270687
80 (7).jpg,1,0.985717633929076
80 (8).jpg,0,0.02558617784312413
80 (9).jpg,1,0.9902611544538507
80.jpg,1,0.9917825440703707
800 (10).jpg,1,0.9810103401295417
800 (2).jpg,1,0.9904892650405226
800 (3).jpg,1,0.9917791880377643
800 (4).jpg,1,0.9912015641640134
800 (5).jpg,1,0.9915743764001697
800 (6).jpg,1,0.9888600450697742
800 (7).jpg,1,0.9909443188631523
800 (8).jpg,1,0.9923198339523591
800 (9).jpg,1,0.9870317937175742
800.jpg,1,0.9914222329910284
801 (10).jpg,1,0.9919587019366537
801 (2).jpg,1,0.9853830189948266
801 (3).jpg,1,0.9853337311790298
801 (4).jpg,1,0.9917742756517551
801 (5).jpg,1,0.9894782412732316
801 (6).jpg,1,0.9924917790176648
801 (7).jpg,1,0.9916347498127782
801 (8).jpg,1,0.9878436268602999
801 (9).jpg,1,0.9905037888915379
801.jpg,1,0.9798069305516073
802 (10).jpg,1,0.9901477928053095
802 (2).jpg,1,0.9909166285706521
802 (3).jpg,1,0.9918526415192783
802 (4).jpg,1,0.9895481575752814
802 (5).jpg,1,0.9920695001792926
802 (6).jpg,1,0.9898746284596659
802 (7).jpg,1,0.9924372426673979
802 (8).jpg,1,0.9920987129017156
802 (9).jpg,1,0.9835313446237142
802.jpg,1,0.9911298806169837
803 (10).jpg,1,0.9905780683772761
803 (2).jpg,1,0.9912990142349704
803 (3).jpg,1,0.9798388262944924
803 (4).jpg,1,0.9827858481073118
803 (5).jpg,1,0.9916901919512192
803 (6).jpg,1,0.992361743789325
803 (7).jpg,1,0.9925167019719664
803 (8).jpg,1,0.9872274150186229
803 (9).jpg,1,0.9858121791144807
803.jpg,1,0.9925375419896114
804 (10).jpg,1,0.9921867501629512
804 (2).jpg,1,0.9814899975179955
804 (3).jpg,1,0.9912547037571136
804 (4).jpg,1,0.9919501123541313
804 (5).jpg,1,0.9900301383991394
804 (6).jpg,1,0.9924467927474506
804 (7).jpg,1,0.9925161566273384
804 (8).jpg,1,0.98975790626898
804 (9).jpg,1,0.9921816690288061
804.jpg,1,0.9773714858853538
805 (10).jpg,1,0.9864323867277978
805 (2).jpg,1,0.9923023921827004
805 (3).jpg,1,0.9910177327832577
805 (4).jpg,1,0.9924623835038097
805 (5).jpg,1,0.9896243249404358
805 (6).jpg,1,0.9917347832555289
805 (7).jpg,1,0.9925715991985808
805 (8).jpg,1,0.9923607793074672
805 (9).jpg,1,0.9898483246218959
805.jpg,1,0.992122394057534
806 (10).jpg,1,0.9833639741433977
806 (2).jpg,1,0.9918505648359902
806 (3).jpg,1,0.9782698303576559
806 (4).jpg,1,0.9910636206322085
806 (5).jpg,1,0.9920064181371602
806 (6).jpg,1,0.9920791395661874
806 (7).jpg,1,0.9926091561691789
806 (8).jpg,1,0.9922782901168892
806 (9).jpg,1,0.9570406534062652
806.jpg,1,0.9888489638425889
807 (10).jpg,1,0.9837317419450053
807 (2).jpg,1,0.9924834769149973
807 (3).jpg,1,0.9890346732641893
807 (4).jpg,1,0.9870193027286964
807 (5).jpg,1,0.9887246256133626
807 (6).jpg,1,0.9923308875849398
807 (7).jpg,1,0.9925415424605839
807 (8).jpg,1,0.9909622782678702
807 (9).jpg,1,0.9911858164472525
807.jpg,1,0.9902496660569308
808 (10).jpg,1,0.9837929348279433
808 (2).jpg,1,0.9924944261299554
808 (3).jpg,1,0.9887713812874127
808 (4).jpg,1,0.9923472040795622
808 (5).jpg,1,0.9914936621065114
808 (6).jpg,1,0.976105008540186
808 (7).jpg,1,0.9923639396510436
808 (8).jpg,1,0.9921015856877939
808 (9).jpg,1,0.9692535882411142
808.jpg,1,0.9337926021899207
809 (10).jpg,1,0.954183335644461
809 (2).jpg,1,0.9912265473113125
809 (3).jpg,1,0.7608083809449255
809 (4).jpg,1,0.9920520019740356
809 (5).jpg,1,0.9924912186362695
809 (6).jpg,1,0.9912183897620482
809 (7).jpg,1,0.9923968341807354
809 (8).jpg,1,0.9842893471697477
809 (9).jpg,1,0.9893912809686126
809.jpg,1,0.9923052588209238
81 (10).jpg,1,0.9902322600876722
81 (2).jpg,1,0.9919258638065154
81 (3).jpg,1,0.9883401751909839
81 (4).jpg,1,0.796812954940544
81 (5).jpg,1,0.9442452822969755
81 (6).jpg,1,0.9911635151914785
81 (7).jpg,1,0.9925955984011243
81 (8).jpg,1,0.9912005455046218
81 (9).jpg,1,0.9912717821772772
81.jpg,1,0.99218887286324
810 (10).jpg,1,0.9909085794231726
810 (2).jpg,1,0.9920424603025035
810 (3).jpg,1,0.9805786629037505
810 (4).jpg,1,0.9903869425523056
810 (5).jpg,1,0.988838509406631
810 (6).jpg,1,0.9921915185897647
810 (7).jpg,1,0.9923695043100585
810 (8).jpg,1,0.9848901724443831
810 (9).jpg,1,0.9595091285131344
810.jpg,1,0.9881298407736424
811 (10).jpg,1,0.9878794486999668
811 (2).jpg,1,0.9920065298627082
811 (3).jpg,1,0.9882487527202922
811 (4).jpg,1,0.9926186631385169
811 (5).jpg,1,0.9901858774261506
811 (6).jpg,1,0.9908075035673014
811 (7).jpg,1,0.9921929172751764
811 (8).jpg,1,0.9917834202596867
811 (9).jpg,1,0.9437819202589556
811.jpg,1,0.9920963977199238
812 (10).jpg,1,0.9921320489997869
812 (2).jpg,1,0.989551107939755
812 (3).jpg,1,0.9918866670772333
812 (4).jpg,1,0.9922890750574337
812 (5).jpg,1,0.9925143393429864
812 (6).jpg,1,0.9921702306640905
812 (7).jpg,1,0.9924989359151052
812 (8).jpg,1,0.9916850461366289
812 (9).jpg,1,0.9917700999635156
812.jpg,1,0.9908778181129061
813 (10).jpg,1,0.9800084853177855
813 (2).jpg,1,0.9908273141139267
813 (3).jpg,1,0.9921141171107493
813 (4).jpg,1,0.9921664662576367
813 (5).jpg,1,0.9911797700195741
813 (6).jpg,1,0.9911423027083001
813 (7).jpg,1,0.9925864727047221
813 (8).jpg,1,0.991664553725141
813 (9).jpg,1,0.9915438339201509
813.jpg,1,0.9797307107317201
814 (10).jpg,1,0.9882968556025318
814 (2).jpg,1,0.9918926090038362
814 (3).jpg,0,0.41779437120674057
814 (4).jpg,1,0.992371522792281
814 (5).jpg,1,0.9760495631037734
814 (6).jpg,1,0.9923932693318275
814 (7).jpg,1,0.9924249905285554
814 (8).jpg,1,0.9902670424809843
814 (9).jpg,1,0.9903685373111156
814.jpg,1,0.9920170512017563
815 (10).jpg,1,0.9723812559126802
815 (2).jpg,1,0.9899808802366965
815 (3).jpg,1,0.7678087367092149
815 (4).jpg,1,0.9917494525182086
815 (5).jpg,1,0.9900411467500178
815 (6).jpg,1,0.9919976041481604
815 (7).jpg,1,0.9922483790323845
815 (8).jpg,1,0.9924026939847361
815 (9).jpg,1,0.9909234152275672
815.jpg,1,0.9906153504401755
816 (10).jpg,1,0.9895651076160502
816 (2).jpg,1,0.991313849720599
816 (3).jpg,0,0.020848346870913016
816 (4).jpg,1,0.9922798427792844
816 (5).jpg,1,0.9910315139482229
816 (6).jpg,1,0.991655122313395
816 (7).jpg,1,0.9925818131943202
816 (8).jpg,1,0.9920661353686829
816 (9).jpg,1,0.9865982484628171
816.jpg,1,0.9904203228825051
817 (10).jpg,0,0.08968233154563712
817 (2).jpg,1,0.9916761352529331
817 (3).jpg,1,0.9856096506977087
817 (4).jpg,1,0.9908233427413419
817 (5).jpg,1,0.9917406247428641
817 (6).jpg,1,0.990332564813333
817 (7).jpg,1,0.9915087384982665
817 (8).jpg,1,0.9912489450685337
817 (9).jpg,1,0.9887927168820582
817.jpg,1,0.9922061782932409
818 (10).jpg,1,0.9890921772133403
818 (2).jpg,1,0.9912933156912516
818 (3).jpg,1,0.9911956407447027
818 (4).jpg,1,0.9922609154700841
818 (5).jpg,1,0.9916112243059697
818 (6).jpg,1,0.9925020917950548
818 (7).jpg,1,0.9922202344799789
818 (8).jpg,1,0.9893354446045232
818 (9).jpg,1,0.8866876262966147
818.jpg,1,0.9920259686384603
819 (10).jpg,1,0.9909012075097272
819 (2).jpg,1,0.9901632429647867
819 (3).jpg,1,0.9897269025124942
819 (4).jpg,1,0.9925307553335674
819 (5).jpg,1,0.9910808025297725
819 (6).jpg,1,0.9917631811289361
819 (7).jpg,1,0.9925958049628851
819 (8).jpg,1,0.9760747132033464
819 (9).jpg,1,0.9877553739039467
819.jpg,1,0.9915071876949543
82 (10).jpg,1,0.988949656505156
82 (2).jpg,1,0.9919390132559244
82 (3).jpg,1,0.9810057690475343
82 (4).jpg,1,0.9910757601932965
82 (5).jpg,0,0.3783071493306462
82 (6).jpg,1,0.992256786013786
82 (7).jpg,1,0.9925655773730021
82 (8).jpg,1,0.9883023228782869
82 (9).jpg,1,0.9799555426758415
82.jpg,1,0.9901755890279342
820 (10).jpg,1,0.9868437088972865
820 (2).jpg,1,0.9909448424316392
820 (3).jpg,1,0.9910106439468065
820 (4).jpg,0,0.010673584560986021
820 (5).jpg,1,0.9882442609938262
820 (6).jpg,1,0.9918915715633007
820 (7).jpg,1,0.9921044747458636
820 (8).jpg,1,0.991190645083021
820 (9).jpg,1,0.9914507276996605
820.jpg,1,0.9917864335973962
821 (10).jpg,1,0.9911638273198013
821 (2).jpg,1,0.9920820651042097
821 (3).jpg,1,0.9912022331212784
821 (4).jpg,1,0.9925869604827678
821 (5).jpg,1,0.9906947263129668
821 (6).jpg,1,0.9920730605474687
821 (7).jpg,1,0.9921950611744466
821 (8).jpg,1,0.9914302281278689
821 (9).jpg,1,0.9920896290235187
821.jpg,1,0.9670516472572929
822 (10).jpg,1,0.9915701524723816
822 (2).jpg,1,0.9923342147380421
822 (3).jpg,1,0.9736047859039223
822 (4).jpg,1,0.9905751407915323
822 (5).jpg,1,0.9924082419382275
822 (6).jpg,1,0.991014455166461
822 (7).jpg,1,0.9923605996089683
822 (8).jpg,1,0.9868871238228188
822 (9).jpg,1,0.991726657805399
822.jpg,1,0.99137110309598
823 (10).jpg,1,0.9918880508354743
823 (2).jpg,1,0.9920531790465751
823 (3).jpg,1,0.9830924239618132
823 (4).jpg,1,0.9907537397696867
823 (5).jpg,1,0.992536936240866
823 (6).jpg,1,0.99232922831089
823 (7).jpg,1,0.9921325223511599
823 (8).jpg,1,0.9914248437615628
823 (9).jpg,1,0.9899505677556869
823.jpg,1,0.9916256971780378
824 (10).jpg,1,0.9876346151089367
824 (2).jpg,1,0.9923249143291711
824 (3).jpg,1,0.9910775575607573
824 (4).jpg,1,0.9904507677227051
824 (5).jpg,1,0.9923616811744885
824 (6).jpg,1,0.9905347393489679
824 (7).jpg,1,0.9918945707872963
824 (8).jpg,1,0.9901689953260997
824 (9).jpg,1,0.9916057911190289
824.jpg,1,0.9908531336353071
825 (10).jpg,1,0.9913196970633417
825 (2).jpg,1,0.9925638073024023
825 (3).jpg,1,0.9847189338112542
825 (4).jpg,1,0.9895448598696617
825 (5).jpg,1,0.9900612208393568
825 (6).jpg,1,0.9862429333721427
825 (7).jpg,1,0.9920855444215638
825 (8).jpg,1,0.9923774646362225
825 (9).jpg,1,0.9917013142942642
825.jpg,1,0.8973232063997393
826 (10).jpg,1,0.9853704696158848
826 (2).jpg,1,0.9883153959084935
826 (3).jpg,1,0.9695860713346781
826 (4).jpg,1,0.9915944341965341
826 (5).jpg,1,0.9878038935878636
826 (6).jpg,1,0.9917723859411411
826 (7).jpg,1,0.9862310797025915
826 (8).jpg,1,0.9907277475065821
826 (9).jpg,1,0.9906198637420525
826.jpg,1,0.9908713691966653
827 (10).jpg,1,0.9916455926616977
827 (2).jpg,1,0.9911996623994654
827 (3).jpg,1,0.9883292700321599
827 (4).jpg,1,0.983029201583646
827 (5).jpg,1,0.9921883652707647
827 (6).jpg,1,0.9904575725380942
827 (7).jpg,1,0.9925079810809009
827 (8).jpg,1,0.9923251429945273
827 (9).jpg,1,0.9907606488188635
827.jpg,1,0.9881759343666653
828 (10).jpg,1,0.9916191784883278
828 (2).jpg,1,0.9918811570781872
828 (3).jpg,1,0.9917838854766153
828 (4).jpg,1,0.9923872601497102
828 (5).jpg,1,0.9925875617828788
828 (6).jpg,1,0.9539360686388502
828 (7).jpg,1,0.9925093304701138
828 (8).jpg,1,0.9911042512213364
828 (9).jpg,1,0.9920371813152437
828.jpg,0,0.22207993041843246
829 (10).jpg,1,0.9846393824038222
829 (2).jpg,1,0.9849762593353034
829 (3).jpg,0,0.11383252098252662
829 (4).jpg,1,0.9901792650908656
829 (5).jpg,1,0.9895577802701283
829 (6).jpg,1,0.9819017119290568
829 (7).jpg,1,0.9915597582165043
829 (8).jpg,1,0.9856166519806226
829 (9).jpg,1,0.9919824358745928
829.jpg,1,0.991783334163101
83 (10).jpg,1,0.9882570487501819
83 (2).jpg,1,0.9167771633399973
83 (3).jpg,1,0.8871129400328982
83 (4).jpg,1,0.9925312014964218
83 (5).jpg,1,0.9740016612279445
83 (6).jpg,1,0.9908978076646677
83 (7).jpg,1,0.9911576135124985
83 (8).jpg,1,0.9917488136160032
83 (9).jpg,1,0.9869305833341859
83.jpg,1,0.9919972801807917
830 (10).jpg,1,0.9886229225462221
830 (2).jpg,1,0.9777854992277075
830 (3).jpg,1,0.9077611312299164
830 (4).jpg,1,0.9921464740407197
830 (5).jpg,1,0.9917602839510722
830 (6).jpg,1,0.9914029017592388
830 (7).jpg,1,0.9916750251441223
830 (8).jpg,1,0.9908701797498963
830 (9).jpg,1,0.9894889621134074
830.jpg,1,0.9855963977979824
831 (10).jpg,1,0.9881874273035925
831 (2).jpg,1,0.9910254450186797
831 (3).jpg,1,0.9885714851529452
831 (4).jpg,0,0.11809757936280872
831 (5).jpg,1,0.9893516554473145
831 (6).jpg,1,0.99232922831089
831 (7).jpg,1,0.9923794687020236
831 (8).jpg,1,0.9922201002181472
831 (9).jpg,1,0.9916681549974118
831.jpg,1,0.9921030445954372
832 (10).jpg,1,0.9917382718848079
832 (2).jpg,1,0.9882936388053708
832 (3).jpg,1,0.979891923907172
832 (4).jpg,1,0.9918686889303547
832 (5).jpg,1,0.9923636639090188
832 (6).jpg,1,0.9923900146148121
832 (7).jpg,1,0.9925168543644098
832 (8).jpg,1,0.9905816846297223
832 (9).jpg,1,0.991303241676195
832.jpg,1,0.9919938599346656
833 (10).jpg,1,0.9908305981508216
833 (2).jpg,1,0.9920354214672717
833 (3).jpg,1,0.9882743511767764
833 (4).jpg,1,0.9921665116230097
833 (5).jpg,1,0.9913811274353326
833 (6).jpg,1,0.9920956579790068
833 (7).jpg,1,0.9925324934620811
833 (8).jpg,1,0.9902438641670837
833 (9).jpg,1,0.9891095140269496
833.jpg,1,0.9912035571310164
834 (10).jpg,1,0.9891433203010908
834 (2).jpg,1,0.9922458683188116
834 (3).jpg,1,0.9832721112279207
834 (4).jpg,1,0.9887810101767152
834 (5).jpg,1,0.9926012865888485
834 (6).jpg,1,0.9865336813759834
834 (7).jpg,1,0.992417124587488
834 (8).jpg,1,0.991058759665919
834 (9).jpg,1,0.9900517647740299
834.jpg,1,0.9915924317969593
835 (10).jpg,1,0.9858303025166996
835 (2).jpg,1,0.9885282403071817
835 (3).jpg,1,0.991051943411616
835 (4).jpg,1,0.990797851611232
835 (5).jpg,1,0.9922109919277674
835 (6).jpg,1,0.9923247563583902
835 (7).jpg,1,0.9925834430398304
835 (8).jpg,1,0.9911885439899583
835 (9).jpg,1,0.9913472182464037
835.jpg,1,0.9889591474385283
836 (10).jpg,1,0.9877913861374347
836 (2).jpg,1,0.9918337850591179
836 (3).jpg,1,0.985415635968626
836 (4).jpg,1,0.9483790704416748
836 (5).jpg,1,0.784482168228491
836 (6).jpg,1,0.9880595481677227
836 (7).jpg,1,0.9923867158127649
836 (8).jpg,1,0.9924304676936688
836 (9).jpg,1,0.9916553877188529
836.jpg,1,0.9920510319935301
837 (10).jpg,1,0.9913255926066603
837 (2).jpg,1,0.992439247686906
837 (3).jpg,1,0.9881199421460379
837 (4).jpg,1,0.9864377985724317
837 (5).jpg,1,0.9922642230695237
837 (6).jpg,1,0.9883989446581292
837 (7).jpg,1,0.992555912133188
837 (8).jpg,1,0.8589692060454635
837 (9).jpg,1,0.946871294089533
837.jpg,1,0.9774235450976241
838 (10).jpg,1,0.986780731784833
838 (2).jpg,1,0.990894267486121
838 (3).jpg,1,0.9900741564360126
838 (4).jpg,1,0.9908655510072858
838 (5).jpg,1,0.9920843548445666
838 (6).jpg,1,0.9920837074520539
838 (7).jpg,1,0.991181613126269
838 (8).jpg,1,0.992352973956192
838 (9).jpg,0,0.2972462703055793
838.jpg,1,0.9896477890543611
839 (10).jpg,1,0.9913329100382551
839 (2).jpg,1,0.898949388782301
839 (3).jpg,1,0.9459047695256717
839 (4).jpg,1,0.9925744698921383
839 (5).jpg,1,0.992208414375648
839 (6).jpg,1,0.9728320220205484
839 (7).jpg,1,0.9899378542121283
839 (8).jpg,1,0.9921572925450937
839 (9).jpg,1,0.9905860002203949
839.jpg,1,0.98648678387965
84 (10).jpg,0,0.17991493811380724
84 (2).jpg,1,0.9894353872571482
84 (3).jpg,1,0.9874401560974355
84 (4).jpg,1,0.992352179706164
84 (5).jpg,1,0.991960680689254
84 (6).jpg,1,0.9916491853838354
84 (7).jpg,1,0.992297834928669
84 (8).jpg,1,0.9905456172133652
84 (9).jpg,1,0.9902422614845631
84.jpg,1,0.9900986142483889
840 (10).jpg,1,0.9894346122738462
840 (2).jpg,1,0.9892101213802725
840 (3).jpg,1,0.9893820173211906
840 (4).jpg,1,0.9903152279775383
840 (5).jpg,1,0.991903260453657
840 (6).jpg,1,0.9920850106373886
840 (7).jpg,1,0.9920779706348904
840 (8).jpg,1,0.9909142568637546
840 (9).jpg,1,0.9897888648851054
840.jpg,1,0.9893027262782893
841 (10).jpg,1,0.9896701476480869
841 (2).jpg,1,0.9896547021447584
841 (3).jpg,1,0.9914196176424713
841 (4).jpg,1,0.9917208639943693
841 (5).jpg,1,0.9908143044939568
841 (6).jpg,1,0.9825889328399168
841 (7).jpg,1,0.9926244592244584
841 (8).jpg,1,0.9913125345138595
841 (9).jpg,1,0.9921815576259025
841.jpg,1,0.9904759286929591
842 (10).jpg,1,0.9874979362987762
842 (2).jpg,1,0.991687820735469
842 (3).jpg,1,0.990074464848936
842 (4).jpg,1,0.9923656384958724
842 (5).jpg,1,0.9910636169012764
842 (6).jpg,1,0.9916944673957406
842 (7).jpg,1,0.992590775453123
842 (8).jpg,1,0.9897628105617887
842 (9).jpg,1,0.9920480421580978
842.jpg,1,0.9899066202748193
843 (10).jpg,1,0.9915239703660066
843 (2).jpg,1,0.983228551830252
843 (3).jpg,1,0.9839187240181699
843 (4).jpg,1,0.9925736021388042
843 (5).jpg,1,0.9905851800569783
843 (6).jpg,1,0.9913996873346403
843 (7).jpg,1,0.9924862979640917
843 (8).jpg,1,0.9922197876490949
843 (9).jpg,1,0.9881984589459953
843.jpg,1,0.977734469177756
844 (10).jpg,1,0.9371843638101184
844 (2).jpg,1,0.9918192616267612
844 (3).jpg,1,0.988465397785024
844 (4).jpg,1,0.9894555415254701
844 (5).jpg,1,0.9923330940623063
844 (6).jpg,1,0.9921727463060889
844 (7).jpg,1,0.9920619158874616
844 (8).jpg,1,0.9922210203890387
844 (9).jpg,1,0.9845284242306561
844.jpg,1,0.59042903171294
845 (10).jpg,1,0.9922215882447075
845 (2).jpg,1,0.9902646499912277
845 (3).jpg,1,0.9920716246758986
845 (4).jpg,1,0.9925195413027008
845 (5).jpg,1,0.9904807093234742
845 (6).jpg,1,0.9895738335868534
845 (7).jpg,1,0.9925568848922066
845 (8).jpg,1,0.9925626476040128
845 (9).jpg,1,0.9894561792139187
845.jpg,1,0.9917095797448814
846 (10).jpg,1,0.9831929248069647
846 (2).jpg,1,0.9920652180681283
846 (3).jpg,0,0.101629205224668
846 (4).jpg,1,0.9918557297606814
846 (5).jpg,1,0.9910869739144864
846 (6).jpg,1,0.988604252444644
846 (7).jpg,1,0.9922646811852761
846 (8).jpg,1,0.992066872256251
846 (9).jpg,1,0.5941313999208058
846.jpg,1,0.9901608854533007
847 (10).jpg,1,0.9918972677557388
847 (2).jpg,1,0.9922903715225848
847 (3).jpg,1,0.9893612177045619
847 (4).jpg,1,0.9907462238322903
847 (5).jpg,1,0.9918291550992788
847 (6).jpg,1,0.9907911576021913
847 (7).jpg,1,0.9922660320068184
847 (8).jpg,1,0.9770146079424228
847 (9).jpg,1,0.9905041106553355
847.jpg,1,0.97311082367685
848 (10).jpg,1,0.9884807526866862
848 (2).jpg,1,0.9925496673178451
848 (3).jpg,1,0.9890303626198225
848 (4).jpg,1,0.9924324007849146
848 (5).jpg,1,0.9925607387335958
848 (6).jpg,1,0.9892793009086684
848 (7).jpg,1,0.9922454445021122
848 (8).jpg,1,0.9925299498076157
848 (9).jpg,1,0.9910629522835487
848.jpg,1,0.9874411020745374
849 (10).jpg,1,0.9900910706784399
849 (2).jpg,1,0.9318340262037917
849 (3).jpg,1,0.9922798792882991
849 (4).jpg,1,0.9923213097387481
849 (5).jpg,1,0.9912393986672866
849 (6).jpg,0,0.03941704093406554
849 (7).jpg,1,0.9923711598109103
849 (8).jpg,1,0.9908411749197444
849 (9).jpg,1,0.9824260383239648
849.jpg,1,0.988573707322346
85 (10).jpg,1,0.991573438874161
85 (2).jpg,1,0.9639865024170826
85 (3).jpg,1,0.9912074017226737
85 (4).jpg,1,0.9917703510360169
85 (5).jpg,1,0.9909210440480567
85 (6).jpg,1,0.9913201947746297
85 (7).jpg,1,0.9925564155499199
85 (8).jpg,1,0.9916853866077862
85 (9).jpg,1,0.9891705355020951
85.jpg,1,0.9904550093361093
850 (10).jpg,1,0.9919596244334395
850 (2).jpg,1,0.9923937413972944
850 (3).jpg,1,0.990990474668095
850 (4).jpg,1,0.9922803836339437
850 (5).jpg,1,0.992546521028409
850 (6).jpg,1,0.9915971901974057
850 (7).jpg,1,0.99250878332116
850 (8).jpg,1,0.9919511873870875
850 (9).jpg,1,0.989859380786687
850.jpg,1,0.99188134773868
851 (10).jpg,1,0.98771462297048
851 (2).jpg,1,0.9911182046115415
851 (3).jpg,1,0.8452798586620318
851 (4).jpg,1,0.9917966130648506
851 (5).jpg,1,0.9904067115036279
851 (6).jpg,1,0.9864740719825603
851 (7).jpg,1,0.9921492591036535
851 (8).jpg,1,0.9894131003416394
851 (9).jpg,1,0.9918318229106357
851.jpg,1,0.9878478127466104
852 (10).jpg,1,0.7739929335259116
852 (2).jpg,0,0.053760118862249275
852 (3).jpg,1,0.8961435251704593
852 (4).jpg,1,0.9832612801179963
852 (5).jpg,1,0.9923996304349094
852 (6).jpg,1,0.9917522813447798
852 (7).jpg,1,0.9918063543779411
852 (8).jpg,1,0.9848708912854446
852 (9).jpg,1,0.9916124473108087
852.jpg,0,0.042882734237300955
853 (10).jpg,1,0.9914422878386044
853 (2).jpg,1,0.9921798675238701
853 (3).jpg,1,0.9914024147859247
853 (4).jpg,1,0.9894437629917971
853 (5).jpg,1,0.8380083345444399
853 (6).jpg,1,0.9870041481763823
853 (7).jpg,1,0.9922982275748032
853 (8).jpg,1,0.9917384768049773
853 (9).jpg,1,0.991393845916549
853.jpg,1,0.9905322256430407
854 (10).jpg,1,0.9911321723834068
854 (2).jpg,1,0.9899018496028991
854 (3).jpg,1,0.9911479718853959
854 (4).jpg,1,0.9918990997139266
854 (5).jpg,1,0.9917252598639308
854 (6).jpg,0,0.03488241077040851
854 (7).jpg,1,0.9922352737471345
854 (8).jpg,1,0.9892359800096264
854 (9).jpg,1,0.9846003458644247
854.jpg,1,0.9514094575760552
855 (10).jpg,1,0.9910550082732015
855 (2).jpg,1,0.9923539131122687
855 (3).jpg,1,0.9914083904666643
855 (4).jpg,1,0.9872033434996067
855 (5).jpg,0,0.020876505385283017
855 (6).jpg,1,0.990827066798466
855 (7).jpg,1,0.9926284975065228
855 (8).jpg,1,0.9917183833979215
855 (9).jpg,1,0.9901527758422186
855.jpg,1,0.9907952683988577
856 (10).jpg,1,0.9901528992901318
856 (2).jpg,1,0.9919707311428325
856 (3).jpg,1,0.9902115439865005
856 (4).jpg,1,0.9921198501693743
856 (5).jpg,1,0.9925020191390287
856 (6).jpg,1,0.9923768044826546
856 (7).jpg,1,0.9904619736859839
856 (8).jpg,1,0.9867492512003279
856 (9).jpg,1,0.9880233298746877
856.jpg,1,0.9888972235086066
857 (10).jpg,1,0.9796292014100382
857 (2).jpg,1,0.9914568064456128
857 (3).jpg,1,0.9898669728576205
857 (4).jpg,1,0.9923942395245287
857 (5).jpg,1,0.991896705521819
857 (6).jpg,1,0.9925687451249533
857 (7).jpg,1,0.992601694472158
857 (8).jpg,1,0.7497103563684182
857 (9).jpg,1,0.9887084754120586
857.jpg,1,0.9920865728140049
858 (10).jpg,1,0.9892588633134396
858 (2).jpg,1,0.9910429914661378
858 (3).jpg,1,0.9840869671140294
858 (4).jpg,1,0.9921344855251937
858 (5).jpg,1,0.985184610958453
858 (6).jpg,1,0.9915234493240009
858 (7).jpg,1,0.9923119695367851
858 (8).jpg,1,0.9921543318881414
858 (9).jpg,1,0.9884620069231934
858.jpg,1,0.9908239091853077
859 (10).jpg,1,0.9897934446127737
859 (2).jpg,1,0.9923827991335907
859 (3).jpg,1,0.9822741711814725
859 (4).jpg,1,0.9922062489363258
859 (5).jpg,1,0.9923037993566644
859 (6).jpg,1,0.9907311610791092
859 (7).jpg,1,0.9926059979654944
859 (8).jpg,1,0.9917297370081544
859 (9).jpg,1,0.9824163738344893
859.jpg,1,0.9905674361367567
86 (10).jpg,1,0.9838060768408299
86 (2).jpg,1,0.9909486955471877
86 (3).jpg,1,0.9916878693453797
86 (4).jpg,1,0.9922921816125024
86 (5).jpg,1,0.9922951272916479
86 (6).jpg,1,0.9910521741776969
86 (7).jpg,1,0.9924678103937765
86 (8).jpg,1,0.8695989927203424
86 (9).jpg,1,0.9852780670672969
86.jpg,0,0.2404023503057084
860 (10).jpg,1,0.9900331032015437
860 (2).jpg,0,0.06846723409874976
860 (3).jpg,1,0.9678640705357144
860 (4).jpg,1,0.992542894373261
860 (5).jpg,1,0.9920908912438006
860 (6).jpg,1,0.9924386263675715
860 (7).jpg,1,0.9925123803153236
860 (8).jpg,1,0.9900949466134151
860 (9).jpg,1,0.9919841069247337
860.jpg,1,0.9886131642645571
861 (10).jpg,1,0.8804655283436575
861 (2).jpg,1,0.9918972884614418
861 (3).jpg,1,0.9890481549060455
861 (4).jpg,1,0.9922015555069866
861 (5).jpg,1,0.9564008440154763
861 (6).jpg,1,0.9908863132352606
861 (7).jpg,1,0.9924607368309804
861 (8).jpg,1,0.989850957013841
861 (9).jpg,1,0.9872458673291353
861.jpg,1,0.9917975679235245
862 (10).jpg,1,0.9860330684697738
862 (2).jpg,1,0.9924104586355618
862 (3).jpg,1,0.9880465066243672
862 (4).jpg,1,0.9923116599870047
862 (5).jpg,1,0.9919052750468359
862 (6).jpg,1,0.9914156204309762
862 (7).jpg,1,0.9920895279424697
862 (8).jpg,1,0.9892010380127476
862 (9).jpg,1,0.9914945028732443
862.jpg,1,0.9914270104520284
863 (10).jpg,1,0.9891031907497044
863 (2).jpg,1,0.99050082159068
863 (3).jpg,1,0.9915434697872829
863 (4).jpg,1,0.9879654355273352
863 (5).jpg,1,0.9926013497175685
863 (6).jpg,1,0.9919670333517286
863 (7).jpg,1,0.992258014235617
863 (8).jpg,1,0.99181948057404
863 (9).jpg,1,0.9907597643324466
863.jpg,1,0.992304846240431
864 (10).jpg,1,0.9549362969026302
864 (2).jpg,1,0.9918970395041558
864 (3).jpg,1,0.9921841811058956
864 (4).jpg,1,0.9861306986840112
864 (5).jpg,1,0.9912788580830584
864 (6).jpg,1,0.9905059796260125
864 (7).jpg,1,0.9925936982332328
864 (8).jpg,1,0.9918869953250339
864 (9).jpg,1,0.9758151551578198
864.jpg,1,0.9903424244562057
865 (10).jpg,1,0.9889901206794419
865 (2).jpg,1,0.991486559556367
865 (3).jpg,1,0.8966405704888695
865 (4).jpg,1,0.9923219167822194
865 (5).jpg,1,0.9916807978997405
865 (6).jpg,1,0.9921418780592015
865 (7).jpg,1,0.9922849248777263
865 (8).jpg,1,0.9889838167577291
865 (9).jpg,1,0.9446561850830261
865.jpg,1,0.9913853829305559
866 (10).jpg,1,0.9863907790154894
866 (2).jpg,1,0.9921619601307855
866 (3).jpg,1,0.9920726411900709
866 (4).jpg,1,0.992435637540958
866 (5).jpg,1,0.9923629422584863
866 (6).jpg,1,0.9923115499080642
866 (7).jpg,1,0.9890089727347362
866 (8).jpg,1,0.8340028571499372
866 (9).jpg,1,0.9920124311921673
866.jpg,1,0.9911739324279406
867 (10).jpg,1,0.9921026871400969
867 (2).jpg,1,0.9906403105950219
867 (3).jpg,1,0.9915389376848759
867 (4).jpg,1,0.9913770038375661
867 (5).jpg,1,0.9913691517124958
867 (6).jpg,1,0.9924685931043966
867 (7).jpg,1,0.9905069493626846
867 (8).jpg,1,0.9923173875298096
867 (9).jpg,1,0.9906418397917928
867.jpg,1,0.9901615969363325
868 (10).jpg,1,0.9901653318311439
868 (2).jpg,1,0.9890812677192612
868 (3).jpg,1,0.909817287385806
868 (4).jpg,1,0.9918499369596727
868 (5).jpg,1,0.9924215463480542
868 (6).jpg,1,0.9923824843262676
868 (7).jpg,1,0.9925933283156538
868 (8).jpg,1,0.9827319735302306
868 (9).jpg,1,0.9918511374650835
868.jpg,1,0.9899200238641132
869 (10).jpg,1,0.9911027941956412
869 (2).jpg,1,0.9898309563497348
869 (3).jpg,1,0.9663861218545432
869 (4).jpg,1,0.9920100236547491
869 (5).jpg,1,0.9917948846593518
869 (6).jpg,1,0.9876483840524549
869 (7).jpg,1,0.9925000248435237
869 (8).jpg,1,0.9900117211161779
869 (9).jpg,1,0.9601277759398941
869.jpg,1,0.9900320130406545
87 (10).jpg,1,0.9846138073241528
87 (2).jpg,1,0.9893021044561222
87 (3).jpg,1,0.9902927001181697
87 (4).jpg,1,0.9815139151495913
87 (5).jpg,1,0.991563679236407
87 (6).jpg,1,0.9866110443893605
87 (7).jpg,1,0.9919164998789365
87 (8).jpg,1,0.9920735855160112
87 (9).jpg,1,0.9904257747613616
87.jpg,1,0.9498066845236504
870 (10).jpg,1,0.9807179895689813
870 (2).jpg,1,0.9920717653734575
870 (3).jpg,1,0.9915977754121149
870 (4).jpg,1,0.9917384121684855
870 (5).jpg,1,0.9903027992498306
870 (6).jpg,1,0.9917860373788268
870 (7).jpg,1,0.9925912388730085
870 (8).jpg,1,0.9923659486263111
870 (9).jpg,1,0.9919678601581206
870.jpg,1,0.991274891170752
871 (10).jpg,1,0.991222968259366
871 (2).jpg,1,0.9864317665929458
871 (3).jpg,1,0.9910550904141443
871 (4).jpg,1,0.9921201756375614
871 (5).jpg,1,0.992129890510057
871 (6).jpg,1,0.9180936287175862
871 (7).jpg,1,0.9915288394400237
871 (8).jpg,1,0.9468354829441151
871 (9).jpg,1,0.9911382423723039
871.jpg,1,0.9897875077529183
872 (10).jpg,1,0.9910274238318009
872 (2).jpg,1,0.9923261114829753
872 (3).jpg,1,0.9175957548975828
872 (4).jpg,1,0.9925841230831746
872 (5).jpg,1,0.991539165153773
872 (6).jpg,1,0.9903357545056842
872 (7).jpg,1,0.9901620950423841
872 (8).jpg,1,0.9921020440906725
872 (9).jpg,1,0.9817754198885754
872.jpg,1,0.9923944659650006
873 (10).jpg,1,0.9888505116164923
873 (2).jpg,1,0.9922219776510858
873 (3).jpg,1,0.8120319359811606
873 (4).jpg,1,0.9821349362518251
873 (5).jpg,1,0.981857372988053
873 (6).jpg,1,0.9923344010221652
873 (7).jpg,1,0.9926042601480137
873 (8).jpg,1,0.992380138648183
873 (9).jpg,1,0.9863029039058087
873.jpg,1,0.9834583237898032
874 (10).jpg,1,0.9050080594913426
874 (2).jpg,1,0.9909104674612308
874 (3).jpg,1,0.9886005264742315
874 (4).jpg,1,0.959579289203484
874 (5).jpg,1,0.8827099004406624
874 (6).jpg,1,0.9780013022807552
874 (7).jpg,1,0.9923017483225592
874 (8).jpg,1,0.9923687596777117
874 (9).jpg,1,0.9803739277721047
874.jpg,0,0.04581825695776499
875 (10).jpg,1,0.9711470464586573
875 (2).jpg,1,0.9909634883058932
875 (3).jpg,0,0.35894147872639104
875 (4).jpg,1,0.9910730385322202
875 (5).jpg,1,0.9918443583906941
875 (6).jpg,1,0.9911736280150886
875 (7).jpg,1,0.9922265637660959
875 (8).jpg,1,0.9913548165195049
875 (9).jpg,1,0.9862197457352433
875.jpg,1,0.9899029223919794
876 (10).jpg,1,0.990952018960797
876 (2).jpg,1,0.9920436297774685
876 (3).jpg,1,0.9341330172339821
876 (4).jpg,1,0.9746817312870656
876 (5).jpg,1,0.9848819576303582
876 (6).jpg,1,0.9918317603795196
876 (7).jpg,1,0.9921740494775487
876 (8).jpg,1,0.9924473992990245
876 (9).jpg,1,0.9919740514912974
876.jpg,1,0.9890672000727831
877 (10).jpg,1,0.9907629807702872
877 (2).jpg,1,0.9917422205631125
877 (3).jpg,1,0.9898380737074358
877 (4).jpg,1,0.9903394891303771
877 (5).jpg,1,0.9920348837530706
877 (6).jpg,1,0.992514655739716
877 (7).jpg,1,0.9925895005602391
877 (8).jpg,1,0.9924844617068613
877 (9).jpg,1,0.9915358651927297
877.jpg,1,0.980957127346394
878 (10).jpg,1,0.9918447146405593
878 (2).jpg,1,0.9831968253837324
878 (3).jpg,1,0.9857565761310928
878 (4).jpg,1,0.9922412527977376
878 (5).jpg,1,0.9912844247222588
878 (6).jpg,1,0.9921683531845339
878 (7).jpg,1,0.9921568997884886
878 (8).jpg,1,0.990635878138473
878 (9).jpg,1,0.9863574483111719
878.jpg,1,0.9902412770091168
879 (10).jpg,1,0.9897372460437067
879 (2).jpg,1,0.9128296408376093
879 (3).jpg,1,0.9836547055239183
879 (4).jpg,1,0.9924399978215876
879 (5).jpg,1,0.9925491452586783
879 (6).jpg,1,0.9774785430500326
879 (7).jpg,1,0.9926299301357948
879 (8).jpg,1,0.9922624110130777
879 (9).jpg,1,0.9913621518079796
879.jpg,1,0.9903004079904839
88 (10).jpg,1,0.991037974910471
88 (2).jpg,1,0.9900307605759636
88 (3).jpg,1,0.9900400571961545
88 (4).jpg,1,0.9905575733553653
88 (5).jpg,1,0.9829408564430442
88 (6).jpg,1,0.9922697141271185
88 (7).jpg,1,0.9925670138001087
88 (8).jpg,1,0.9913934247606448
88 (9).jpg,1,0.9839065195820493
88.jpg,1,0.9921591000035476
880 (10).jpg,1,0.9906199104763808
880 (2).jpg,1,0.9916029749044772
880 (3).jpg,0,0.011370769251603555
880 (4).jpg,1,0.9762317825784281
880 (5).jpg,1,0.9867954994135859
880 (6).jpg,1,0.9919774825298603
880 (7).jpg,1,0.9924732145918
880 (8).jpg,1,0.7517073418709304
880 (9).jpg,1,0.9883759390836049
880.jpg,1,0.9874437560412676
881 (10).jpg,1,0.9896107736253141
881 (2).jpg,1,0.987084669722409
881 (3).jpg,1,0.7566736890735909
881 (4).jpg,1,0.9921464827904312
881 (5).jpg,1,0.9916531125156443
881 (6).jpg,1,0.9846771443812391
881 (7).jpg,1,0.992583465160951
881 (8).jpg,1,0.9892539344451934
881 (9).jpg,1,0.9870137660338039
881.jpg,1,0.9920925305681693
882 (10).jpg,1,0.9902137531818104
882 (2).jpg,1,0.9915201188922451
882 (3).jpg,1,0.9906346406490784
882 (4).jpg,1,0.9924783804907609
882 (5).jpg,1,0.9922010940154062
882 (6).jpg,1,0.9919672388105514
882 (7).jpg,1,0.992568293157479
882 (8).jpg,1,0.9917363610029849
882 (9).jpg,1,0.9884419327057606
882.jpg,1,0.9914123327559563
883 (10).jpg,1,0.9907390421868202
883 (2).jpg,1,0.9921359240034817
883 (3).jpg,1,0.9900362927399237
883 (4).jpg,1,0.9925185524112864
883 (5).jpg,1,0.9924590408489373
883 (6).jpg,1,0.9912553712585981
883 (7).jpg,1,0.9912812143556587
883 (8).jpg,1,0.9900835266121539
883 (9).jpg,1,0.9903121038835471
883.jpg,1,0.9921774804047186
884 (10).jpg,1,0.9922160776115619
884 (2).jpg,1,0.992430686137745
884 (3).jpg,1,0.9911682504098914
884 (4).jpg,1,0.9916159925266139
884 (5).jpg,1,0.989316474496802
884 (6).jpg,1,0.9918153752402121
884 (7).jpg,1,0.9925469644937852
884 (8).jpg,1,0.9920631361626326
884 (9).jpg,1,0.967284926999415
884.jpg,1,0.7906091169034374
885 (10).jpg,1,0.9865050635171271
885 (2).jpg,1,0.9911835849206438
885 (3).jpg,1,0.9856321153971774
885 (4).jpg,1,0.9905993256891953
885 (5).jpg,1,0.99222318006874
885 (6).jpg,1,0.9862816003998542
885 (7).jpg,1,0.9924933500207044
885 (8).jpg,1,0.9916994985859579
885 (9).jpg,1,0.9923429977301947
885.jpg,1,0.9909734252067408
886 (10).jpg,1,0.9897947718351731
886 (2).jpg,1,0.9875741984840615
886 (3).jpg,1,0.9903393921283951
886 (4).jpg,1,0.9921698737117324
886 (5).jpg,1,0.9916721449635458
886 (6).jpg,1,0.9854532847431531
886 (7).jpg,1,0.9921349867490136
886 (8).jpg,1,0.991445311118642
886 (9).jpg,1,0.9907544501207535
886.jpg,1,0.9914743005898924
887 (10).jpg,1,0.9917739365920998
887 (2).jpg,1,0.9922860098115518
887 (3).jpg,0,0.09075750686683623
887 (4).jpg,1,0.9867799796003279
887 (5).jpg,1,0.9923119626388934
887 (6).jpg,1,0.9921099456300018
887 (7).jpg,1,0.9925786240848531
887 (8).jpg,1,0.9922337227026667
887 (9).jpg,1,0.9904807973200245
887.jpg,1,0.9894423494098837
888 (10).jpg,1,0.8726298267548374
888 (2).jpg,1,0.9902977188114709
888 (3).jpg,1,0.9723405943523542
888 (4).jpg,1,0.9918940297447134
888 (5).jpg,1,0.9908270519663982
888 (6).jpg,1,0.991776746097932
888 (7).jpg,1,0.9925404682135245
888 (8).jpg,1,0.9924038921084497
888 (9).jpg,1,0.9551350559315854
888.jpg,1,0.9911069153609233
889 (10).jpg,1,0.9922306896905925
889 (2).jpg,1,0.9919026409161333
889 (3).jpg,1,0.9812034538522142
889 (4).jpg,1,0.977793710922345
889 (5).jpg,1,0.9897400201121375
889 (6).jpg,1,0.987233038922416
889 (7).jpg,1,0.9915581882187693
889 (8).jpg,1,0.9919970530401941
889 (9).jpg,1,0.9830619143453436
889.jpg,1,0.9842746414772816
89 (10).jpg,1,0.9872191475023288
89 (2).jpg,1,0.9917135123398985
89 (3).jpg,1,0.9624218443576217
89 (4).jpg,1,0.9924286180568519
89 (5).jpg,1,0.9924780476945396
89 (6).jpg,1,0.9868154702811883
89 (7).jpg,1,0.9923264727590377
89 (8).jpg,1,0.9916315381324492
89 (9).jpg,1,0.9911613701104686
89.jpg,1,0.9902677999014499
890 (10).jpg,1,0.9881984489485178
890 (2).jpg,1,0.992134973922504
890 (3).jpg,1,0.9908880844501338
890 (4).jpg,1,0.992086073723908
890 (5).jpg,1,0.9925190600454923
890 (6).jpg,1,0.992389529829554
890 (7).jpg,1,0.9926180418571052
890 (8).jpg,1,0.9920646541774251
890 (9).jpg,1,0.97601343985669
890.jpg,1,0.9917964267453253
891 (10).jpg,1,0.9886167309883168
891 (2).jpg,1,0.9919542728467483
891 (3).jpg,1,0.9908106763568388
891 (4).jpg,1,0.990277820874033
891 (5).jpg,0,0.08371370606491653
891 (6).jpg,1,0.9703401370416255
891 (7).jpg,1,0.9922934957648111
891 (8).jpg,1,0.9919327817868636
891 (9).jpg,1,0.9828150772449427
891.jpg,1,0.991769363061222
892 (10).jpg,1,0.9916448456972803
892 (2).jpg,1,0.992341368883573
892 (3).jpg,1,0.9904736735754613
892 (4).jpg,1,0.9915069405091362
892 (5).jpg,1,0.992580297940381
892 (6).jpg,1,0.6755998247491949
892 (7).jpg,1,0.9925653581263926
892 (8).jpg,1,0.9922676117393376
892 (9).jpg,1,0.9897070893262218
892.jpg,1,0.9875076279168692
893 (10).jpg,1,0.9902014611718931
893 (2).jpg,1,0.9893270592754201
893 (3).jpg,1,0.9921687060028014
893 (4).jpg,1,0.9885861574232083
893 (5).jpg,1,0.9923914694019795
893 (6).jpg,1,0.9921879084053669
893 (7).jpg,1,0.9913265497015918
893 (8).jpg,1,0.9921346597890915
893 (9).jpg,1,0.9569772903130863
893.jpg,1,0.9887027116965772
894 (10).jpg,1,0.9916386157787987
894 (2).jpg,1,0.9908810546328134
894 (3).jpg,1,0.9904693278722224
894 (4).jpg,1,0.9921430086325506
894 (5).jpg,1,0.9922537647664765
894 (6).jpg,1,0.9913500664260241
894 (7).jpg,1,0.9837185167155026
894 (8).jpg,1,0.9868574616329441
894 (9).jpg,1,0.9878226761391727
894.jpg,1,0.9785768591517273
895 (10).jpg,1,0.9909062040806657
895 (2).jpg,1,0.986655975101941
895 (3).jpg,1,0.9904715594782847
895 (4).jpg,1,0.9921898847548081
895 (5).jpg,1,0.9622419117329887
895 (6).jpg,1,0.9920308289837342
895 (7).jpg,1,0.9921960974997064
895 (8).jpg,1,0.9843706556212787
895 (9).jpg,1,0.992001708414934
895.jpg,1,0.9870757736869332
896 (10).jpg,1,0.9898157019816584
896 (2).jpg,1,0.9908535855507538
896 (3).jpg,1,0.9915696170542511
896 (4).jpg,1,0.9698196263945983
896 (5).jpg,1,0.9856939380035615
896 (6).jpg,1,0.9923367970031629
896 (7).jpg,1,0.9925429378668525
896 (8).jpg,1,0.9920799944118228
896 (9).jpg,1,0.9911204954634631
896.jpg,1,0.9920572287952498
897 (10).jpg,1,0.9912372699126453
897 (2).jpg,1,0.9895695856411325
897 (3).jpg,1,0.9767069712294875
897 (4).jpg,1,0.9918561352317636
897 (5).jpg,1,0.9922718235392911
897 (6).jpg,1,0.9897866150727838
897 (7).jpg,1,0.9903167544368786
897 (8).jpg,1,0.991644989232862
897 (9).jpg,1,0.9917052765613787
897.jpg,1,0.9874176485756512
898 (10).jpg,1,0.9915543160008731
898 (2).jpg,1,0.9918475361030874
898 (3).jpg,1,0.9845202395107238
898 (4).jpg,1,0.9922868590369041
898 (5).jpg,1,0.99162711965882
898 (6).jpg,1,0.9888580324286086
898 (7).jpg,1,0.9892242921532304
898 (8).jpg,1,0.9923007329170549
898 (9).jpg,1,0.9877491246997642
898.jpg,1,0.982771674081799
899 (10).jpg,1,0.992211519568251
899 (2).jpg,1,0.9907092886239999
899 (3).jpg,1,0.9919545600251481
899 (4).jpg,1,0.956517436689692
899 (5).jpg,1,0.9925752903188987
899 (6).jpg,1,0.991469200910438
899 (7).jpg,1,0.9846214580459021
899 (8).jpg,1,0.9924139931267133
899 (9).jpg,1,0.9887435229372361
899.jpg,1,0.9904727882503013
9 (10).jpg,1,0.9899076400689697
9 (2).jpg,1,0.9872920911893436
9 (3).jpg,1,0.9915219379229793
9 (4).jpg,1,0.9920611149289337
9 (5).jpg,1,0.9898548108665904
9 (6).jpg,1,0.9919602037849254
9 (7).jpg,1,0.9925633711620456
9 (8).jpg,1,0.99042241287831
9 (9).jpg,1,0.9922375574974932
9.jpg,1,0.9919617469987414
90 (10).jpg,1,0.886253183242062
90 (2).jpg,1,0.9819519727816162
90 (3).jpg,1,0.985537202405768
90 (4).jpg,1,0.9921087072646497
90 (5).jpg,1,0.992462941956875
90 (6).jpg,1,0.9915954995150155
90 (7).jpg,1,0.992269865397547
90 (8).jpg,1,0.992236695340801
90 (9).jpg,1,0.9807456938077211
90.jpg,1,0.9889796435207762
900 (10).jpg,1,0.9224291884418199
900 (2).jpg,1,0.9902641778103386
900 (3).jpg,1,0.9626825337151874
900 (4).jpg,1,0.9904099353440804
900 (5).jpg,1,0.9919473569742914
900 (6).jpg,1,0.9917582356088339
900 (7).jpg,1,0.9925210392243602
900 (8).jpg,1,0.9864968023679028
900 (9).jpg,1,0.9895155343600622
900.jpg,1,0.9901896789592666
901 (10).jpg,1,0.9902784995871908
901 (2).jpg,1,0.9915268583144337
901 (3).jpg,1,0.9769489178161149
901 (4).jpg,1,0.9924065097746279
901 (5).jpg,1,0.9914547294742926
901 (6).jpg,1,0.9922687161291063
901 (7).jpg,1,0.9925757556665635
901 (8).jpg,1,0.9924517054783842
901 (9).jpg,1,0.9917803431667236
901.jpg,1,0.9919540808352476
902 (10).jpg,1,0.9464745101624512
902 (2).jpg,1,0.9893209411028598
902 (3).jpg,1,0.9919442222306236
902 (4).jpg,1,0.988241267810295
902 (5).jpg,1,0.9921395433765056
902 (6).jpg,1,0.9914115410160171
902 (7).jpg,1,0.9926169026343176
902 (8).jpg,1,0.9917452108393859
902 (9).jpg,1,0.9920283137865683
902.jpg,1,0.9895903502858454
903 (10).jpg,1,0.9917419328095854
903 (2).jpg,1,0.991989251994132
903 (3).jpg,1,0.9905899008134781
903 (4).jpg,1,0.9919323540930071
903 (5).jpg,1,0.9887825779684943
903 (6).jpg,1,0.9921428984499526
903 (7).jpg,1,0.9919199155364832
903 (8).jpg,1,0.9870820664609564
903 (9).jpg,1,0.9910878520964077
903.jpg,1,0.9923228098486032
904 (10).jpg,1,0.9898311328126826
904 (2).jpg,1,0.9913166584034487
904 (3).jpg,1,0.6714911566178667
904 (4).jpg,1,0.9924071204375311
904 (5).jpg,1,0.9914255938609482
904 (6).jpg,1,0.9924720830988524
904 (7).jpg,1,0.9921572160870715
904 (8).jpg,1,0.990793518619582
904 (9).jpg,1,0.9914075456281075
904.jpg,1,0.9847450202400349
905 (10).jpg,1,0.990531424888747
905 (2).jpg,1,0.9917743989644636
905 (3).jpg,1,0.9769648107846268
905 (4).jpg,1,0.9916764195920095
905 (5).jpg,1,0.9847214015378635
905 (6).jpg,1,0.9895301098246995
905 (7).jpg,1,0.9925493892005347
905 (8).jpg,1,0.9558380827940057
905 (9).jpg,1,0.9886256026973921
905.jpg,1,0.991464496837562
906 (10).jpg,1,0.9906018810685653
906 (2).jpg,1,0.9922865771297278
906 (3).jpg,1,0.9918912857829899
906 (4).jpg,1,0.9902843484792441
906 (5).jpg,1,0.9904382654038101
906 (6).jpg,1,0.992470688824999
906 (7).jpg,1,0.9925701450691788
906 (8).jpg,1,0.9886007477979465
906 (9).jpg,1,0.9915232522103703
906.jpg,1,0.9920959385152127
907 (10).jpg,1,0.9514521947935455
907 (2).jpg,1,0.9922661313787441
907 (3).jpg,1,0.9780461434716454
907 (4).jpg,1,0.992474653629748
907 (5).jpg,1,0.992470225114411
907 (6).jpg,1,0.9920496903502005
907 (7).jpg,1,0.9924798442459374
907 (8).jpg,1,0.99210957982401
907 (9).jpg,1,0.9915963915695141
907.jpg,1,0.9549414651350799
908 (10).jpg,1,0.9023829616128735
908 (2).jpg,1,0.9909758562418446
908 (3).jpg,0,0.4293751343788086
908 (4).jpg,1,0.9409370179224781
908 (5).jpg,1,0.9921211824956987
908 (6).jpg,1,0.9861053427938485
908 (7).jpg,1,0.9923570551712739
908 (8).jpg,1,0.9922579883538483
908 (9).jpg,1,0.9911680217292869
908.jpg,1,0.9916422314155046
909 (10).jpg,1,0.9882116585812006
909 (2).jpg,1,0.988452227397612
909 (3).jpg,1,0.991626083999478
909 (4).jpg,1,0.9920150388116104
909 (5).jpg,1,0.9901370903679979
909 (6).jpg,1,0.9924924090094284
909 (7).jpg,1,0.992227364771695
909 (8).jpg,1,0.9895139083480213
909 (9).jpg,1,0.9902894953220721
909.jpg,1,0.9912189982642793
91 (10).jpg,1,0.9691605406506838
91 (2).jpg,1,0.9865945750208469
91 (3).jpg,1,0.9870424105378087
91 (4).jpg,1,0.992121540497163
91 (5).jpg,1,0.9864710301574529
91 (6).jpg,1,0.9907047799805576
91 (7).jpg,1,0.9920904809083142
91 (8).jpg,1,0.9925062866627526
91 (9).jpg,1,0.9917881832145556
91.jpg,1,0.9909921354389404
910 (10).jpg,1,0.992374127055104
910 (2).jpg,0,0.3156679111745163
910 (3).jpg,1,0.9839628239151103
910 (4).jpg,1,0.9916547353041841
910 (5).jpg,1,0.9923241576802452
910 (6).jpg,1,0.9925122739993335
910 (7).jpg,1,0.9919969941184235
910 (8).jpg,1,0.9921729900923459
910 (9).jpg,1,0.9695948701607546
910.jpg,1,0.9922638378425397
911 (10).jpg,1,0.9885484229564555
911 (2).jpg,1,0.9909349481975536
911 (3).jpg,1,0.9905256742369658
911 (4).jpg,1,0.9921171740656828
911 (5).jpg,1,0.9925494022650557
911 (6).jpg,1,0.9922597159074337
911 (7).jpg,1,0.9923407739457406
911 (8).jpg,1,0.988293139947146
911 (9).jpg,1,0.9901714040330613
911.jpg,1,0.9912469115406284
912 (10).jpg,1,0.988042834547871
912 (2).jpg,1,0.9884273138910739
912 (3).jpg,1,0.99076445997303
912 (4).jpg,1,0.9925122963748935
912 (5).jpg,1,0.9911989774063811
912 (6).jpg,1,0.9923463778647569
912 (7).jpg,1,0.9918591367102315
912 (8).jpg,0,0.015105736315263294
912 (9).jpg,1,0.920511812215374
912.jpg,1,0.9882302664165977
913 (10).jpg,1,0.9922125695988765
913 (2).jpg,1,0.9922475660122727
913 (3).jpg,0,0.00894100984149574
913 (4).jpg,1,0.9880178736043996
913 (5).jpg,1,0.9923690635232556
913 (6).jpg,1,0.9923876201329865
913 (7).jpg,1,0.9924440231596885
913 (8).jpg,1,0.991873548933849
913 (9).jpg,1,0.9919659727500574
913.jpg,1,0.9893698557378016
914 (10).jpg,1,0.9907090378606055
914 (2).jpg,1,0.991588454313294
914 (3).jpg,1,0.990632921756893
914 (4).jpg,1,0.9917851136827442
914 (5).jpg,1,0.9924829809584454
914 (6).jpg,1,0.9871612509395254
914 (7).jpg,1,0.9926078252334503
914 (8).jpg,1,0.9912138698043839
914 (9).jpg,1,0.991250211631233
914.jpg,1,0.990537203948204
915 (10).jpg,1,0.9886595860668137
915 (2).jpg,1,0.9911471993570866
915 (3).jpg,1,0.9908809036977286
915 (4).jpg,1,0.9913133144036138
915 (5).jpg,1,0.9924849493477598
915 (6).jpg,1,0.9895205421960052
915 (7).jpg,1,0.9926132709544199
915 (8).jpg,1,0.9919273976473313
915 (9).jpg,1,0.9219148255932185
915.jpg,1,0.9571293672848667
916 (10).jpg,1,0.9899432836740283
916 (2).jpg,1,0.9911344066621254
916 (3).jpg,1,0.9826229239096976
916 (4).jpg,1,0.9923182420891057
916 (5).jpg,1,0.9916132284125534
916 (6).jpg,1,0.9898375906041799
916 (7).jpg,1,0.9923651605635132
916 (8).jpg,1,0.9921966710600126
916 (9).jpg,1,0.9917854844688513
916.jpg,1,0.9916699627228792
917 (10).jpg,1,0.9877486752110457
917 (2).jpg,1,0.9914828043713283
917 (3).jpg,1,0.9909326034782187
917 (4).jpg,1,0.9918802658000725
917 (5).jpg,1,0.9873862115801814
917 (6).jpg,1,0.9915050867565284
917 (7).jpg,1,0.9924697517753778
917 (8).jpg,1,0.9908307666363477
917 (9).jpg,1,0.9916767476169598
917.jpg,1,0.9718263289468808
918 (10).jpg,1,0.9898828022624135
918 (2).jpg,1,0.9829437490833616
918 (3).jpg,1,0.9643532806822177
918 (4).jpg,1,0.9913429052375553
918 (5).jpg,1,0.8675635308636009
918 (6).jpg,1,0.9900816800051393
918 (7).jpg,1,0.9926056525661865
918 (8).jpg,1,0.9886348361870912
918 (9).jpg,1,0.9890037631752664
918.jpg,1,0.9914656837881007
919 (10).jpg,1,0.9918298380147906
919 (2).jpg,1,0.992226299733575
919 (3).jpg,1,0.9915586622887642
919 (4).jpg,1,0.9924556747037017
919 (5).jpg,1,0.8618472670720578
919 (6).jpg,1,0.9910449708850977
919 (7).jpg,1,0.9924956972766734
919 (8).jpg,1,0.9444127618032095
919 (9).jpg,1,0.9855408467949488
919.jpg,1,0.9885858708070019
92 (10).jpg,1,0.9918510388294517
92 (2).jpg,1,0.9890844476122562
92 (3).jpg,1,0.9838023808764434
92 (4).jpg,1,0.9917958617636001
92 (5).jpg,1,0.9922263250657942
92 (6).jpg,1,0.9880310574538348
92 (7).jpg,1,0.9926169026343176
92 (8).jpg,1,0.9922932667038025
92 (9).jpg,1,0.9895676632681545
92.jpg,1,0.9882310836775461
920 (10).jpg,1,0.990705486862997
920 (2).jpg,1,0.9530688674774168
920 (3).jpg,1,0.968391212991274
920 (4).jpg,1,0.9900716717473875
920 (5).jpg,1,0.9917559119608529
920 (6).jpg,1,0.9909008348845186
920 (7).jpg,1,0.9924539687959173
920 (8).jpg,1,0.9895296416713723
920 (9).jpg,1,0.9902238151809828
920.jpg,1,0.9907066697105835
921 (10).jpg,1,0.9917483239639493
921 (2).jpg,1,0.9920455838467156
921 (3).jpg,1,0.9671159928863277
921 (4).jpg,1,0.9913453883568896
921 (5).jpg,1,0.9919936689470271
921 (6).jpg,1,0.9919833860749171
921 (7).jpg,1,0.955225487289604
921 (8).jpg,1,0.9755179176296548
921 (9).jpg,1,0.9922151125264091
921.jpg,1,0.9920367002346617
922 (10).jpg,1,0.9891486076992305
922 (2).jpg,1,0.9923251330459917
922 (3).jpg,1,0.8800305106872512
922 (4).jpg,1,0.9921520514312813
922 (5).jpg,1,0.9918824996721598
922 (6).jpg,1,0.9922221873850031
922 (7).jpg,1,0.990550652284126
922 (8).jpg,1,0.9917009543705873
922 (9).jpg,1,0.9893429345327245
922.jpg,1,0.9917568919653084
923 (10).jpg,1,0.9902258930889997
923 (2).jpg,1,0.9917318852703731
923 (3).jpg,1,0.990446366051749
923 (4).jpg,1,0.985934898408917
923 (5).jpg,1,0.9916729291991352
923 (6).jpg,1,0.9882593363050891
923 (7).jpg,1,0.9924144523627891
923 (8).jpg,1,0.9904936599345818
923 (9).jpg,1,0.9922476502417683
923.jpg,1,0.9915477004775332
924 (10).jpg,1,0.9892636172199727
924 (2).jpg,1,0.9922977148960008
924 (3).jpg,1,0.9889378430113126
924 (4).jpg,1,0.9925179054948969
924 (5).jpg,1,0.90411645916063
924 (6).jpg,1,0.9896093396978792
924 (7).jpg,1,0.9923398179733818
924 (8).jpg,1,0.9887829727020417
924 (9).jpg,1,0.9899684514398016
924.jpg,1,0.9907321643311461
925 (10).jpg,1,0.9922064870303344
925 (2).jpg,1,0.9916975728433791
925 (3).jpg,1,0.986611270901859
925 (4).jpg,1,0.9923224444124018
925 (5).jpg,1,0.9912588385808612
925 (6).jpg,1,0.9926087769370834
925 (7).jpg,1,0.9925901771425971
925 (8).jpg,1,0.9911025098237976
925 (9).jpg,1,0.9866975545724223
925.jpg,1,0.9821583201140921
926 (10).jpg,1,0.9892781365136425
926 (2).jpg,1,0.9869818878252051
926 (3).jpg,1,0.5336750433811541
926 (4).jpg,1,0.991606631744759
926 (5).jpg,1,0.9919518722383819
926 (6).jpg,1,0.9910528015876224
926 (7).jpg,1,0.992627575046855
926 (8).jpg,1,0.9920315605903931
926 (9).jpg,1,0.991307864377423
926.jpg,1,0.9916637490473389
927 (10).jpg,1,0.9889777985893001
927 (2).jpg,1,0.9918807524221603
927 (3).jpg,1,0.9712989066934186
927 (4).jpg,1,0.9923025613376746
927 (5).jpg,1,0.9923010962670287
927 (6).jpg,1,0.9855868448078084
927 (7).jpg,1,0.9911017731881718
927 (8).jpg,1,0.9889425460923494
927 (9).jpg,1,0.9598674893836879
927.jpg,1,0.9914764257367829
928 (10).jpg,1,0.9899336048036753
928 (2).jpg,1,0.9924058624303406
928 (3).jpg,1,0.9867181354616004
928 (4).jpg,1,0.9922459638229948
928 (5).jpg,1,0.9923725442444681
928 (6).jpg,1,0.991758677968968
928 (7).jpg,1,0.9926117672505107
928 (8).jpg,1,0.9920302499131719
928 (9).jpg,1,0.9909956850726935
928.jpg,1,0.9921527032548889
929 (10).jpg,1,0.9901606387740539
929 (2).jpg,1,0.9924862124762517
929 (3).jpg,1,0.9861565104055747
929 (4).jpg,1,0.9908682182714348
929 (5).jpg,1,0.9921577857795164
929 (6).jpg,1,0.9918781602604008
929 (7).jpg,1,0.9923044255856719
929 (8).jpg,1,0.9921358002038846
929 (9).jpg,1,0.9652724665220459
929.jpg,1,0.9904471353965395
93 (10).jpg,1,0.9909964116505376
93 (2).jpg,1,0.9924350937130522
93 (3).jpg,1,0.9828464152953764
93 (4).jpg,1,0.9924805686582975
93 (5).jpg,1,0.9262084025685127
93 (6).jpg,1,0.9920570037209666
93 (7).jpg,1,0.9925617044620945
93 (8).jpg,1,0.9920485975356208
93 (9).jpg,1,0.991478571886007
93.jpg,1,0.9922052288800156
930 (10).jpg,0,0.009200096836149163
930 (2).jpg,1,0.9899947858091999
930 (3).jpg,1,0.9917080013690571
930 (4).jpg,1,0.991044789963897
930 (5).jpg,1,0.992238569703606
930 (6).jpg,1,0.9892678849449634
930 (7).jpg,1,0.9925254694951661
930 (8).jpg,1,0.9644847818539046
930 (9).jpg,1,0.9888515787330987
930.jpg,1,0.9904657187712649
931 (10).jpg,1,0.9860178384281401
931 (2).jpg,1,0.9913161975302023
931 (3).jpg,1,0.9911389013419221
931 (4).jpg,1,0.991640897554548
931 (5).jpg,1,0.6393853777158132
931 (6).jpg,1,0.9918424269296786
931 (7).jpg,1,0.9925000650170835
931 (8).jpg,1,0.9837341401073272
931 (9).jpg,1,0.9923170579176431
931.jpg,1,0.9923352537393595
932 (10).jpg,1,0.9918246370815352
932 (2).jpg,1,0.9911198645871216
932 (3).jpg,1,0.9894441684409269
932 (4).jpg,1,0.9919417539231444
932 (5).jpg,1,0.9924260418239734
932 (6).jpg,1,0.9915906702353926
932 (7).jpg,1,0.9924744446784115
932 (8).jpg,1,0.9912541246353754
932 (9).jpg,1,0.9794662069272466
932.jpg,1,0.9908181208158712
933 (10).jpg,1,0.9904009881939378
933 (2).jpg,1,0.9910073998719077
933 (3).jpg,1,0.9803606792882968
933 (4).jpg,1,0.9917440497687863
933 (5).jpg,1,0.9916026482862017
933 (6).jpg,1,0.9924116042012556
933 (7).jpg,1,0.992470483236539
933 (8).jpg,1,0.9893931040097881
933 (9).jpg,1,0.991099803228624
933.jpg,1,0.9900388602562653
934 (10).jpg,1,0.991821566830919
934 (2).jpg,1,0.9923032340053687
934 (3).jpg,1,0.9911408369625885
934 (4).jpg,1,0.9921185736063756
934 (5).jpg,1,0.9919411569149043
934 (6).jpg,1,0.9919220858247468
934 (7).jpg,1,0.9926057806377268
934 (8).jpg,1,0.9867004820903672
934 (9).jpg,1,0.9909787114074395
934.jpg,1,0.9895218223387121
935 (10).jpg,1,0.9855651412052959
935 (2).jpg,1,0.9808451104511615
935 (3).jpg,0,0.1423443864990521
935 (4).jpg,1,0.9912446924741966
935 (5).jpg,1,0.9886767028252572
935 (6).jpg,1,0.9885545981025817
935 (7).jpg,1,0.9925603305908592
935 (8).jpg,1,0.9922486134645988
935 (9).jpg,1,0.9897569681412076
935.jpg,1,0.947210537012957
936 (10).jpg,1,0.9808328799088062
936 (2).jpg,1,0.9923284157410529
936 (3).jpg,1,0.988717943482005
936 (4).jpg,1,0.9923206238148019
936 (5).jpg,1,0.992026105962574
936 (6).jpg,1,0.9890937335400022
936 (7).jpg,1,0.9906806828683455
936 (8).jpg,1,0.9921741651110334
936 (9).jpg,1,0.982013672503767
936.jpg,1,0.9905812683219772
937 (10).jpg,1,0.9275032085269957
937 (2).jpg,1,0.9922704882124989
937 (3).jpg,1,0.9756241371349186
937 (4).jpg,1,0.9920664685260211
937 (5).jpg,1,0.9834701293396382
937 (6).jpg,1,0.9923879409776842
937 (7).jpg,1,0.9925021696536886
937 (8).jpg,1,0.9397392776659115
937 (9).jpg,1,0.9892794304597582
937.jpg,0,0.10575947478669998
938 (10).jpg,1,0.9894185209030638
938 (2).jpg,1,0.9917261078606294
938 (3).jpg,1,0.989554799235807
938 (4).jpg,1,0.9922185139422897
938 (5).jpg,1,0.9910096738355232
938 (6).jpg,1,0.9918100452641208
938 (7).jpg,1,0.9906289346284133
938 (8).jpg,1,0.990677684540496
938 (9).jpg,1,0.9890276277925151
938.jpg,1,0.9895020357585035
939 (10).jpg,1,0.9900917366215394
939 (2).jpg,1,0.7871059510732392
939 (3).jpg,1,0.9908282337475167
939 (4).jpg,1,0.9926143386695341
939 (5).jpg,1,0.988613801886303
939 (6).jpg,1,0.9818763875551613
939 (7).jpg,1,0.9925130614899137
939 (8).jpg,1,0.9911380493499071
939 (9).jpg,1,0.9881253895768665
939.jpg,1,0.9687088041546742
94 (10).jpg,1,0.9869599184795983
94 (2).jpg,1,0.9921907497780685
94 (3).jpg,1,0.9910175522177497
94 (4).jpg,1,0.9925605801787082
94 (5).jpg,1,0.9895373887662522
94 (6).jpg,1,0.9811209138127994
94 (7).jpg,1,0.9925628938099197
94 (8).jpg,1,0.9922197024847453
94 (9).jpg,1,0.9879026264129466
94.jpg,1,0.9879520293375932
940 (10).jpg,1,0.9917771584155449
940 (2).jpg,1,0.9924529015496292
940 (3).jpg,1,0.9884617781039261
940 (4).jpg,1,0.7431988059981363
940 (5).jpg,1,0.9919304896378063
940 (6).jpg,1,0.9798128893925313
940 (7).jpg,1,0.9924396832981319
940 (8).jpg,1,0.9906202559193594
940 (9).jpg,1,0.9847664795821982
940.jpg,1,0.991662543340315
941 (10).jpg,1,0.9914886243870182
941 (2).jpg,1,0.9900717147611402
941 (3).jpg,1,0.9778509014188673
941 (4).jpg,1,0.9922426494252842
941 (5).jpg,1,0.9925555016562254
941 (6).jpg,1,0.9923017539313489
941 (7).jpg,1,0.9925694172297997
941 (8).jpg,1,0.9924441981140546
941 (9).jpg,1,0.9904225594811408
941.jpg,1,0.9824780404502401
942 (10).jpg,1,0.9894301381900665
942 (2).jpg,1,0.9925654071125265
942 (3).jpg,1,0.9909066516036725
942 (4).jpg,1,0.9911311916125034
942 (5).jpg,0,0.21562655629455396
942 (6).jpg,1,0.9921683531845339
942 (7).jpg,1,0.9922990767322453
942 (8).jpg,1,0.9923998108300701
942 (9).jpg,1,0.9829974801842024
942.jpg,1,0.9916970097019163
943 (10).jpg,1,0.9147523869876029
943 (2).jpg,1,0.9923897620751138
943 (3).jpg,1,0.9853430990439905
943 (4).jpg,1,0.9898958372397275
943 (5).jpg,1,0.9919949508292665
943 (6).jpg,1,0.9908064559736721
943 (7).jpg,1,0.9924493403787449
943 (8).jpg,1,0.9914466745966082
943 (9).jpg,1,0.9918605614776788
943.jpg,1,0.9904579848466721
944 (10).jpg,1,0.464676802532471
944 (2).jpg,1,0.9807760601481034
944 (3).jpg,1,0.9895516310727293
944 (4).jpg,1,0.9921819060459665
944 (5).jpg,1,0.9925350592766097
944 (6).jpg,1,0.9895806628877354
944 (7).jpg,1,0.9926263576989175
944 (8).jpg,1,0.9855642400342273
944 (9).jpg,1,0.9915376639146536
944.jpg,1,0.9914952556395129
945 (10).jpg,1,0.9874447283210321
945 (2).jpg,1,0.9899884167749332
945 (3).jpg,1,0.9904390084257446
945 (4).jpg,1,0.9914413423771505
945 (5).jpg,1,0.9125884537764545
945 (6).jpg,1,0.8577881720526358
945 (7).jpg,1,0.9926032920097252
945 (8).jpg,1,0.9924077509941504
945 (9).jpg,1,0.9916902936277873
945.jpg,1,0.9925141034515933
946 (10).jpg,1,0.9915454878885178
946 (2).jpg,1,0.9924392062169706
946 (3).jpg,1,0.9894419493657618
946 (4).jpg,1,0.9912734377598226
946 (5).jpg,1,0.9923908324737418
946 (6).jpg,1,0.9902931786356433
946 (7).jpg,1,0.9903032731767201
946 (8).jpg,1,0.9904153721560435
946 (9).jpg,1,0.989808926212932
946.jpg,1,0.9917691479125422
947 (10).jpg,1,0.9902853162794154
947 (2).jpg,1,0.9921689751878505
947 (3).jpg,1,0.9649818128314344
947 (4).jpg,1,0.9923980053005798
947 (5).jpg,1,0.9923575624871781
947 (6).jpg,1,0.9864748148267427
947 (7).jpg,1,0.9925666284245193
947 (8).jpg,1,0.9917988559240738
947 (9).jpg,1,0.9900524750975614
947.jpg,1,0.9924161918222077
948 (10).jpg,1,0.9895715897987923
948 (2).jpg,1,0.9915319925522539
948 (3).jpg,1,0.9912419177758025
948 (4).jpg,1,0.9911340711195379
948 (5).jpg,1,0.9904709905855916
948 (6).jpg,1,0.9893015539107574
948 (7).jpg,1,0.9926141459605435
948 (8).jpg,1,0.9916835603864903
948 (9).jpg,1,0.9917562662744426
948.jpg,1,0.9921219394904252
949 (10).jpg,1,0.9910847462248933
949 (2).jpg,1,0.9904122650175916
949 (3).jpg,1,0.9918664299447708
949 (4).jpg,1,0.9887654445463043
949 (5).jpg,1,0.9923518177184644
949 (6).jpg,1,0.9884309923971756
949 (7).jpg,1,0.9924091250756685
949 (8).jpg,1,0.9879751724828284
949 (9).jpg,1,0.8495228592781127
949.jpg,1,0.9882969010762029
95 (10).jpg,1,0.9902392723294353
95 (2).jpg,1,0.9909605429454302
95 (3).jpg,1,0.986407837109451
95 (4).jpg,1,0.9924045236843991
95 (5).jpg,1,0.6812881725235876
95 (6).jpg,1,0.9698120862947653
95 (7).jpg,1,0.9926066590791495
95 (8).jpg,1,0.992115592350361
95 (9).jpg,1,0.9884894545201658
95.jpg,1,0.9915578760184333
950 (10).jpg,1,0.9877246224118418
950 (2).jpg,1,0.990796458366266
950 (3).jpg,1,0.9868528436351816
950 (4).jpg,1,0.9925680466071183
950 (5).jpg,1,0.9897591613005244
950 (6).jpg,1,0.9924389761608894
950 (7).jpg,1,0.9925410940738494
950 (8).jpg,1,0.992470470992376
950 (9).jpg,1,0.9785922475299387
950.jpg,1,0.9908541591982557
951 (10).jpg,1,0.9892235412334808
951 (2).jpg,1,0.9919424327066595
951 (3).jpg,1,0.9873533384836471
951 (4).jpg,1,0.9924261799716279
951 (5).jpg,1,0.9922192734282239
951 (6).jpg,1,0.992313887134085
951 (7).jpg,1,0.9925879964094623
951 (8).jpg,1,0.9908486839944032
951 (9).jpg,1,0.9891201220294561
951.jpg,1,0.9924912146193439
952 (10).jpg,1,0.9444142333758524
952 (2).jpg,1,0.9917009880345836
952 (3).jpg,1,0.9781671478384907
952 (4).jpg,1,0.991100559946588
952 (5).jpg,1,0.9905897833129959
952 (6).jpg,1,0.9907349524438939
952 (7).jpg,1,0.9925804004498392
952 (8).jpg,1,0.9858788944104755
952 (9).jpg,1,0.9836291521818774
952.jpg,1,0.9829095682092832
953 (10).jpg,1,0.990247156898811
953 (2).jpg,1,0.9909845879071584
953 (3).jpg,1,0.9899674974515584
953 (4).jpg,1,0.9900167028513407
953 (5).jpg,1,0.9924698689474672
953 (6).jpg,1,0.9921027455322527
953 (7).jpg,1,0.9925069864216256
953 (8).jpg,1,0.9916724988778212
953 (9).jpg,1,0.9887399056278345
953.jpg,1,0.9898756739738144
954 (10).jpg,1,0.9850364389459534
954 (2).jpg,1,0.9923388332632397
954 (3).jpg,1,0.9923324586201906
954 (4).jpg,1,0.9923813409594416
954 (5).jpg,1,0.9915960784823536
954 (6).jpg,1,0.9899019331604959
954 (7).jpg,1,0.9925263690680396
954 (8).jpg,1,0.9904004922576938
954 (9).jpg,1,0.44717758325841755
954.jpg,1,0.9920435020647118
955 (10).jpg,1,0.9833481064195815
955 (2).jpg,1,0.9913139765399224
955 (3).jpg,1,0.7755255460316778
955 (4).jpg,1,0.9917367939675824
955 (5).jpg,1,0.9925542660947101
955 (6).jpg,1,0.9922633108548913
955 (7).jpg,1,0.9876098473138423
955 (8).jpg,1,0.9912505931937425
955 (9).jpg,0,0.06277648197363846
955.jpg,1,0.9838082445389645
956 (10).jpg,1,0.9913635628583393
956 (2).jpg,1,0.9919626352831986
956 (3).jpg,0,0.007693840857864583
956 (4).jpg,0,0.008071246717810513
956 (5).jpg,1,0.9926004187960453
956 (6).jpg,1,0.992470091067045
956 (7).jpg,1,0.9925709471488767
956 (8).jpg,1,0.9903123412318303
956 (9).jpg,1,0.9902004730135815
956.jpg,1,0.9921897887672689
957 (10).jpg,1,0.9910444472124462
957 (2).jpg,1,0.9917428072965094
957 (3).jpg,1,0.9774843362757136
957 (4).jpg,1,0.9918861178075539
957 (5).jpg,1,0.6170973448870736
957 (6).jpg,1,0.992476395758877
957 (7).jpg,1,0.9924370959941424
957 (8).jpg,1,0.9889964461339039
957 (9).jpg,1,0.989240204662199
957.jpg,1,0.9913014848356299
958 (10).jpg,1,0.9900933663736216
958 (2).jpg,1,0.9765399133330233
958 (3).jpg,1,0.9860680054512756
958 (4).jpg,1,0.9806789325892629
958 (5).jpg,1,0.9418215104482228
958 (6).jpg,1,0.9902804531708188
958 (7).jpg,1,0.9925373157567047
958 (8).jpg,1,0.9917919854587497
958 (9).jpg,1,0.9922315324610907
958.jpg,1,0.991438888547151
959 (10).jpg,1,0.9692012602514427
959 (2).jpg,1,0.9872663152949149
959 (3).jpg,1,0.9879068553114907
959 (4).jpg,1,0.9915323770002126
959 (5).jpg,1,0.9925067539764325
959 (6).jpg,1,0.9920760114235151
959 (7).jpg,1,0.9914081961964042
959 (8).jpg,1,0.9923596915581703
959 (9).jpg,1,0.9911038962024703
959.jpg,1,0.9919108841085523
96 (10).jpg,1,0.9919382932552911
96 (2).jpg,1,0.991290805709358
96 (3).jpg,1,0.9920331343189279
96 (4).jpg,1,0.9917838606448425
96 (5).jpg,1,0.984973086989965
96 (6).jpg,1,0.9921113260487322
96 (7).jpg,1,0.9925467570658296
96 (8).jpg,1,0.9921563702413517
96 (9).jpg,1,0.9922468301229634
96.jpg,1,0.991493774492004
960 (10).jpg,1,0.99153757030499
960 (2).jpg,1,0.9921953774046215
960 (3).jpg,1,0.9910371390061868
960 (4).jpg,1,0.8415996958581271
960 (5).jpg,1,0.9921024263733906
960 (6).jpg,1,0.8575682926880216
960 (7).jpg,1,0.9924793675520396
960 (8).jpg,0,0.10633236194706447
960 (9).jpg,1,0.98977384602713
960.jpg,1,0.9883127152425843
961 (10).jpg,1,0.9907559860541936
961 (2).jpg,1,0.9897928412004058
961 (3).jpg,1,0.9916728829636275
961 (4).jpg,1,0.9893956364858876
961 (5).jpg,1,0.9898614860849854
961 (6).jpg,1,0.9876697148136713
961 (7).jpg,1,0.9926234897740336
961 (8).jpg,1,0.9914903245487394
961 (9).jpg,1,0.9920227883037833
961.jpg,1,0.9921517154013195
962 (10).jpg,1,0.9905737126411673
962 (2).jpg,1,0.9885218748700286
962 (3).jpg,1,0.9917478466316341
962 (4).jpg,1,0.9921228676375937
962 (5).jpg,1,0.9915749247262481
962 (6).jpg,1,0.9898290820484109
962 (7).jpg,1,0.9925340711913839
962 (8).jpg,1,0.9889702971108639
962 (9).jpg,1,0.9920828510653695
962.jpg,1,0.9889389454685635
963 (10).jpg,1,0.9877746762665499
963 (2).jpg,1,0.9887247630094629
963 (3).jpg,0,0.22642178844510327
963 (4).jpg,1,0.992331827749729
963 (5).jpg,1,0.9878327906233845
963 (6).jpg,1,0.9348159306466147
963 (7).jpg,1,0.9876946457943577
963 (8).jpg,1,0.9881597199744495
963 (9).jpg,1,0.9923568016410506
963.jpg,1,0.9899261342334197
964 (10).jpg,1,0.9903467550189136
964 (2).jpg,1,0.9914918384102701
964 (3).jpg,1,0.9781124788760892
964 (4).jpg,1,0.991996721234943
964 (5).jpg,1,0.9924064188554066
964 (6).jpg,1,0.9894092508881458
964 (7).jpg,1,0.9925904016752799
964 (8).jpg,1,0.9924590633488074
964 (9).jpg,1,0.9922794186457023
964.jpg,1,0.5907783416996424
965 (10).jpg,1,0.9902055197542379
965 (2).jpg,1,0.9706870992969596
965 (3).jpg,1,0.9916042729230452
965 (4).jpg,1,0.9921938479470173
965 (5).jpg,1,0.9900257827615484
965 (6).jpg,1,0.9912701173131981
965 (7).jpg,1,0.9910199793935209
965 (8).jpg,1,0.9894683635263282
965 (9).jpg,1,0.9825237798932333
965.jpg,1,0.9796401106000501
966 (10).jpg,1,0.9903535089668252
966 (2).jpg,1,0.9896401364092386
966 (3).jpg,1,0.9899633554850272
966 (4).jpg,1,0.9920918920608589
966 (5).jpg,1,0.9919593295018436
966 (6).jpg,1,0.9919942003264359
966 (7).jpg,1,0.9919238091379
966 (8).jpg,1,0.9923947212337838
966 (9).jpg,1,0.9916049744985005
966.jpg,1,0.9892665214174772
967 (10).jpg,1,0.9911101954138174
967 (2).jpg,1,0.9824693627199585
967 (3).jpg,1,0.9865118691401378
967 (4).jpg,1,0.9894909084077188
967 (5).jpg,1,0.9863418209075213
967 (6).jpg,1,0.9905288309666042
967 (7).jpg,1,0.9898070823981582
967 (8).jpg,1,0.9918377034763606
967 (9).jpg,1,0.9907984952152533
967.jpg,1,0.9918536547360526
968 (10).jpg,1,0.9884761595504161
968 (2).jpg,1,0.9903897659194716
968 (3).jpg,1,0.9853519501654261
968 (4).jpg,1,0.9911151706722963
968 (5).jpg,1,0.9921642729272508
968 (6).jpg,1,0.9864728628114733
968 (7).jpg,1,0.9925520863137164
968 (8).jpg,1,0.9920390837426313
968 (9).jpg,1,0.991466010162622
968.jpg,1,0.9884079740816608
969 (10).jpg,1,0.9898798221710593
969 (2).jpg,1,0.9908838445847339
969 (3).jpg,1,0.9906139406602935
969 (4).jpg,1,0.976579646599293
969 (5).jpg,1,0.9922549151845284
969 (6).jpg,1,0.992514655739716
969 (7).jpg,1,0.9925707343837544
969 (8).jpg,1,0.9923217991807248
969 (9).jpg,1,0.9903812673272155
969.jpg,1,0.9881584286589113
97 (10).jpg,1,0.9873887977816636
97 (2).jpg,0,0.006996481179308509
97 (3).jpg,0,0.05178911508942762
97 (4).jpg,1,0.9914548902930941
97 (5).jpg,1,0.9875128621918936
97 (6).jpg,1,0.9915686057262328
97 (7).jpg,1,0.9915898333306093
97 (8).jpg,1,0.9868090843756747
97 (9).jpg,1,0.9867389332687915
97.jpg,1,0.8646161087469482
970 (10).jpg,1,0.9896979128800684
970 (2).jpg,1,0.9818736425426653
970 (3).jpg,1,0.9889963760407102
970 (4).jpg,1,0.9919747445188148
970 (5).jpg,0,0.028622139227697168
970 (6).jpg,1,0.9924587672291424
970 (7).jpg,1,0.9926127429655195
970 (8).jpg,1,0.9909405693733677
970 (9).jpg,1,0.9919795072540808
970.jpg,1,0.987893592400823
971 (10).jpg,0,0.1304398867472889
971 (2).jpg,1,0.9906211918851996
971 (3).jpg,1,0.9918900303850795
971 (4).jpg,1,0.9924872068104532
971 (5).jpg,1,0.9883717378628184
971 (6).jpg,1,0.9915660785884381
971 (7).jpg,1,0.9914110168240943
971 (8).jpg,0,0.23529794034368326
971 (9).jpg,1,0.989472603335907
971.jpg,1,0.9911153894794715
972 (10).jpg,1,0.9867274289694348
972 (2).jpg,1,0.9636139405355714
972 (3).jpg,1,0.9917898284713798
972 (4).jpg,1,0.992160231244613
972 (5).jpg,1,0.9913236146252409
972 (6).jpg,1,0.9901157551323644
972 (7).jpg,1,0.9925960109817006
972 (8).jpg,1,0.9892626320780025
972 (9).jpg,1,0.9920641048406295
972.jpg,1,0.9407293876298903
973 (10).jpg,1,0.9921969995735432
973 (2).jpg,1,0.9913032396182307
973 (3).jpg,1,0.9909454777191975
973 (4).jpg,1,0.9903740942709665
973 (5).jpg,1,0.9910228691030821
973 (6).jpg,0,0.17475772539946732
973 (7).jpg,1,0.9916222921257674
973 (8).jpg,1,0.990625126515262
973 (9).jpg,1,0.9158782720639708
973.jpg,1,0.9885168611796717
974 (10).jpg,1,0.9876765801862537
974 (2).jpg,1,0.9913071506661841
974 (3).jpg,1,0.47991707241155357
974 (4).jpg,1,0.9886149683175244
974 (5).jpg,1,0.9906336343883084
974 (6).jpg,1,0.9873030608409349
974 (7).jpg,1,0.9926089047518509
974 (8).jpg,1,0.9922868783212749
974 (9).jpg,1,0.9772588504316227
974.jpg,1,0.992216667457811
975 (10).jpg,1,0.9919742811810814
975 (2).jpg,1,0.9881760508612393
975 (3).jpg,1,0.9716452500371251
975 (4).jpg,1,0.9922865500996604
975 (5).jpg,1,0.991139947961295
975 (6).jpg,1,0.9878202238020651
975 (7).jpg,1,0.9924895904826314
975 (8).jpg,1,0.9917562663672287
975 (9).jpg,1,0.9894704119393894
975.jpg,0,0.010480691481384103
976 (10).jpg,1,0.9899156474273376
976 (2).jpg,1,0.9904457648677095
976 (3).jpg,1,0.990474310692804
976 (4).jpg,1,0.8453271274424068
976 (5).jpg,1,0.9920127855143748
976 (6).jpg,1,0.9915548222663851
976 (7).jpg,1,0.9907503558524624
976 (8).jpg,1,0.9910420321669361
976 (9).jpg,1,0.9892046294505007
976.jpg,1,0.9824657260977854
977 (10).jpg,1,0.9887581434333883
977 (2).jpg,1,0.9923435791971735
977 (3).jpg,1,0.982195545516011
977 (4).jpg,1,0.992436257724589
977 (5).jpg,1,0.9925006954791306
977 (6).jpg,1,0.9911145075378158
977 (7).jpg,1,0.9926041658699052
977 (8).jpg,1,0.9907956798439187
977 (9).jpg,1,0.9827613757882163
977.jpg,1,0.9915299575478832
978 (10).jpg,1,0.9907244886221981
978 (2).jpg,1,0.9834437233204846
978 (3).jpg,1,0.9901341333030949
978 (4).jpg,1,0.9921177635978555
978 (5).jpg,1,0.9925546853787977
978 (6).jpg,1,0.9924961341503614
978 (7).jpg,1,0.9926043684093969
978 (8).jpg,1,0.9921627364241529
978 (9).jpg,1,0.9911091399973484
978.jpg,1,0.9858227014788951
979 (10).jpg,1,0.9843674408670511
979 (2).jpg,1,0.9875153380924162
979 (3).jpg,1,0.9838058326839809
979 (4).jpg,1,0.9868723540633668
979 (5).jpg,1,0.9336907105181285
979 (6).jpg,1,0.9902589789691283
979 (7).jpg,1,0.992598182574957
979 (8).jpg,0,0.42461430892019897
979 (9).jpg,1,0.9917352666882083
979.jpg,1,0.9145165260255164
98 (10).jpg,1,0.9626218183720857
98 (2).jpg,1,0.9924917120021366
98 (3).jpg,1,0.9919949303605025
98 (4).jpg,1,0.991423957283162
98 (5).jpg,1,0.9924590787479076
98 (6).jpg,1,0.9818185852187985
98 (7).jpg,1,0.9925781464419983
98 (8).jpg,1,0.9866487929988145
98 (9).jpg,1,0.9902373066727969
98.jpg,1,0.9896180408332049
980 (10).jpg,1,0.9901919284892012
980 (2).jpg,1,0.9699311780322071
980 (3).jpg,1,0.9904926502954247
980 (4).jpg,0,0.3671124826960694
980 (5).jpg,1,0.9923656842360224
980 (6).jpg,1,0.9887555795568467
980 (7).jpg,1,0.9925699642265345
980 (8).jpg,1,0.9737338801218008
980 (9).jpg,1,0.9778647870052549
980.jpg,1,0.9771223762934176
981 (10).jpg,1,0.9897341991586782
981 (2).jpg,1,0.991451230443027
981 (3).jpg,1,0.9905161504748164
981 (4).jpg,1,0.9925544456850727
981 (5).jpg,1,0.9869806066450174
981 (6).jpg,1,0.9890838403352886
981 (7).jpg,1,0.9922853065328371
981 (8).jpg,1,0.9925525015554809
981 (9).jpg,1,0.9913736041277419
981.jpg,1,0.9917445044664215
982 (10).jpg,1,0.9915860350323441
982 (2).jpg,1,0.9923903492003388
982 (3).jpg,1,0.964228538725739
982 (4).jpg,1,0.9916164111974589
982 (5).jpg,1,0.9921758634488078
982 (6).jpg,1,0.8122280598162234
982 (7).jpg,1,0.9921211510287811
982 (8).jpg,1,0.9914849079725313
982 (9).jpg,1,0.9921823522787783
982.jpg,1,0.9911852173735098
983 (10).jpg,1,0.9921728794650166
983 (2).jpg,1,0.9907176610442361
983 (3).jpg,1,0.9912444905080142
983 (4).jpg,1,0.9912075431359789
983 (5).jpg,1,0.9922345677310024
983 (6).jpg,1,0.9911954794197132
983 (7).jpg,1,0.9925120733938226
983 (8).jpg,1,0.9913878138292608
983 (9).jpg,1,0.9852824070956094
983.jpg,1,0.9902552778431447
984 (10).jpg,1,0.9914253746356655
984 (2).jpg,1,0.9769721770449474
984 (3).jpg,1,0.9918947461723602
984 (4).jpg,1,0.9870715588045147
984 (5).jpg,1,0.9893123470123751
984 (6).jpg,1,0.9921944903664683
984 (7).jpg,1,0.9924842067559275
984 (8).jpg,1,0.9923215692191321
984 (9).jpg,1,0.7615190957759541
984.jpg,1,0.9858025831991724
985 (10).jpg,1,0.9923384508127717
985 (2).jpg,1,0.9887785621049657
985 (3).jpg,1,0.9894243855912211
985 (4).jpg,1,0.9816384819655946
985 (5).jpg,1,0.9912725686315373
985 (6).jpg,1,0.9912778874792474
985 (7).jpg,1,0.9921719064692961
985 (8).jpg,1,0.9891091528990982
985 (9).jpg,1,0.9914973781922589
985.jpg,1,0.9916428344632446
986 (10).jpg,1,0.9916825582011354
986 (2).jpg,1,0.991599749582715
986 (3).jpg,1,0.9907505882445166
986 (4).jpg,1,0.9897430029419099
986 (5).jpg,0,0.25698119652248647
986 (6).jpg,1,0.9922553102560548
986 (7).jpg,1,0.9921783587956192
986 (8).jpg,1,0.9923066337616929
986 (9).jpg,1,0.9820625583677925
986.jpg,1,0.9918708301392366
987 (10).jpg,1,0.9920986593932121
987 (2).jpg,1,0.9904682860146758
987 (3).jpg,1,0.9848762638691343
987 (4).jpg,1,0.9925216899424262
987 (5).jpg,1,0.9912967487337527
987 (6).jpg,1,0.9851888328626506
987 (7).jpg,1,0.9926246855513338
987 (8).jpg,1,0.9873237963657706
987 (9).jpg,1,0.9914776960470583
987.jpg,1,0.9849195345896122
988 (10).jpg,1,0.9921943778517999
988 (2).jpg,1,0.9920234180509251
988 (3).jpg,1,0.9913212902389901
988 (4).jpg,1,0.9909699689870866
988 (5).jpg,1,0.9921085067912918
988 (6).jpg,1,0.9923122227332479
988 (7).jpg,1,0.9926137207137885
988 (8).jpg,1,0.9874395755113748
988 (9).jpg,1,0.9917627540336038
988.jpg,1,0.9809359324629275
989 (10).jpg,1,0.9851849886717983
989 (2).jpg,1,0.9915992828029505
989 (3).jpg,1,0.990476949105317
989 (4).jpg,1,0.9895236554935807
989 (5).jpg,1,0.9924304679055664
989 (6).jpg,1,0.9849354085282372
989 (7).jpg,1,0.9925518333779112
989 (8).jpg,1,0.989429710012313
989 (9).jpg,1,0.9915915474559315
989.jpg,1,0.9862359780484604
99 (10).jpg,1,0.9445816302129646
99 (2).jpg,1,0.9922423589697547
99 (3).jpg,1,0.9918755518082907
99 (4).jpg,1,0.9795801520118826
99 (5).jpg,1,0.9767554741949069
99 (6).jpg,1,0.9907621973257892
99 (7).jpg,1,0.9925427490122952
99 (8).jpg,1,0.9890999887020525
99 (9).jpg,1,0.9820475901274741
99.jpg,1,0.9910036608688669
990 (10).jpg,1,0.9914594357295274
990 (2).jpg,1,0.9905918701374851
990 (3).jpg,1,0.9475723086239771
990 (4).jpg,1,0.9920970055736275
990 (5).jpg,1,0.9914039703785589
990 (6).jpg,1,0.991516650768812
990 (7).jpg,1,0.992615554622958
990 (8).jpg,1,0.99239646779655
990 (9).jpg,1,0.9920188035357496
990.jpg,1,0.9923055258987207
991 (10).jpg,1,0.9854523895956978
991 (2).jpg,1,0.9894396218006748
991 (3).jpg,1,0.7579566480962114
991 (4).jpg,1,0.9924249427920256
991 (5).jpg,1,0.9855300097531448
991 (6).jpg,1,0.9901695910207382
991 (7).jpg,1,0.9924151703531611
991 (8).jpg,1,0.9921549330646331
991 (9).jpg,1,0.9906635842199201
991.jpg,1,0.9910484829658477
992 (10).jpg,1,0.9911933552422714
992 (2).jpg,1,0.6693021693693542
992 (3).jpg,1,0.979814298374241
992 (4).jpg,1,0.9923035080564218
992 (5).jpg,1,0.9913242076882721
992 (6).jpg,1,0.9924228439420998
992 (7).jpg,1,0.9923727349761876
992 (8).jpg,1,0.9925665405342454
992 (9).jpg,1,0.9433569084587141
992.jpg,1,0.9881672448357554
993 (10).jpg,1,0.9917551794059464
993 (2).jpg,1,0.9917230101847202
993 (3).jpg,1,0.9900186508962061
993 (4).jpg,1,0.9924492923647508
993 (5).jpg,1,0.8782593310031981
993 (6).jpg,1,0.9923026703835868
993 (7).jpg,1,0.9925459282019508
993 (8).jpg,0,0.02396696206519759
993 (9).jpg,1,0.989413317439668
993.jpg,1,0.9900748479068373
994 (10).jpg,1,0.9844911810569642
994 (2).jpg,1,0.9678802999458349
994 (3).jpg,1,0.9916455244591094
994 (4).jpg,1,0.49711470845738864
994 (5).jpg,1,0.9901567391076411
994 (6).jpg,1,0.9903925763553718
994 (7).jpg,1,0.9924669018724964
994 (8).jpg,1,0.9825596439218047
994 (9).jpg,1,0.9919637248424168
994.jpg,1,0.7490472246360306
995 (10).jpg,1,0.9918496461298317
995 (2).jpg,1,0.9917098508878827
995 (3).jpg,1,0.9839579426661083
995 (4).jpg,1,0.9923403928178549
995 (5).jpg,1,0.9875426738927191
995 (6).jpg,1,0.992351603788878
995 (7).jpg,1,0.9926206496151891
995 (8).jpg,1,0.9925358566701453
995 (9).jpg,1,0.9742051223516269
995.jpg,1,0.9897288051417444
996 (10).jpg,1,0.9909565676562018
996 (2).jpg,1,0.9913730442013556
996 (3).jpg,1,0.9701291668970011
996 (4).jpg,1,0.9920276499177256
996 (5).jpg,1,0.9860418885283333
996 (6).jpg,1,0.9925336535963214
996 (7).jpg,1,0.9925198419188888
996 (8).jpg,1,0.9925535066751656
996 (9).jpg,1,0.9912995089706058
996.jpg,1,0.9866722505167645
997 (10).jpg,1,0.9905979278099911
997 (2).jpg,1,0.9821584998939848
997 (3).jpg,1,0.9919712319721826
997 (4).jpg,1,0.992469694122656
997 (5).jpg,1,0.9892223136793052
997 (6).jpg,1,0.9917970801259045
997 (7).jpg,1,0.9925429618026308
997 (8).jpg,1,0.991697946433481
997 (9).jpg,1,0.9923555678449837
997.jpg,1,0.9911183801357828
998 (10).jpg,1,0.992386938092807
998 (2).jpg,1,0.9749379206483952
998 (3).jpg,1,0.9784154873114014
998 (4).jpg,1,0.9893730393572828
998 (5).jpg,1,0.9595765940631403
998 (6).jpg,1,0.9852810298897031
998 (7).jpg,1,0.9923601610874181
998 (8).jpg,1,0.9923408399636495
998 (9).jpg,1,0.9918411282736149
998.jpg,1,0.9923948030022903
999 (10).jpg,1,0.8638056073416861
999 (2).jpg,1,0.9916976115563219
999 (3).jpg,1,0.9840744104271446
999 (4).jpg,1,0.9918211568623571
999 (5).jpg,1,0.9814187215595682
999 (6).jpg,1,0.9857489889667943
999 (7).jpg,1,0.9921060901091102
999 (8).jpg,1,0.9919493698712801
999 (9).jpg,1,0.9887812076789129
999.jpg,1,0.9920891693441973
